timestamp,temperature_c,humidity_pct,precipitation_mm,pressure_hpa,wind_speed_kmh,wind_direction_deg,cloud_cover_pct,nwp_gfs_temperature_c,nwp_gfs_humidity_pct,nwp_gfs_precipitation_mm,nwp_gfs_pressure_hpa,nwp_gfs_wind_speed_kmh,nwp_gfs_wind_direction_deg,nwp_gfs_cloud_cover_pct,nwp_ecmwf_temperature_c,nwp_ecmwf_humidity_pct,nwp_ecmwf_precipitation_mm,nwp_ecmwf_pressure_hpa,nwp_ecmwf_wind_speed_kmh,nwp_ecmwf_wind_direction_deg,nwp_ecmwf_cloud_cover_pct,nwp_jma_temperature_c,nwp_jma_humidity_pct,nwp_jma_precipitation_mm,nwp_jma_pressure_hpa,nwp_jma_wind_speed_kmh,nwp_jma_wind_direction_deg,nwp_jma_cloud_cover_pct,wu_temperature_c,wu_humidity_pct,wu_wind_speed_kmh,weather_union_available
2026-07-03 00:00:00+00:00,28.0,88.94,0.0,1001.016884,9.26,66,95,31.4,62,0.0,976.6,9.0,92,49,27.1,93,0.0,977.0,6.6,81,91,28.2,82,0.4,976.7,8.0,85,92,,,,0
2026-07-03 01:00:00+00:00,28.5,86.435,0.0,1002.0328010000001,9.26,76,96,31.3,62,0.0,977.0,8.3,88,16,27.9,89,0.0,977.2,5.9,76,97,28.6,80,0.0,976.7,7.2,84,89,,,,0
2026-07-03 02:00:00+00:00,29.0,83.93,0.0,1003.048718,11.112,81,98,31.9,60,0.0,977.3,8.3,92,9,29.2,82,0.0,977.6,5.0,69,96,29.3,77,0.0,976.9,5.9,79,86,,,,0
2026-07-03 03:00:00+00:00,30.5,77.03999999999999,0.0,1003.048718,12.038,85,94,33.0,55,0.0,977.5,8.4,100,14,30.4,75,0.0,977.9,3.9,68,95,30.2,73,0.0,977.0,4.5,76,81,,,,0
2026-07-03 04:00:00+00:00,31.0,72.685,0.0,1003.048718,10.186,99,71,34.2,50,0.0,977.7,8.9,117,20,31.6,68,0.1,978.0,2.5,90,95,31.1,69,0.0,977.1,3.1,69,76,,,,0
2026-07-03 05:00:00+00:00,32.0,66.77,0.1,1002.5407595,8.334,125,63,35.6,45,0.0,977.5,9.9,134,49,32.8,61,0.1,977.9,3.1,144,95,32.0,65,0.0,977.1,1.8,53,71,,,,0
2026-07-03 06:00:00+00:00,33.0,59.35,0.1,1002.0328010000001,6.482,160,92,36.2,43,0.0,977.1,10.4,136,54,33.7,56,0.1,977.7,4.1,165,95,32.7,62,0.0,976.9,1.5,45,65,,,,0
2026-07-03 07:00:00+00:00,32.5,64.83,0.3,1002.0328010000001,14.816,165,97,36.0,44,0.0,976.3,11.5,131,100,34.0,54,0.0,977.1,4.4,171,96,33.2,60,0.0,976.5,1.8,53,58,,,,0
2026-07-03 08:00:00+00:00,34.5,57.985,0.0,1001.5248425,10.186,155,100,36.4,42,0.0,975.2,8.8,125,100,34.1,54,0.0,976.2,4.0,170,99,33.6,59,0.0,975.8,2.7,67,49,,,,0
2026-07-03 09:00:00+00:00,35.0,56.38,0.0,1000.5089255,12.038,173,100,37.7,39,0.0,974.6,6.8,115,100,34.0,55,0.0,975.6,4.0,170,100,34.0,58,0.0,975.1,4.2,70,40,,,,0
2026-07-03 10:00:00+00:00,34.5,57.985,0.0,1000.0009670000001,10.186,193,100,38.5,36,0.0,973.8,5.6,105,100,33.9,56,0.0,974.9,4.4,171,100,34.2,57,0.0,974.3,5.6,75,31,,,,0
2026-07-03 11:00:00+00:00,33.0,66.85,0.0,998.98505,14.816,187,100,38.8,35,0.0,973.4,6.3,103,100,33.7,57,0.0,974.4,4.4,171,100,34.4,57,0.0,973.7,6.6,77,25,,,,0
2026-07-03 12:00:00+00:00,33.0,63.01,0.0,998.98505,14.816,180,100,37.7,38,0.0,973.5,4.7,99,100,33.3,60,0.0,974.1,4.7,171,100,34.4,57,0.0,973.4,7.3,81,23,,,,0
2026-07-03 13:00:00+00:00,33.0,63.01,0.0,998.98505,13.89,175,99,37.2,39,0.0,973.4,3.5,66,100,32.6,65,0.0,974.6,4.7,171,97,34.2,58,0.0,973.5,7.2,84,25,,,,0
2026-07-03 14:00:00+00:00,33.0,63.01,0.0,999.4930085000001,10.186,172,95,36.6,41,0.0,973.6,6.1,62,100,31.6,71,0.0,975.3,4.7,171,92,33.8,59,0.0,973.9,6.8,90,30,,,,0
2026-07-03 15:00:00+00:00,33.0,63.01,0.0,1000.5089255,10.186,165,100,36.1,43,0.0,974.1,9.7,63,100,30.9,75,0.0,975.9,4.8,167,90,33.3,60,0.0,974.3,6.6,99,38,,,,0
2026-07-03 16:00:00+00:00,32.0,66.65,0.0,1001.016884,8.334,150,100,35.6,44,0.0,974.2,12.3,69,100,30.7,76,0.0,976.1,4.7,157,92,32.7,62,0.0,974.9,6.0,107,47,,,,0
2026-07-03 17:00:00+00:00,32.0,66.65,0.0,1000.5089255,10.186,137,100,35.2,46,0.0,974.6,11.6,74,16,30.7,74,0.0,976.1,4.8,138,95,32.2,64,0.0,975.3,5.6,117,56,,,,0
2026-07-03 18:00:00+00:00,31.0,70.53,0.0,1000.0009670000001,10.186,135,98,34.6,47,0.0,975.1,9.2,79,32,30.7,73,0.0,976.1,4.9,126,98,31.8,65,0.0,975.6,5.5,122,63,,,,0
2026-07-03 19:00:00+00:00,31.0,70.53,0.0,1001.016884,9.26,103,94,34.4,48,0.0,975.2,11.6,83,72,30.5,72,0.0,976.1,4.7,113,99,31.5,66,0.0,975.6,5.2,124,70,,,,0
2026-07-03 20:00:00+00:00,31.0,70.53,0.0,1001.016884,9.26,90,97,34.0,49,0.0,975.1,12.2,92,34,30.3,72,0.0,976.0,4.7,94,100,31.3,67,0.0,975.5,5.2,124,77,,,,0
2026-07-03 21:00:00+00:00,30.0,79.24,0.0,1000.0009670000001,6.482,95,100,33.7,50,0.0,974.8,11.2,90,21,30.0,73,0.0,975.9,4.7,86,100,31.1,67,0.0,975.3,5.0,120,84,,,,0
2026-07-03 22:00:00+00:00,30.0,79.24,0.0,1000.0009670000001,6.482,108,100,33.7,50,0.0,974.5,10.5,86,43,29.6,76,0.0,975.8,4.3,85,100,30.9,68,0.0,975.1,4.8,117,91,,,,0
2026-07-03 23:00:00+00:00,30.0,79.24,0.0,1000.0009670000001,4.63,103,99,33.4,51,0.0,974.5,9.3,77,100,29.2,81,0.0,975.8,4.0,90,99,30.8,68,0.0,974.9,4.6,108,96,,,,0
2026-07-04 00:00:00+00:00,30.0,79.24,0.0,1000.0009670000001,3.704,124,98,33.0,53,0.0,975.1,5.9,76,100,29.2,83,0.0,975.8,4.0,100,98,30.8,69,0.0,974.8,4.0,100,100,,,,0
2026-07-04 01:00:00+00:00,30.0,79.24,0.0,1000.5089255,3.704,115,88,33.1,53,0.0,975.5,5.1,86,100,29.7,80,0.1,976.0,5.2,115,98,30.8,70,0.7,974.9,3.3,84,100,,,,0
2026-07-04 02:00:00+00:00,30.5,77.03999999999999,0.0,1001.5248425,7.408,108,97,33.4,52,0.0,975.6,5.5,101,100,30.5,75,0.1,976.3,6.5,124,98,31.0,71,0.7,975.0,2.9,60,100,,,,0
2026-07-04 03:00:00+00:00,32.5,68.785,0.2,1002.0328010000001,14.816,126,98,34.2,50,0.0,975.8,4.7,113,100,31.1,71,0.1,976.5,7.1,131,98,31.1,72,0.7,975.2,3.4,32,99,,,,0
2026-07-04 04:00:00+00:00,33.0,66.85,0.4,1001.016884,12.964,158,98,35.3,47,0.0,975.6,5.9,133,100,31.3,71,0.2,976.6,6.1,140,98,31.4,73,0.7,975.5,4.1,15,97,,,,0
2026-07-04 05:00:00+00:00,33.0,66.85,0.0,1001.016884,12.964,151,99,36.7,42,0.0,975.2,6.0,147,100,31.3,71,0.2,976.6,4.3,156,98,31.6,73,0.7,975.6,5.1,4,95,,,,0
2026-07-04 06:00:00+00:00,33.0,66.85,0.1,1001.016884,13.89,159,97,37.7,40,0.0,974.5,5.1,141,100,31.8,70,0.2,976.4,3.2,180,98,31.9,73,0.7,975.4,6.1,360,94,,,,0
2026-07-04 07:00:00+00:00,33.5,65.03999999999999,0.3,1000.0009670000001,11.112,207,98,38.9,36,0.0,973.6,3.1,144,100,33.2,64,0.1,975.7,2.4,207,99,32.2,72,0.4,975.0,6.8,360,94,,,,0
2026-07-04 08:00:00+00:00,33.0,64.94,0.1,1000.0009670000001,16.668,265,99,39.8,32,0.0,972.7,2.5,135,100,34.9,55,0.1,974.8,2.1,239,100,32.5,71,0.4,974.3,7.6,5,95,,,,0
2026-07-04 09:00:00+00:00,30.5,79.31,0.0,998.98505,16.668,294,99,39.9,32,0.0,972.0,4.7,122,100,36.0,51,0.1,974.0,2.6,286,100,32.9,69,0.4,973.5,8.0,10,97,,,,0
2026-07-04 10:00:00+00:00,31.5,73.015,0.1,998.4770915,12.964,306,100,39.0,33,0.0,971.3,6.4,117,100,35.6,54,0.1,973.4,4.6,315,100,33.3,67,0.4,972.8,8.5,12,98,,,,0
2026-07-04 11:00:00+00:00,33.0,64.92999999999999,0.1,997.9691329999999,11.112,326,99,39.1,33,0.0,970.9,5.5,101,100,34.5,60,0.1,973.0,7.1,330,99,33.5,65,0.4,972.2,8.7,17,99,,,,0
2026-07-04 12:00:00+00:00,33.0,68.88,0.1,997.4611745,12.038,335,98,38.6,35,0.0,971.0,5.1,86,100,33.5,66,0.1,972.7,8.2,337,98,33.7,64,0.4,971.8,8.4,20,100,,,,0
2026-07-04 13:00:00+00:00,33.0,68.88,0.0,996.9532160000001,9.26,9,98,38.4,35,0.0,971.0,1.8,79,100,32.8,71,0.0,972.7,5.9,349,98,33.6,63,0.0,971.8,7.4,23,100,,,,0
2026-07-04 14:00:00+00:00,32.0,70.72,0.0,996.9532160000001,4.63,76,95,38.0,36,0.0,971.4,1.6,153,100,32.2,76,0.0,973.1,2.8,40,98,33.5,63,0.0,972.0,6.1,28,100,,,,0
2026-07-04 15:00:00+00:00,32.0,68.685,0.0,996.9532160000001,6.482,85,97,37.8,37,0.0,972.1,3.3,131,100,31.7,79,0.0,973.4,4.0,90,98,33.3,63,0.0,972.5,4.4,35,100,,,,0
2026-07-04 16:00:00+00:00,32.0,68.685,0.0,997.9691329999999,4.63,132,99,37.6,37,0.0,972.6,3.4,108,75,31.5,80,0.0,973.8,4.7,86,96,33.0,63,0.0,972.8,2.8,50,100,,,,0
2026-07-04 17:00:00+00:00,32.0,70.72,0.0,998.4770915,3.704,120,99,37.4,38,0.0,973.0,3.4,72,65,31.4,79,0.0,974.2,5.0,69,94,32.7,64,0.0,973.2,1.8,79,100,,,,0
2026-07-04 18:00:00+00:00,32.0,70.72,0.0,998.98505,4.63,66,94,36.6,41,0.0,973.1,6.8,25,32,31.2,79,0.0,974.5,5.2,56,92,32.4,65,0.0,973.5,1.8,101,96,,,,0
2026-07-04 19:00:00+00:00,31.5,72.78,0.0,998.98505,3.704,35,96,36.1,43,0.0,973.0,8.4,43,6,30.9,80,0.0,974.3,5.4,48,91,32.0,67,0.1,973.5,1.8,101,90,,,,0
2026-07-04 20:00:00+00:00,31.0,74.84,0.0,998.98505,3.704,16,86,35.6,44,0.0,972.7,8.3,56,11,30.5,83,0.0,974.1,5.4,37,90,31.6,69,0.1,973.5,2.2,81,81,,,,0
2026-07-04 21:00:00+00:00,31.0,74.84,0.0,998.4770915,3.704,34,73,35.3,45,0.1,972.4,6.6,68,12,30.1,85,0.0,973.9,5.4,37,89,31.1,72,0.1,973.5,2.7,67,70,,,,0
2026-07-04 22:00:00+00:00,30.5,79.44,0.0,997.9691329999999,3.704,120,92,35.2,46,0.0,972.5,6.4,74,52,29.5,89,0.7,973.9,5.1,51,89,30.7,74,0.1,973.4,3.6,53,60,,,,0
2026-07-04 23:00:00+00:00,30.0,84.04,0.5,998.98505,5.556,123,97,35.1,46,0.0,972.7,7.0,69,100,28.8,92,0.7,974.1,5.2,78,90,30.4,76,0.1,973.4,4.3,48,51,,,,0
2026-07-05 00:00:00+00:00,30.0,84.04,0.1,998.98505,5.556,101,91,34.8,47,0.0,973.3,8.4,80,12,28.8,93,0.7,974.3,5.8,94,91,30.3,77,0.1,973.5,4.6,45,44,,,,0
2026-07-05 01:00:00+00:00,29.5,86.53,0.0,998.98505,4.63,87,77,34.7,48,0.0,973.8,9.1,81,5,29.8,87,0.0,974.6,5.9,104,93,30.5,77,0.1,973.7,4.3,48,39,,,,0
2026-07-05 02:00:00+00:00,31.5,77.195,0.0,999.4930085000001,8.334,93,86,35.0,47,0.0,974.2,9.0,85,48,31.4,79,0.0,975.1,5.8,112,94,30.8,76,0.1,974.0,3.9,56,36,,,,0
2026-07-05 03:00:00+00:00,33.5,68.985,0.0,1000.0009670000001,12.038,99,95,35.8,45,0.0,974.4,8.0,98,91,32.5,72,0.0,975.4,5.4,110,95,31.2,74,0.1,974.5,3.5,66,34,,,,0
2026-07-05 04:00:00+00:00,34.5,65.25,0.0,1000.0009670000001,11.112,118,66,37.0,41,0.0,974.3,7.6,115,63,32.8,70,0.3,975.7,4.3,90,93,31.7,72,0.1,974.7,3.0,76,33,,,,0
2026-07-05 05:00:00+00:00,36.0,56.62,0.2,1000.0009670000001,12.964,102,93,38.3,38,0.0,974.1,5.9,128,44,32.7,70,0.3,975.8,4.6,51,90,32.2,69,0.1,974.9,2.9,97,33,,,,0
2026-07-05 06:00:00+00:00,30.0,76.97,2.5,1000.0009670000001,14.816,30,98,39.4,34,0.0,973.8,6.0,163,41,32.5,70,0.3,975.7,5.7,35,88,32.7,67,0.1,974.9,2.6,106,35,,,,0
2026-07-05 07:00:00+00:00,28.0,83.82,0.0,998.98505,16.668,13,95,40.4,31,0.0,973.1,5.8,180,100,32.4,71,0.3,975.2,5.9,38,92,33.2,64,0.3,974.5,2.3,108,39,,,,0
2026-07-05 08:00:00+00:00,28.5,86.435,0.2,999.4930085000001,16.668,83,100,41.0,29,0.0,972.5,6.6,171,100,32.2,73,0.3,974.3,5.6,50,98,33.8,61,0.3,973.8,1.9,112,45,,,,0
2026-07-05 09:00:00+00:00,27.0,88.86,0.2,998.98505,6.482,89,98,41.5,28,0.0,971.8,7.6,172,100,32.0,74,0.3,973.6,5.8,60,96,34.5,57,0.3,973.0,1.6,117,53,,,,0
2026-07-05 10:00:00+00:00,28.0,86.38,0.0,997.4611745,9.26,82,98,41.8,27,0.0,971.2,8.3,182,100,31.9,73,0.0,973.0,5.6,63,78,35.0,54,0.3,972.2,1.1,108,61,,,,0
2026-07-05 11:00:00+00:00,28.0,88.94,0.0,996.4452575,7.408,63,88,42.1,26,0.0,970.6,8.1,193,43,31.8,71,0.0,972.5,5.6,63,53,35.4,52,0.3,971.6,1.1,108,69,,,,0
2026-07-05 12:00:00+00:00,29.0,83.93,0.0,996.9532160000001,9.26,82,79,41.3,29,0.0,971.0,4.6,135,83,31.6,71,0.0,972.3,5.5,67,40,35.6,51,0.3,971.3,1.3,124,75,,,,0
2026-07-05 13:00:00+00:00,29.5,79.305,0.0,996.9532160000001,5.556,61,92,40.5,31,0.0,971.2,6.9,118,11,31.3,74,0.0,972.8,6.2,83,53,35.4,52,0.0,971.4,2.0,135,81,,,,0
2026-07-05 14:00:00+00:00,29.5,79.305,0.0,997.9691329999999,10.186,89,96,39.5,34,0.0,971.8,11.9,92,100,30.8,78,0.0,973.7,7.2,96,78,35.1,54,0.0,971.8,3.1,144,87,,,,0
2026-07-05 15:00:00+00:00,29.0,83.93,0.0,998.4770915,11.112,116,96,37.8,39,0.2,972.6,13.3,88,100,30.4,81,0.0,974.5,8.2,105,97,34.5,57,0.0,972.5,4.4,145,93,,,,0
2026-07-05 16:00:00+00:00,29.0,83.93,0.0,998.98505,9.26,114,98,37.4,40,0.3,973.3,13.1,69,100,30.3,81,0.0,974.8,7.6,109,100,33.9,60,0.0,973.1,5.7,145,98,,,,0
2026-07-05 17:00:00+00:00,29.0,79.1,0.0,998.98505,7.408,100,98,37.3,40,0.0,973.7,15.9,85,100,30.2,81,0.0,974.8,6.1,118,100,33.2,64,0.0,973.7,6.7,144,100,,,,0
2026-07-05 18:00:00+00:00,29.0,81.515,0.0,1000.0009670000001,8.334,114,99,35.5,47,0.0,974.1,13.0,118,100,30.1,80,0.0,974.8,5.2,124,98,32.7,67,0.0,974.1,7.2,143,100,,,,0
2026-07-05 19:00:00+00:00,29.0,83.93,0.0,999.4930085000001,8.334,115,100,34.9,49,0.0,974.2,15.8,139,100,30.0,79,0.0,974.9,5.1,129,95,32.1,70,1.0,974.2,6.9,141,95,,,,0
2026-07-05 20:00:00+00:00,29.0,83.93,0.0,1000.0009670000001,14.816,113,99,33.7,52,0.0,973.9,16.1,141,99,29.9,79,0.0,974.9,5.6,130,92,31.3,74,1.0,974.2,6.4,137,87,,,,0
2026-07-05 21:00:00+00:00,29.0,83.93,0.0,998.98505,14.816,123,94,33.3,53,0.0,973.5,13.2,145,67,29.5,80,0.0,974.8,5.7,125,90,30.6,78,1.0,974.1,5.4,127,76,,,,0
2026-07-05 22:00:00+00:00,29.0,83.93,0.0,998.98505,13.89,129,89,33.2,54,0.0,973.5,15.1,140,100,28.5,85,0.0,974.6,5.8,112,92,30.0,81,1.0,974.0,4.8,117,65,,,,0
2026-07-05 23:00:00+00:00,29.0,83.93,0.0,998.98505,11.112,174,83,33.1,54,0.0,973.4,12.5,134,100,27.3,92,0.0,974.5,6.1,93,95,29.5,83,1.0,973.9,4.1,105,55,,,,0
2026-07-06 00:00:00+00:00,29.0,83.93,0.0,998.98505,12.964,88,98,32.8,55,0.0,974.0,10.9,124,19,26.8,96,0.0,974.5,6.5,84,98,29.4,84,1.0,973.9,4.0,95,48,,,,0
2026-07-06 01:00:00+00:00,29.0,83.93,0.0,998.98505,12.038,58,99,33.0,53,0.0,974.5,11.1,119,100,27.7,93,0.0,975.0,6.2,83,100,29.6,83,0.1,974.1,4.0,95,43,,,,0
2026-07-06 02:00:00+00:00,29.5,81.58500000000001,0.0,1000.0009670000001,11.112,59,98,33.6,51,0.0,974.8,9.5,115,100,29.2,87,0.0,975.6,5.1,86,100,30.1,80,0.1,974.4,3.6,96,40,,,,0
2026-07-06 03:00:00+00:00,31.5,72.78,0.0,1000.0009670000001,8.334,81,97,34.5,48,0.0,975.1,11.3,121,31,30.8,80,0.0,976.0,4.4,99,96,30.9,77,0.1,974.8,3.7,101,38,,,,0
2026-07-06 04:00:00+00:00,33.0,66.85,0.0,1000.5089255,5.556,111,99,35.7,43,0.0,975.3,11.4,118,29,32.1,71,0.0,976.2,4.7,122,72,31.7,73,0.1,975.1,3.8,107,36,,,,0
2026-07-06 05:00:00+00:00,33.5,65.03999999999999,0.1,1001.016884,10.186,131,93,37.0,38,0.0,974.9,11.2,111,59,33.5,61,0.0,976.3,5.6,140,38,32.5,69,0.1,975.2,3.9,112,36,,,,0
2026-07-06 06:00:00+00:00,35.0,58.1,0.0,1000.5089255,12.038,144,15,37.8,33,0.0,974.8,10.4,124,56,34.6,53,0.0,976.1,6.3,149,14,33.1,66,0.1,975.2,3.8,107,35,,,,0
2026-07-06 07:00:00+00:00,35.5,54.870000000000005,0.0,1000.0009670000001,12.038,151,19,38.7,31,0.0,973.9,9.9,136,17,35.5,49,0.0,975.5,4.8,153,7,33.7,63,0.1,974.8,3.6,96,34,,,,0
2026-07-06 08:00:00+00:00,36.5,50.480000000000004,0.0,998.98505,8.334,297,42,39.6,29,0.0,973.2,9.1,146,12,36.2,48,0.0,974.5,2.4,153,10,34.3,60,0.1,974.1,4.1,75,34,,,,0
2026-07-06 09:00:00+00:00,37.0,49.065,0.0,998.4770915,8.334,280,23,39.8,29,0.0,972.9,13.1,143,7,36.5,49,0.0,973.8,0.8,117,13,34.9,57,0.1,973.3,5.0,60,34,,,,0
2026-07-06 10:00:00+00:00,37.0,53.705,0.0,997.9691329999999,14.816,286,48,39.9,28,0.0,972.0,16.8,138,7,36.2,52,0.1,973.2,2.2,90,16,35.4,54,0.1,972.5,6.1,50,35,,,,0
2026-07-06 11:00:00+00:00,34.0,68.07,0.0,996.9532160000001,16.668,279,56,39.6,28,0.0,971.1,15.0,136,7,35.5,58,0.1,972.6,4.7,94,20,35.7,52,0.1,971.9,7.1,45,38,,,,0
2026-07-06 12:00:00+00:00,34.0,67.06,0.0,996.9532160000001,11.112,119,16,38.9,30,0.0,971.4,9.9,123,6,34.7,63,0.1,972.4,6.1,93,22,35.8,51,0.1,971.6,7.9,39,42,,,,0
2026-07-06 13:00:00+00:00,34.0,63.23,0.4,996.9532160000001,7.408,143,11,38.5,31,0.0,971.6,7.7,118,0,33.9,68,0.0,972.6,5.4,86,18,35.5,52,0.3,971.8,8.5,36,50,,,,0
2026-07-06 14:00:00+00:00,34.0,67.06,0.0,997.9691329999999,6.482,229,18,38.0,33,0.0,972.3,4.5,104,0,33.0,73,0.0,973.2,4.2,70,12,35.0,54,0.3,972.2,8.6,33,62,,,,0
2026-07-06 15:00:00+00:00,34.0,63.23,0.0,997.9691329999999,5.556,5,11,37.6,34,0.0,972.8,5.5,23,5,32.2,77,0.0,973.8,3.4,58,9,34.3,57,0.3,972.8,8.7,30,75,,,,0
2026-07-06 16:00:00+00:00,34.0,63.23,0.0,997.9691329999999,5.556,83,13,37.1,36,0.0,973.3,10.5,22,0,31.8,78,0.0,974.3,3.1,69,9,33.5,60,0.3,973.6,8.9,27,87,,,,0
2026-07-06 17:00:00+00:00,33.5,65.03999999999999,0.0,998.98505,8.334,102,8,36.0,40,0.0,973.7,15.0,42,23,31.4,78,0.0,974.8,3.6,90,11,32.8,63,0.3,974.1,8.9,27,96,,,,0
2026-07-06 18:00:00+00:00,33.0,66.85,0.0,999.4930085000001,4.63,111,28,35.3,42,0.0,973.7,13.0,66,18,31.2,78,0.0,975.0,4.1,105,20,32.3,65,0.3,974.5,8.7,24,99,,,,0
2026-07-06 19:00:00+00:00,32.0,70.72,0.0,1000.0009670000001,6.482,90,55,35.0,44,0.0,974.0,12.3,85,10,31.0,78,0.0,974.9,4.2,121,42,32.0,66,0.0,974.4,8.4,25,95,,,,0
2026-07-06 20:00:00+00:00,31.0,77.11,0.0,999.4930085000001,5.556,94,100,34.7,45,0.0,973.8,12.1,102,5,30.9,79,0.0,974.6,4.6,135,70,31.7,66,0.0,974.3,7.6,25,86,,,,0
2026-07-06 21:00:00+00:00,31.0,79.38,0.0,998.98505,1.852,120,98,34.4,46,0.0,973.3,12.2,104,10,30.6,81,0.0,974.3,4.1,135,91,31.5,67,0.0,974.0,6.9,28,74,,,,0
2026-07-06 22:00:00+00:00,31.0,79.38,0.0,998.4770915,2.778,125,2,34.2,47,0.0,973.2,11.6,112,11,29.7,86,0.0,974.2,2.7,67,99,31.4,67,0.0,973.6,6.3,31,61,,,,0
2026-07-06 23:00:00+00:00,31.0,79.38,0.0,997.9691329999999,2.778,175,23,34.2,48,0.0,973.3,11.3,121,8,28.6,92,0.0,974.0,6.8,18,100,31.3,67,0.0,973.4,5.5,32,49,,,,0
2026-07-07 00:00:00+00:00,31.0,79.38,0.0,998.4770915,5.556,16,99,34.0,48,0.0,973.7,10.1,125,14,28.0,95,0.0,974.0,9.5,9,99,31.3,67,0.0,973.3,4.9,36,42,,,,0
2026-07-07 01:00:00+00:00,31.0,79.38,1.2,998.98505,1.852,360,98,34.1,47,0.0,974.4,9.9,134,57,28.3,94,0.4,974.5,6.9,354,98,31.3,68,0.3,973.4,4.4,35,39,,,,0
2026-07-07 02:00:00+00:00,32.0,75.01,0.1,998.98505,5.556,178,98,34.1,47,0.0,974.7,10.4,136,100,29.1,91,0.4,975.2,4.0,297,95,31.3,69,0.3,973.8,4.2,31,38,,,,0
2026-07-07 03:00:00+00:00,32.0,75.01,0.0,1000.0009670000001,5.556,245,96,34.3,46,0.0,974.9,8.4,140,100,29.9,86,0.4,975.6,5.7,252,93,31.4,70,0.3,974.1,3.5,24,38,,,,0
2026-07-07 04:00:00+00:00,32.5,72.96000000000001,0.0,1000.0009670000001,11.112,250,81,34.7,45,0.0,974.7,7.8,167,100,30.6,80,0.1,975.8,6.4,243,92,31.5,71,0.3,974.5,3.4,18,40,,,,0
2026-07-07 05:00:00+00:00,33.0,68.88,0.0,1000.0009670000001,11.112,224,93,36.3,41,0.0,974.6,5.5,191,97,31.2,73,0.1,975.6,6.0,245,92,31.7,71,0.3,974.7,3.3,13,42,,,,0
2026-07-07 06:00:00+00:00,34.5,61.525,0.0,998.98505,12.964,287,97,37.7,39,0.0,974.4,5.9,223,10,31.6,68,0.1,975.4,5.0,249,91,31.9,71,0.3,974.7,3.1,21,45,,,,0
2026-07-07 07:00:00+00:00,36.0,56.62,0.0,997.9691329999999,15.742,203,98,38.6,36,0.0,973.6,7.1,225,26,32.1,66,0.4,974.9,3.2,270,90,32.3,70,0.4,974.4,3.1,36,49,,,,0
2026-07-07 08:00:00+00:00,31.5,70.1,0.6,998.98505,18.52,307,98,39.6,34,0.1,973.0,5.8,158,46,32.4,65,0.4,974.3,2.6,326,88,32.7,67,0.4,973.9,3.7,61,54,,,,0
2026-07-07 09:00:00+00:00,28.0,81.38999999999999,0.2,1000.0009670000001,21.298000000000002,346,83,38.6,36,0.0,972.2,6.1,87,100,32.0,68,0.4,973.6,3.7,11,88,33.3,64,0.4,973.2,4.8,77,60,,,,0
2026-07-07 10:00:00+00:00,26.0,91.50999999999999,0.0,999.4930085000001,9.26,73,100,38.1,37,0.0,971.7,6.6,68,100,30.4,76,0.1,973.0,4.3,42,91,33.7,62,0.4,972.5,6.1,87,65,,,,0
2026-07-07 11:00:00+00:00,26.0,91.50999999999999,0.0,998.98505,7.408,96,100,37.5,39,0.1,971.5,6.2,69,100,28.1,87,0.1,972.4,6.0,65,96,34.1,60,0.4,971.9,7.2,93,70,,,,0
2026-07-07 12:00:00+00:00,26.0,94.24,0.0,997.4611745,11.112,89,100,35.4,46,0.0,972.0,14.0,132,100,26.5,95,0.1,972.1,7.0,78,100,34.1,59,0.4,971.7,8.0,95,74,,,,0
2026-07-07 13:00:00+00:00,26.0,94.24,3.1,996.9532160000001,8.334,80,100,34.0,52,0.0,971.8,14.0,145,90,26.3,97,1.9,972.5,6.5,84,100,33.9,60,0.0,971.6,8.0,98,76,,,,0
2026-07-07 14:00:00+00:00,26.5,91.55,1.6,996.9532160000001,11.112,282,100,33.2,55,0.0,972.3,12.4,144,98,26.8,96,1.9,973.3,4.7,86,100,33.4,63,0.0,971.9,7.3,101,76,,,,0
2026-07-07 15:00:00+00:00,26.5,91.55,1.0,996.9532160000001,12.964,92,100,32.9,57,0.0,972.4,13.2,133,94,27.2,95,1.9,974.0,3.6,90,100,32.8,66,0.0,972.3,6.3,103,76,,,,0
2026-07-07 16:00:00+00:00,27.0,88.86,0.5,998.4770915,8.334,103,100,33.2,55,0.0,972.9,13.0,129,70,27.1,95,0.2,974.2,3.6,90,100,32.1,69,0.0,972.8,5.7,108,75,,,,0
2026-07-07 17:00:00+00:00,27.0,88.86,0.1,998.98505,7.408,130,100,33.4,54,0.0,973.3,12.3,130,86,27.0,95,0.2,974.4,4.0,85,100,31.5,73,0.0,973.1,5.0,111,75,,,,0
2026-07-07 18:00:00+00:00,27.0,88.86,0.0,998.98505,3.704,95,98,32.8,55,0.0,973.5,7.6,135,100,26.9,95,0.2,974.4,3.8,73,100,31.0,75,0.0,973.3,4.6,108,75,,,,0
2026-07-07 19:00:00+00:00,27.0,88.86,0.0,998.98505,3.704,96,100,32.8,55,0.0,973.3,4.1,135,100,27.0,95,0.0,974.2,2.4,27,99,30.5,77,0.0,973.2,4.8,103,77,,,,0
2026-07-07 20:00:00+00:00,27.0,88.86,0.0,998.98505,5.556,310,100,32.7,55,0.0,972.9,5.1,86,100,27.1,94,0.0,973.9,4.4,325,98,30.1,78,0.0,973.1,5.4,94,79,,,,0
2026-07-07 21:00:00+00:00,27.0,88.86,0.0,997.9691329999999,6.482,323,99,32.6,55,0.0,972.8,7.3,70,89,27.1,94,0.0,973.6,6.6,319,97,29.7,79,0.0,972.9,6.5,87,82,,,,0
2026-07-07 22:00:00+00:00,27.0,88.86,0.0,997.9691329999999,9.26,9,97,32.3,57,0.0,972.8,11.2,75,92,26.8,95,0.7,973.4,7.3,340,98,29.4,80,0.0,972.7,7.3,79,84,,,,0
2026-07-07 23:00:00+00:00,27.0,88.86,0.0,997.4611745,10.186,26,100,32.0,59,0.0,972.9,11.5,88,100,26.4,95,0.7,973.3,8.3,5,99,29.2,80,0.0,972.5,8.6,75,86,,,,0
2026-07-08 00:00:00+00:00,26.0,94.24,0.5,997.9691329999999,6.482,30,100,30.7,64,0.0,973.0,12.1,63,100,26.2,96,0.7,973.4,9.8,24,100,29.1,80,0.0,972.4,9.4,72,86,,,,0
2026-07-08 01:00:00+00:00,26.0,94.24,1.5,997.9691329999999,10.186,33,100,30.4,65,0.0,973.2,13.0,62,100,26.3,96,1.5,973.6,10.2,39,100,29.2,79,0.3,972.6,10.4,70,85,,,,0
2026-07-08 02:00:00+00:00,26.0,94.24,0.9,998.98505,8.334,59,100,30.6,63,0.0,973.6,13.8,81,100,26.6,96,1.5,974.0,10.4,56,100,29.6,77,0.3,972.9,10.8,69,82,,,,0
2026-07-08 03:00:00+00:00,27.0,94.29,0.2,998.98505,10.186,69,100,31.0,62,0.1,973.8,11.9,85,100,26.9,95,1.5,974.3,10.8,69,100,30.0,75,0.3,973.2,11.8,67,79,,,,0
2026-07-08 04:00:00+00:00,28.0,88.94,0.1,998.98505,12.964,63,100,32.0,59,1.1,973.9,12.7,105,99,27.1,94,0.2,974.6,10.8,75,100,30.4,73,0.3,973.4,12.2,66,75,,,,0
2026-07-08 05:00:00+00:00,29.0,83.93,0.0,998.98505,15.742,70,100,32.1,59,0.9,973.9,12.6,114,85,27.2,92,0.2,974.8,9.9,80,100,30.7,72,0.3,973.6,12.4,64,73,,,,0
2026-07-08 06:00:00+00:00,30.0,79.24,0.1,998.98505,14.816,89,100,33.9,52,0.4,973.3,10.9,98,100,27.5,90,0.2,974.8,9.2,79,100,30.9,71,0.3,973.7,12.6,63,71,,,,0
2026-07-08 07:00:00+00:00,28.5,86.765,1.2,998.98505,12.038,61,100,34.8,49,0.7,972.8,11.9,85,99,28.2,85,0.6,974.2,8.6,68,100,30.9,71,0.0,973.4,12.2,62,71,,,,0
2026-07-08 08:00:00+00:00,26.0,97.12,0.1,998.98505,11.112,57,100,34.5,48,0.5,972.5,12.6,95,100,29.1,80,0.6,973.5,8.4,50,100,30.8,73,0.0,973.0,11.3,59,72,,,,0
2026-07-08 09:00:00+00:00,27.0,94.29,0.1,997.9691329999999,10.186,41,98,33.0,54,0.5,972.5,14.5,113,100,29.5,78,0.6,972.9,8.5,36,100,30.7,75,0.0,972.4,10.4,56,74,,,,0
2026-07-08 10:00:00+00:00,27.0,94.29,0.1,997.9691329999999,12.964,13,100,31.0,64,1.6,971.9,3.4,148,100,28.9,82,0.4,972.5,8.1,32,100,30.4,77,0.0,971.9,9.3,54,76,,,,0
2026-07-08 11:00:00+00:00,28.0,88.94,0.3,997.9691329999999,12.038,4,99,31.8,61,0.8,971.5,8.0,8,100,27.8,90,0.4,972.3,6.8,32,100,30.2,78,0.0,971.5,8.4,50,78,,,,0
2026-07-08 12:00:00+00:00,28.0,88.94,0.1,996.9532160000001,9.26,44,100,30.8,65,2.2,971.8,6.7,324,100,26.9,96,0.4,972.3,6.3,31,100,29.9,80,0.0,971.2,7.9,47,78,,,,0
2026-07-08 13:00:00+00:00,28.0,88.94,2.1,995.937299,7.408,360,100,30.8,65,2.1,972.2,7.2,360,100,26.5,97,1.1,972.4,6.9,28,100,29.7,81,0.8,971.3,7.7,41,76,,,,0
2026-07-08 14:00:00+00:00,28.0,88.94,0.7,996.9532160000001,7.408,25,100,30.4,67,2.4,972.4,6.5,3,100,26.4,96,1.1,972.8,8.4,25,100,29.4,82,0.8,971.7,7.7,37,73,,,,0
2026-07-08 15:00:00+00:00,27.5,83.91,0.2,997.9691329999999,14.816,33,100,30.4,66,0.6,973.0,9.6,13,100,26.4,95,1.1,973.1,9.4,23,100,29.1,83,0.8,972.2,7.8,34,69,,,,0
2026-07-08 16:00:00+00:00,27.0,91.575,0.6,998.4770915,4.63,27,100,30.1,68,0.2,973.5,9.0,2,100,26.3,95,1.9,973.3,9.9,19,100,28.8,84,0.8,972.6,7.9,30,66,,,,0
2026-07-08 17:00:00+00:00,27.0,94.29,1.0,998.98505,12.038,32,100,30.0,68,0.1,973.7,10.0,30,100,26.3,95,1.9,973.4,10.1,17,100,28.4,85,0.8,973.0,8.4,25,64,,,,0
2026-07-08 18:00:00+00:00,27.0,94.29,2.0,998.4770915,8.334,16,100,29.6,70,0.2,973.9,11.5,46,100,26.2,95,1.9,973.3,10.0,13,100,28.0,86,0.8,973.2,8.8,19,64,,,,0
2026-07-08 19:00:00+00:00,27.0,94.29,1.9,997.9691329999999,12.038,357,100,29.0,74,0.4,972.9,12.5,39,100,26.1,96,1.3,972.9,9.8,6,100,27.5,88,2.1,973.3,9.5,11,68,,,,0
2026-07-08 20:00:00+00:00,27.0,94.29,1.8,996.9532160000001,13.89,2,100,28.1,79,2.9,972.7,15.3,43,100,26.0,96,1.3,972.3,9.7,358,100,26.8,90,2.1,973.2,10.5,4,74,,,,0
2026-07-08 21:00:00+00:00,26.0,94.24,1.8,996.9532160000001,15.742,352,100,27.1,86,3.7,971.5,18.5,27,100,25.8,97,1.3,972.0,9.5,349,100,26.1,92,2.1,973.1,11.9,357,82,,,,0
2026-07-08 22:00:00+00:00,26.0,94.24,1.7,996.9532160000001,14.816,335,100,27.1,87,2.2,970.5,17.1,30,100,25.7,97,6.7,972.1,9.1,342,100,25.5,94,2.1,972.9,13.1,351,90,,,,0
2026-07-08 23:00:00+00:00,26.0,94.24,8.0,996.9532160000001,12.964,321,100,26.1,92,10.0,970.7,5.5,58,100,25.5,97,6.7,972.5,8.5,332,100,25.1,95,2.1,972.8,14.3,348,96,,,,0
2026-07-09 00:00:00+00:00,26.0,94.24,18.1,996.9532160000001,17.594,355,100,26.1,95,25.7,970.7,13.4,117,100,25.4,97,6.7,972.7,9.3,332,100,25.1,95,2.1,972.9,14.8,346,100,,,,0
2026-07-09 01:00:00+00:00,26.0,94.24,10.1,997.4611745,14.816,333,100,25.7,95,19.6,971.6,11.6,85,100,25.4,96,21.2,972.8,13.3,341,100,25.5,93,0.5,973.1,14.8,346,100,,,,0
2026-07-09 02:00:00+00:00,26.0,94.24,7.3,997.9691329999999,16.668,349,100,25.8,95,29.2,972.7,23.9,23,100,25.5,96,21.2,972.9,18.7,349,100,26.3,89,0.5,973.6,14.1,347,99,,,,0
2026-07-09 03:00:00+00:00,26.0,94.24,12.1,998.98505,20.372,2,100,25.4,94,22.1,973.9,19.0,15,100,25.5,95,21.2,973.1,21.8,352,100,27.3,84,0.5,974.1,13.2,349,96,,,,0
2026-07-09 04:00:00+00:00,26.0,94.24,15.1,1000.0009670000001,11.112,352,100,25.8,87,2.2,974.5,20.2,16,100,25.4,95,15.0,973.9,19.1,357,100,28.3,80,0.5,974.4,12.4,352,92,,,,0
2026-07-09 05:00:00+00:00,26.0,94.24,9.0,1000.0009670000001,19.446,331,100,26.1,83,0.2,974.9,20.7,13,100,25.1,95,15.0,974.9,14.1,3,100,29.3,75,0.5,974.8,11.2,354,88,,,,0
2026-07-09 06:00:00+00:00,26.0,91.50999999999999,8.1,1000.0009670000001,18.52,20,100,28.0,73,0.2,975.2,21.8,16,100,25.2,94,15.0,975.5,10.2,8,100,29.9,72,0.5,975.0,10.8,356,83,,,,0
2026-07-09 07:00:00+00:00,27.0,83.7,3.5,1000.0009670000001,16.668,327,100,28.8,69,0.0,974.7,21.0,16,100,25.9,91,1.5,975.2,9.4,358,100,30.3,70,0.0,974.8,10.8,358,77,,,,0
2026-07-09 08:00:00+00:00,27.0,83.7,1.2,1000.0009670000001,12.964,320,99,30.1,63,0.0,974.1,20.2,3,100,26.8,88,1.5,974.6,10.7,340,100,30.6,68,0.0,974.4,10.8,360,69,,,,0
2026-07-09 09:00:00+00:00,28.5,76.735,0.1,998.98505,16.668,335,100,30.3,63,0.0,973.6,20.2,355,100,27.6,84,1.5,974.1,12.2,332,100,30.8,67,0.0,973.9,10.8,2,61,,,,0
2026-07-09 10:00:00+00:00,29.0,74.51,0.0,998.98505,14.816,341,100,30.2,64,0.0,973.5,17.8,353,100,28.4,80,0.0,973.8,13.2,331,99,30.9,66,0.0,973.5,11.2,2,53,,,,0
2026-07-09 11:00:00+00:00,29.5,72.43,0.0,998.4770915,15.742,326,100,30.0,65,0.0,973.6,17.4,354,100,29.1,76,0.0,973.5,14.2,333,99,30.9,66,0.0,973.1,11.2,4,48,,,,0
2026-07-09 12:00:00+00:00,30.0,74.68,0.0,997.9691329999999,13.89,335,98,30.1,66,0.0,973.4,15.9,3,100,29.3,75,0.0,973.4,14.0,334,98,30.8,66,0.0,973.0,10.9,6,47,,,,0
2026-07-09 13:00:00+00:00,29.5,76.89,0.0,997.9691329999999,14.816,341,94,29.6,69,0.0,973.6,15.5,3,100,28.7,78,0.0,973.8,12.1,333,98,30.6,67,0.0,973.1,10.2,8,52,,,,0
2026-07-09 14:00:00+00:00,29.0,79.1,0.0,998.98505,11.112,348,88,29.1,70,0.0,973.6,13.8,7,11,27.7,84,0.0,974.4,9.5,331,99,30.3,69,0.0,973.6,9.6,13,62,,,,0
2026-07-09 15:00:00+00:00,29.0,79.1,0.0,1000.0009670000001,9.26,328,99,28.4,74,0.0,974.4,14.8,4,100,27.0,89,0.0,974.8,7.3,327,99,29.8,71,0.0,974.2,9.0,16,75,,,,0
2026-07-09 16:00:00+00:00,28.0,86.38,0.0,1000.0009670000001,10.186,358,99,27.8,77,0.0,975.2,10.8,21,100,27.0,92,0.0,975.1,6.8,328,98,29.3,74,0.0,974.8,8.2,23,87,,,,0
2026-07-09 17:00:00+00:00,28.0,86.38,0.0,1000.0009670000001,5.556,310,98,27.8,77,0.0,975.2,6.5,360,100,27.3,94,0.0,975.4,6.8,335,97,28.9,76,0.0,975.3,7.6,25,96,,,,0
2026-07-09 18:00:00+00:00,28.0,83.82,0.0,1001.016884,6.482,350,94,27.9,78,0.0,975.0,6.9,9,100,27.4,95,0.0,975.4,6.8,335,97,28.6,78,0.0,975.5,6.9,28,100,,,,0
2026-07-09 19:00:00+00:00,27.0,88.86,0.0,1000.0009670000001,10.186,345,99,27.9,78,0.0,974.6,5.7,342,100,27.0,96,0.0,975.1,6.9,332,99,28.3,80,0.5,975.5,6.4,27,97,,,,0
2026-07-09 20:00:00+00:00,27.0,88.86,0.0,1000.0009670000001,10.186,303,97,28.1,76,0.0,973.9,8.0,333,100,26.5,97,0.0,974.6,6.8,328,100,28.0,81,0.5,975.4,5.7,18,89,,,,0
2026-07-09 21:00:00+00:00,27.0,88.86,0.0,999.4930085000001,11.112,325,99,28.2,75,0.0,973.5,9.4,320,100,26.2,98,0.0,974.2,6.6,319,99,27.7,83,0.5,975.1,5.1,8,78,,,,0
2026-07-09 22:00:00+00:00,27.0,88.86,0.0,998.98505,8.334,307,98,28.1,76,0.0,973.7,9.7,321,34,26.3,98,0.0,974.2,6.0,303,85,27.6,84,0.5,974.8,5.1,356,66,,,,0
2026-07-09 23:00:00+00:00,27.0,88.86,0.0,998.98505,2.778,294,93,28.0,77,0.0,973.8,9.7,315,100,26.5,98,0.0,974.3,5.9,284,66,27.6,85,0.5,974.6,5.2,344,55,,,,0
2026-07-10 00:00:00+00:00,27.0,88.86,0.0,998.98505,8.334,263,59,28.2,77,0.0,973.7,10.7,303,100,26.9,97,0.0,974.5,6.5,273,53,27.8,84,0.5,974.5,5.3,332,47,,,,0
2026-07-10 01:00:00+00:00,27.0,88.86,0.3,1000.0009670000001,4.63,291,86,28.5,75,0.0,974.2,13.1,302,97,27.4,93,0.1,975.0,6.6,279,51,28.4,82,0.0,974.6,5.6,320,41,,,,0
2026-07-10 02:00:00+00:00,27.0,94.29,0.1,1000.0009670000001,8.334,356,94,29.3,71,0.0,974.9,11.0,308,11,28.1,88,0.1,975.5,6.8,295,54,29.2,79,0.0,975.0,6.1,310,37,,,,0
2026-07-10 03:00:00+00:00,27.5,91.61500000000001,0.2,1001.016884,9.26,299,59,30.5,64,0.0,975.1,15.1,303,22,28.8,83,0.1,975.9,7.7,307,58,30.1,75,0.0,975.5,6.8,302,34,,,,0
2026-07-10 04:00:00+00:00,29.0,81.515,0.0,1001.016884,16.668,318,77,31.9,58,0.0,975.7,16.5,316,15,29.7,79,0.1,976.2,8.9,313,62,31.2,71,0.0,975.8,7.6,295,31,,,,0
2026-07-10 05:00:00+00:00,29.5,79.16999999999999,0.0,1001.016884,16.668,350,84,33.1,54,0.0,975.6,16.4,331,100,30.6,75,0.1,976.4,10.0,319,65,32.2,67,0.0,976.1,8.2,293,28,,,,0
2026-07-10 06:00:00+00:00,31.0,72.685,0.0,1001.016884,16.668,320,65,33.8,51,0.0,975.4,16.6,336,100,31.4,72,0.1,976.2,11.0,322,63,33.0,64,0.0,976.1,8.6,292,26,,,,0
2026-07-10 07:00:00+00:00,32.0,66.65,0.0,1001.016884,17.594,322,41,34.4,47,0.0,974.7,18.6,328,100,32.1,69,0.0,975.8,11.8,322,49,33.7,61,0.0,975.7,9.2,296,24,,,,0
2026-07-10 08:00:00+00:00,32.0,66.65,0.0,1001.016884,15.742,329,13,34.9,45,0.0,974.1,20.6,324,100,32.8,66,0.0,975.2,12.1,323,30,34.6,57,0.0,975.0,9.7,301,21,,,,0
2026-07-10 09:00:00+00:00,32.5,63.0,0.0,1000.0009670000001,13.89,327,12,35.4,44,0.0,973.4,22.1,316,100,33.1,64,0.0,974.6,11.6,324,17,35.3,53,0.0,974.2,10.2,309,19,,,,0
2026-07-10 10:00:00+00:00,33.0,59.35,0.0,999.4930085000001,12.964,335,7,35.5,44,0.0,973.0,24.8,320,100,33.0,63,0.0,974.0,9.6,326,17,35.9,49,0.0,973.4,10.9,316,18,,,,0
2026-07-10 11:00:00+00:00,33.0,59.35,0.0,998.4770915,12.964,339,4,34.2,51,0.0,973.0,24.5,343,100,32.6,63,0.0,973.5,7.1,330,23,36.3,47,0.0,972.7,11.0,322,18,,,,0
2026-07-10 12:00:00+00:00,32.0,62.78,0.0,997.9691329999999,12.964,323,21,33.4,54,0.0,973.2,19.5,12,100,32.1,64,0.0,973.3,5.2,326,30,36.3,47,0.0,972.4,10.7,327,20,,,,0
2026-07-10 13:00:00+00:00,32.0,62.78,0.0,997.9691329999999,7.408,267,22,32.4,58,0.0,973.2,17.6,28,100,31.3,67,0.0,973.6,5.5,302,33,35.9,49,0.0,972.5,9.2,334,25,,,,0
2026-07-10 14:00:00+00:00,31.5,64.61,0.0,999.4930085000001,11.112,261,36,31.8,59,0.0,973.5,14.9,37,100,30.5,72,0.0,974.3,7.3,281,37,35.0,53,0.0,972.8,7.1,345,32,,,,0
2026-07-10 15:00:00+00:00,30.0,70.35,0.0,1000.0009670000001,19.446,266,66,31.2,62,0.0,974.1,11.5,46,76,29.7,77,0.0,974.8,9.0,275,45,33.8,58,0.0,973.3,5.2,12,40,,,,0
2026-07-10 16:00:00+00:00,29.0,74.51,0.0,1000.0009670000001,14.816,274,100,30.9,64,0.0,974.7,7.0,35,27,29.1,81,0.0,975.2,8.7,277,62,32.6,64,0.0,973.9,4.8,48,49,,,,0
2026-07-10 17:00:00+00:00,29.0,74.51,0.0,1000.0009670000001,12.038,250,84,30.7,65,0.0,975.0,10.0,26,92,28.6,84,0.0,975.3,7.2,288,84,31.5,69,0.0,974.3,5.9,76,56,,,,0
2026-07-10 18:00:00+00:00,28.0,78.96,0.0,1000.0009670000001,10.186,283,100,30.4,66,0.0,975.0,8.7,45,100,28.2,87,0.0,975.3,6.1,298,98,30.7,72,0.0,974.5,6.8,87,61,,,,0
2026-07-10 19:00:00+00:00,28.0,78.96,0.0,1000.0009670000001,12.038,268,90,30.0,67,0.0,974.4,9.2,42,100,27.9,89,0.0,974.9,5.0,300,97,30.2,74,0.1,974.5,6.8,93,63,,,,0
2026-07-10 20:00:00+00:00,28.0,78.96,0.0,998.98505,9.26,266,95,29.8,68,0.0,974.0,6.9,39,100,27.7,89,0.0,974.2,3.7,299,89,29.8,76,0.1,974.3,6.5,93,63,,,,0
2026-07-10 21:00:00+00:00,28.0,78.96,0.0,997.9691329999999,5.556,279,85,30.1,66,0.0,973.3,3.4,18,100,27.6,90,0.0,973.7,2.9,300,82,29.6,77,0.1,973.9,5.4,94,62,,,,0
2026-07-10 22:00:00+00:00,27.5,81.33,0.0,997.9691329999999,6.482,326,95,30.8,62,0.0,973.1,1.5,346,100,27.5,91,0.0,973.6,2.6,304,82,29.5,77,0.1,973.6,4.0,95,61,,,,0
2026-07-10 23:00:00+00:00,27.0,83.7,0.0,997.9691329999999,4.63,225,99,31.4,59,0.0,973.2,3.9,236,100,27.5,92,0.0,973.7,2.8,310,83,29.5,77,0.1,973.4,2.5,90,58,,,,0
2026-07-11 00:00:00+00:00,27.0,83.7,0.0,998.98505,3.704,310,54,31.9,56,0.0,973.7,5.5,259,100,27.7,92,0.0,974.0,2.6,326,84,29.7,76,0.1,973.3,1.4,90,56,,,,0
2026-07-11 01:00:00+00:00,28.0,78.96,0.0,998.98505,4.63,297,84,32.2,54,0.0,974.1,7.4,284,100,28.0,91,0.0,974.5,1.9,22,84,30.1,74,0.1,973.4,0.5,45,53,,,,0
2026-07-11 02:00:00+00:00,28.5,76.735,0.0,1000.0009670000001,3.704,41,41,32.3,53,0.0,974.4,13.0,276,100,28.4,88,0.0,975.2,3.2,63,84,30.7,70,0.1,973.6,0.8,333,48,,,,0
2026-07-11 03:00:00+00:00,30.5,68.395,0.0,1000.0009670000001,10.186,69,40,31.9,53,0.0,974.7,15.6,277,100,29.1,84,0.0,975.7,3.5,66,79,31.5,66,0.1,973.9,1.8,307,43,,,,0
2026-07-11 04:00:00+00:00,31.0,66.44,0.0,1000.0009670000001,14.816,212,19,33.0,49,0.0,974.9,15.9,273,100,30.4,76,0.0,975.8,2.4,333,64,32.4,62,0.1,974.2,2.9,300,38,,,,0
2026-07-11 05:00:00+00:00,31.5,64.61,0.0,1000.0009670000001,19.446,270,27,35.2,43,0.0,974.7,15.0,280,100,32.0,67,0.0,975.6,8.4,295,46,33.2,58,0.1,974.3,3.7,299,35,,,,0
2026-07-11 06:00:00+00:00,32.5,62.894999999999996,0.0,1000.0009670000001,19.446,289,21,36.3,40,0.0,974.5,12.8,286,63,33.2,60,0.0,975.3,12.6,290,38,33.8,55,0.1,974.3,4.0,297,34,,,,0
2026-07-11 07:00:00+00:00,33.0,61.18,0.1,1000.0009670000001,21.298000000000002,299,44,37.5,37,0.0,973.8,12.1,282,11,33.9,57,0.1,974.8,12.3,291,55,34.4,53,0.0,973.9,4.3,294,36,,,,0
2026-07-11 08:00:00+00:00,34.0,59.59,0.1,998.98505,17.594,299,61,38.3,35,0.0,972.7,11.9,275,10,34.3,56,0.1,974.1,10.0,296,82,35.0,51,0.0,973.3,4.3,294,40,,,,0
2026-07-11 09:00:00+00:00,34.0,59.59,0.1,998.4770915,16.668,291,88,39.1,33,0.0,971.9,12.2,272,42,34.4,56,0.1,973.4,7.6,295,95,35.5,49,0.0,972.5,3.9,292,45,,,,0
2026-07-11 10:00:00+00:00,34.0,59.59,0.0,997.9691329999999,10.186,275,48,39.8,30,0.0,971.3,12.2,270,54,34.5,57,0.0,972.9,5.9,281,77,36.0,48,0.0,971.8,3.4,288,51,,,,0
2026-07-11 11:00:00+00:00,35.0,56.38,0.0,996.9532160000001,11.112,243,20,40.2,29,0.0,970.5,11.9,272,6,34.3,60,0.0,972.4,5.0,249,43,36.3,47,0.0,971.1,3.3,283,56,,,,0
2026-07-11 12:00:00+00:00,35.0,56.38,0.0,996.9532160000001,12.964,242,20,38.3,35,0.0,971.2,9.7,255,93,33.9,63,0.0,972.1,5.1,225,19,36.5,47,0.0,970.9,2.9,277,60,,,,0
2026-07-11 13:00:00+00:00,34.0,59.59,0.0,996.9532160000001,11.112,211,13,38.0,35,0.0,971.3,9.7,243,100,33.2,68,0.0,972.4,3.4,212,15,36.4,47,0.0,970.9,2.5,262,63,,,,0
2026-07-11 14:00:00+00:00,34.0,59.59,0.0,996.9532160000001,8.334,162,11,37.5,36,0.0,971.7,11.3,239,74,32.3,74,0.0,973.0,1.1,180,19,36.2,47,0.0,971.2,2.6,236,65,,,,0
2026-07-11 15:00:00+00:00,33.5,61.3,0.0,997.9691329999999,4.63,149,26,37.2,36,0.0,972.3,12.4,248,95,31.5,79,0.0,973.4,0.7,90,23,35.8,48,0.0,971.6,3.1,216,67,,,,0
2026-07-11 16:00:00+00:00,33.0,64.92999999999999,0.0,998.4770915,4.63,170,22,37.1,36,0.0,973.0,13.2,259,98,31.1,81,0.0,973.7,1.1,198,24,35.4,49,0.0,972.0,3.9,202,68,,,,0
2026-07-11 17:00:00+00:00,33.0,66.85,0.0,998.98505,7.408,187,16,36.8,36,0.0,973.1,12.2,256,69,30.9,80,0.0,973.9,3.6,217,24,35.0,50,0.0,972.4,4.9,197,68,,,,0
2026-07-11 18:00:00+00:00,32.5,68.785,0.0,998.4770915,7.408,214,27,35.7,38,0.0,973.4,10.8,255,5,30.6,80,0.0,973.7,5.6,225,22,34.7,51,0.0,972.6,5.4,200,67,,,,0
2026-07-11 19:00:00+00:00,32.0,66.65,0.0,997.9691329999999,12.964,226,5,35.3,38,0.0,972.7,9.0,254,5,30.1,80,0.0,973.2,6.2,234,17,34.4,52,0.0,972.5,5.6,207,65,,,,0
2026-07-11 20:00:00+00:00,31.0,70.53,0.0,996.9532160000001,10.186,237,3,34.9,39,0.0,972.0,6.9,261,0,29.5,79,0.0,972.5,6.0,245,10,34.0,53,0.0,972.1,6.1,220,61,,,,0
2026-07-11 21:00:00+00:00,30.5,72.605,0.0,996.9532160000001,9.26,249,6,34.6,39,0.0,971.7,7.0,249,0,29.2,78,0.0,971.9,6.7,254,5,33.6,54,0.0,971.7,7.0,235,57,,,,0
2026-07-11 22:00:00+00:00,30.0,72.515,0.0,995.937299,9.26,240,7,34.4,39,0.0,971.7,11.2,249,6,29.1,77,0.0,971.5,8.2,255,0,33.3,55,0.0,971.2,7.9,246,52,,,,0
2026-07-11 23:00:00+00:00,30.0,70.35,0.0,995.937299,7.408,243,90,33.9,42,0.0,971.7,14.8,252,23,29.3,75,0.0,971.2,10.2,252,0,33.2,55,0.0,970.9,9.0,254,48,,,,0
2026-07-12 00:00:00+00:00,30.0,70.35,0.0,995.937299,7.408,243,3,32.8,49,0.0,971.7,16.9,272,5,29.7,73,0.0,971.2,11.7,252,2,33.2,55,0.0,970.7,9.6,257,45,,,,0
2026-07-12 01:00:00+00:00,30.0,68.29499999999999,0.0,996.4452575,11.112,246,2,32.5,50,0.0,972.0,15.9,267,5,30.1,71,0.0,971.6,12.8,254,28,33.6,54,0.0,970.7,10.0,257,42,,,,0
2026-07-12 02:00:00+00:00,31.0,66.44,0.0,996.9532160000001,16.668,253,2,33.1,47,0.0,972.5,16.3,262,0,30.7,68,0.0,972.2,13.4,256,64,34.2,52,0.0,971.0,10.0,257,40,,,,0
2026-07-12 03:00:00+00:00,31.0,66.44,0.0,996.9532160000001,19.446,258,41,33.8,45,0.0,972.8,17.3,266,0,31.5,66,0.0,972.6,13.6,259,84,34.9,50,0.0,971.2,9.7,255,38,,,,0
2026-07-12 04:00:00+00:00,32.0,62.78,0.0,997.9691329999999,22.224,261,23,35.0,41,0.0,972.9,14.8,274,7,32.5,63,0.0,973.0,13.0,264,71,35.7,48,0.0,971.6,9.4,252,37,,,,0
2026-07-12 05:00:00+00:00,33.0,59.35,0.0,997.9691329999999,25.002000000000002,264,2,36.4,37,0.0,972.8,13.3,273,7,33.7,60,0.0,973.3,12.2,270,41,36.4,45,0.0,971.7,9.1,252,36,,,,0
2026-07-12 06:00:00+00:00,33.5,57.74,0.0,997.9691329999999,21.298000000000002,276,18,37.4,35,0.0,972.7,12.2,270,7,34.6,58,0.0,973.4,11.6,275,20,36.8,44,0.0,971.9,8.8,251,36,,,,0
2026-07-12 07:00:00+00:00,34.0,59.59,0.1,997.9691329999999,19.446,286,19,38.6,32,0.0,972.1,11.2,268,6,35.0,56,0.1,973.1,11.0,281,19,37.1,43,0.0,971.8,8.7,253,38,,,,0
2026-07-12 08:00:00+00:00,35.0,56.38,0.1,997.9691329999999,16.668,290,26,39.6,30,0.0,971.3,11.5,270,6,35.1,55,0.1,972.7,10.1,287,27,37.2,42,0.0,971.5,8.2,255,41,,,,0
2026-07-12 09:00:00+00:00,35.5,54.870000000000005,0.1,997.4611745,17.594,290,30,40.5,27,0.0,970.7,11.2,272,79,35.1,55,0.1,972.3,9.2,291,30,37.2,42,0.0,971.2,8.0,260,45,,,,0
2026-07-12 10:00:00+00:00,36.0,53.36,0.3,996.9532160000001,14.816,297,77,41.0,25,0.0,970.2,11.2,276,11,35.1,55,0.2,972.0,8.1,291,20,37.2,42,0.0,970.8,7.6,265,48,,,,0
2026-07-12 11:00:00+00:00,36.0,53.36,0.3,996.9532160000001,14.816,311,80,41.4,24,0.0,969.8,13.0,284,15,35.0,55,0.2,971.7,7.1,285,7,37.1,42,0.0,970.6,7.6,267,51,,,,0
2026-07-12 12:00:00+00:00,36.0,50.27,0.6,995.937299,12.038,276,16,40.4,27,0.0,970.5,13.0,294,11,34.6,58,0.2,971.6,5.9,281,5,36.9,42,0.0,970.6,7.6,270,50,,,,0
2026-07-12 13:00:00+00:00,35.0,54.745000000000005,0.0,995.937299,10.186,289,33,39.6,29,0.0,970.8,13.7,293,10,33.7,65,0.0,971.8,4.3,275,29,36.6,42,0.0,970.8,7.6,270,46,,,,0
2026-07-12 14:00:00+00:00,35.0,53.11,0.0,995.937299,8.334,295,63,38.7,31,0.0,971.4,15.2,292,53,32.5,73,0.0,972.2,2.9,270,65,36.2,43,0.0,971.1,7.2,270,38,,,,0
2026-07-12 15:00:00+00:00,34.0,59.59,0.0,996.9532160000001,7.408,270,90,37.9,34,0.0,972.3,15.5,295,100,31.6,79,0.0,972.5,2.6,254,86,35.7,44,0.0,971.7,7.2,270,29,,,,0
2026-07-12 16:00:00+00:00,34.0,61.41,0.0,997.9691329999999,6.482,228,64,37.6,34,0.0,972.8,15.3,297,81,31.4,79,0.0,972.9,4.3,246,76,35.1,45,0.0,972.1,7.2,267,20,,,,0
2026-07-12 17:00:00+00:00,34.0,61.41,0.0,997.9691329999999,7.408,245,42,37.2,34,0.0,973.1,14.7,287,94,31.6,75,0.0,973.2,6.8,245,51,34.6,46,0.0,972.6,7.2,267,13,,,,0
2026-07-12 18:00:00+00:00,33.0,63.01,0.0,997.9691329999999,8.334,254,61,36.2,36,0.0,973.4,16.4,279,87,31.5,72,0.0,973.4,8.4,250,30,34.2,47,0.0,972.8,7.6,265,10,,,,0
2026-07-12 19:00:00+00:00,33.0,63.01,0.1,997.9691329999999,18.52,245,24,35.8,37,0.0,973.1,17.6,271,60,31.0,69,0.1,973.4,9.1,263,22,33.7,48,0.0,972.9,8.4,263,12,,,,0
2026-07-12 20:00:00+00:00,32.0,64.715,0.0,997.9691329999999,15.742,275,13,35.2,38,0.0,972.9,18.4,273,100,30.3,67,0.1,973.2,9.8,278,18,33.2,49,0.0,973.0,9.1,261,17,,,,0
2026-07-12 21:00:00+00:00,31.0,62.56,0.0,997.9691329999999,15.742,283,9,34.8,38,0.0,972.9,17.3,272,100,29.8,66,0.1,973.1,10.9,287,15,32.6,50,0.0,972.9,10.2,260,25,,,,0
2026-07-12 22:00:00+00:00,30.5,64.4,0.0,997.9691329999999,10.186,270,1,34.5,39,0.0,972.7,17.7,266,100,29.4,68,0.0,973.1,11.5,284,10,32.2,50,0.0,972.8,11.4,259,33,,,,0
2026-07-12 23:00:00+00:00,30.0,66.24,0.0,997.9691329999999,10.186,274,27,34.1,41,0.0,972.7,16.0,278,100,29.2,70,0.0,973.0,12.3,275,6,32.0,50,0.0,972.8,12.1,258,38,,,,0
2026-07-13 00:00:00+00:00,30.0,66.24,0.0,997.9691329999999,11.112,262,2,33.7,43,0.0,973.0,15.9,274,90,29.2,72,0.0,973.2,12.6,270,6,32.1,50,0.0,972.8,12.5,258,40,,,,0
2026-07-13 01:00:00+00:00,30.0,66.24,0.0,997.9691329999999,10.186,262,77,33.5,45,0.0,973.5,17.2,281,100,29.7,71,0.0,973.7,12.2,270,14,32.6,49,0.0,972.9,12.5,258,36,,,,0
2026-07-13 02:00:00+00:00,30.0,66.24,0.0,998.4770915,12.038,268,45,33.8,45,0.0,974.0,17.0,283,100,30.5,70,0.0,974.2,11.9,272,27,33.4,47,0.0,973.2,11.7,259,28,,,,0
2026-07-13 03:00:00+00:00,31.5,62.67,0.0,998.98505,14.816,268,22,34.5,43,0.0,974.1,16.2,287,100,31.4,67,0.0,974.6,11.2,274,35,34.5,45,0.0,973.4,10.9,262,18,,,,0
2026-07-13 04:00:00+00:00,32.5,61.065,0.0,1000.0009670000001,14.816,275,45,35.4,41,0.0,974.5,14.3,288,100,32.6,63,0.0,974.8,10.9,279,33,35.5,42,0.0,973.6,9.8,264,8,,,,0
2026-07-13 05:00:00+00:00,33.5,57.74,0.0,1000.0009670000001,18.52,281,42,36.4,39,0.0,974.5,12.5,282,100,33.9,57,0.0,974.9,10.8,285,27,36.5,40,0.0,973.8,9.4,266,1,,,,0
2026-07-13 06:00:00+00:00,34.5,54.620000000000005,0.0,999.4930085000001,17.594,285,20,37.3,37,0.0,974.1,10.9,279,100,34.9,53,0.0,974.8,10.2,288,23,37.1,39,0.0,973.8,9.0,268,0,,,,0
2026-07-13 07:00:00+00:00,35.0,53.11,0.0,998.98505,15.742,286,20,38.4,35,0.0,973.5,10.4,268,100,35.5,50,0.1,974.7,9.2,281,23,37.5,38,0.0,973.7,9.4,270,6,,,,0
2026-07-13 08:00:00+00:00,35.5,51.69,0.0,998.98505,15.742,268,31,39.4,32,0.0,972.7,10.9,261,100,35.8,47,0.1,974.4,8.3,265,25,37.7,37,0.0,973.3,10.1,270,16,,,,0
2026-07-13 09:00:00+00:00,36.5,48.935,0.0,998.4770915,12.964,264,28,40.2,29,0.0,972.1,11.0,259,66,35.8,48,0.1,974.0,7.3,250,33,37.8,37,0.0,972.8,10.8,272,30,,,,0
2026-07-13 10:00:00+00:00,37.0,47.6,0.0,997.9691329999999,12.964,261,16,40.9,26,0.0,971.7,10.3,258,100,35.2,53,0.0,973.5,4.8,228,52,37.8,37,0.0,972.4,11.9,272,45,,,,0
2026-07-13 11:00:00+00:00,37.0,47.6,0.0,997.4611745,13.89,265,74,41.3,25,0.0,971.3,9.8,264,100,34.3,62,0.0,972.9,3.3,174,77,37.6,37,0.0,972.1,12.6,272,57,,,,0
2026-07-13 12:00:00+00:00,37.0,47.6,0.0,996.9532160000001,12.038,155,79,40.5,27,0.0,971.4,10.1,270,9,33.5,68,0.0,972.7,3.6,143,95,37.4,38,0.0,972.0,12.6,272,64,,,,0
2026-07-13 13:00:00+00:00,36.5,48.935,0.0,997.4611745,12.038,150,78,40.1,27,0.0,971.6,11.5,272,26,32.9,71,0.0,973.0,2.3,162,100,37.1,39,0.0,972.3,12.2,270,66,,,,0
2026-07-13 14:00:00+00:00,36.0,48.8,0.0,997.9691329999999,10.186,197,95,39.5,29,0.0,972.2,13.2,281,100,32.4,72,0.0,973.6,3.1,249,100,36.6,41,0.0,972.7,11.2,264,65,,,,0
2026-07-13 15:00:00+00:00,33.5,56.885,0.0,998.4770915,14.816,252,98,38.9,30,0.0,972.9,14.3,288,100,32.0,72,0.0,974.1,5.8,266,98,36.0,43,0.0,973.3,10.2,260,62,,,,0
2026-07-13 16:00:00+00:00,31.0,64.5,0.0,998.98505,13.89,273,98,38.6,31,0.0,973.5,15.7,290,100,31.5,72,0.0,974.5,7.2,270,89,35.4,45,0.0,973.9,9.0,254,58,,,,0
2026-07-13 17:00:00+00:00,31.0,62.56,0.0,1000.0009670000001,8.334,310,94,38.3,32,0.0,973.9,13.0,272,100,31.1,72,0.0,974.8,8.3,272,77,34.8,47,0.0,974.4,8.2,247,54,,,,0
2026-07-13 18:00:00+00:00,31.0,62.56,0.0,1000.0009670000001,7.408,240,84,36.7,38,0.0,974.5,16.7,264,12,30.7,72,0.0,974.9,9.0,272,66,34.3,49,0.0,974.7,7.6,245,51,,,,0
2026-07-13 19:00:00+00:00,32.0,62.78,0.0,1000.0009670000001,8.334,253,60,36.1,40,0.0,974.2,15.5,271,6,30.5,72,0.0,974.7,9.0,268,57,33.9,51,0.0,974.8,6.6,248,50,,,,0
2026-07-13 20:00:00+00:00,32.0,62.78,0.0,999.4930085000001,10.186,238,34,35.5,42,0.0,974.1,16.7,276,10,30.3,71,0.0,974.4,8.7,263,50,33.4,52,0.0,974.5,5.9,259,49,,,,0
2026-07-13 21:00:00+00:00,32.0,62.78,0.0,998.98505,10.186,265,49,34.9,44,0.0,973.9,16.6,275,10,29.8,73,0.0,974.3,8.0,262,50,33.0,54,0.0,974.3,5.4,274,48,,,,0
2026-07-13 22:00:00+00:00,32.0,60.95,0.0,998.98505,12.038,303,38,34.8,44,0.0,973.9,17.0,275,11,28.5,80,0.0,974.5,7.2,276,63,32.6,55,0.0,974.0,5.7,288,47,,,,0
2026-07-13 23:00:00+00:00,31.0,66.44,0.0,999.4930085000001,13.89,330,27,34.6,45,0.0,974.2,16.9,269,5,26.8,88,0.0,975.0,7.7,298,83,32.4,56,0.0,973.9,6.3,301,46,,,,0
2026-07-14 00:00:00+00:00,29.5,70.255,0.0,1000.0009670000001,10.186,258,100,32.6,51,0.3,974.5,15.5,265,10,26.2,92,0.0,975.3,8.2,308,95,32.3,57,0.0,973.9,6.7,306,44,,,,0
2026-07-14 01:00:00+00:00,29.5,68.19999999999999,1.0,1000.0009670000001,4.63,250,84,33.3,48,0.2,974.9,14.3,258,77,27.3,87,0.3,975.4,7.7,298,90,32.4,57,0.0,974.2,7.0,305,42,,,,0
2026-07-14 02:00:00+00:00,30.0,68.29499999999999,0.1,1000.5089255,7.408,242,33,34.2,45,0.0,975.0,15.6,263,16,29.4,77,0.3,975.5,7.2,273,77,32.8,56,0.0,974.7,6.9,298,38,,,,0
2026-07-14 03:00:00+00:00,31.0,62.56,0.0,1001.016884,10.186,266,44,34.8,44,0.0,975.5,16.6,275,100,31.3,68,0.3,975.6,8.0,262,64,33.2,55,0.0,975.4,7.3,290,35,,,,0
2026-07-14 04:00:00+00:00,32.5,61.065,0.0,1001.016884,16.668,262,19,36.1,41,0.0,975.9,15.5,282,100,32.9,61,0.0,976.1,9.0,272,52,33.7,54,0.0,976.0,7.7,281,32,,,,0
2026-07-14 05:00:00+00:00,34.0,56.13,0.0,1001.016884,18.52,262,11,37.3,37,0.0,976.0,13.5,279,100,34.3,55,0.0,976.7,10.8,285,40,34.2,53,0.0,976.4,8.3,275,29,,,,0
2026-07-14 06:00:00+00:00,35.0,53.11,0.0,1002.0328010000001,12.964,287,10,37.8,36,0.0,975.8,12.3,273,100,35.4,50,0.0,976.9,12.1,293,30,34.6,52,0.0,976.7,9.0,272,26,,,,0
2026-07-14 07:00:00+00:00,36.0,50.27,0.0,1001.016884,12.038,296,3,38.6,34,0.0,975.1,13.0,268,100,36.3,45,0.0,976.7,11.6,296,21,34.9,51,0.0,976.5,9.7,274,24,,,,0
2026-07-14 08:00:00+00:00,36.5,50.400000000000006,0.0,1001.016884,14.816,293,7,39.3,33,0.0,974.6,14.1,266,100,36.8,42,0.0,976.3,10.0,296,14,35.3,50,0.0,976.0,10.5,278,21,,,,0
2026-07-14 09:00:00+00:00,37.0,47.6,0.0,1000.5089255,17.594,291,15,40.1,30,0.0,974.1,15.0,259,100,36.4,45,0.0,975.8,8.2,293,18,35.7,49,0.0,975.5,11.4,283,18,,,,0
2026-07-14 10:00:00+00:00,37.0,47.6,0.0,1000.0009670000001,15.742,290,41,40.8,27,0.0,973.3,15.2,256,100,34.0,59,0.0,975.5,5.9,284,42,35.9,48,0.0,974.9,12.1,287,17,,,,0
2026-07-14 11:00:00+00:00,37.0,47.6,0.0,998.98505,15.742,292,36,41.3,24,0.0,972.5,15.5,273,100,30.7,78,0.0,975.2,4.1,255,76,36.1,48,0.0,974.4,12.6,290,16,,,,0
2026-07-14 12:00:00+00:00,36.0,50.27,0.0,998.98505,17.594,194,100,40.5,26,0.0,972.8,20.5,269,100,28.2,91,0.0,975.1,4.3,222,100,36.0,48,0.0,974.2,12.8,292,18,,,,0
2026-07-14 13:00:00+00:00,35.0,50.0,1.1,999.4930085000001,16.668,205,98,36.8,36,0.0,973.3,25.6,244,100,27.3,92,0.8,975.4,6.4,207,100,35.7,49,0.1,974.4,12.0,291,23,,,,0
2026-07-14 14:00:00+00:00,30.5,68.395,0.1,1000.5089255,14.816,193,93,37.0,31,0.0,973.9,14.4,238,11,27.2,86,0.8,976.0,9.4,203,99,35.2,50,0.1,974.8,10.8,291,31,,,,0
2026-07-14 15:00:00+00:00,28.5,76.735,0.0,1001.016884,18.52,208,84,37.1,32,0.0,974.8,19.8,299,100,27.4,81,0.8,976.5,10.3,205,95,34.5,52,0.1,975.3,9.6,290,40,,,,0
2026-07-14 16:00:00+00:00,28.0,78.96,0.0,1002.0328010000001,14.816,202,95,34.4,43,1.1,976.1,14.8,334,100,27.9,78,0.0,976.8,8.7,222,96,33.8,54,0.1,975.8,7.9,286,49,,,,0
2026-07-14 17:00:00+00:00,29.0,74.51,0.0,1002.0328010000001,11.112,221,100,35.0,41,0.0,976.2,2.2,270,100,28.7,75,0.0,977.1,7.8,257,98,33.1,55,0.1,976.4,6.2,280,56,,,,0
2026-07-14 18:00:00+00:00,30.0,70.35,0.0,1002.0328010000001,6.482,225,100,34.8,41,0.0,976.0,8.0,234,100,29.0,75,0.0,977.2,8.0,275,100,32.5,57,0.1,976.6,5.1,274,58,,,,0
2026-07-14 19:00:00+00:00,30.0,70.35,0.0,1002.0328010000001,11.112,84,96,34.6,41,0.0,975.7,12.9,247,100,27.9,80,2.4,977.1,6.5,264,100,31.9,59,0.0,976.7,4.0,260,55,,,,0
2026-07-14 20:00:00+00:00,30.0,70.35,0.0,1002.0328010000001,14.816,150,66,33.9,43,0.0,975.2,12.6,265,100,26.3,87,2.4,976.8,5.6,220,100,31.3,61,0.0,976.6,3.4,238,48,,,,0
2026-07-14 21:00:00+00:00,29.0,76.805,0.0,1001.016884,9.26,173,100,32.9,46,0.3,975.1,11.3,297,100,25.2,93,2.4,976.7,7.0,192,100,30.7,64,0.0,976.4,3.4,212,39,,,,0
2026-07-14 22:00:00+00:00,29.0,74.63,0.0,1001.016884,7.408,78,100,33.3,45,0.3,975.1,10.6,305,100,25.2,95,0.0,976.8,6.8,180,96,30.2,66,0.0,976.2,4.1,195,29,,,,0
2026-07-14 23:00:00+00:00,29.0,70.16,0.0,1001.016884,5.556,119,100,33.4,44,0.0,975.2,12.4,296,100,25.6,95,0.0,977.1,5.4,172,91,30.0,66,0.0,976.1,4.4,189,21,,,,0
2026-07-15 00:00:00+00:00,29.0,70.16,0.0,1001.016884,12.038,180,100,33.6,43,0.0,975.9,13.1,291,100,26.2,94,0.0,977.3,4.8,167,88,30.1,66,0.0,976.1,4.7,189,16,,,,0
2026-07-15 01:00:00+00:00,29.5,72.43,2.4,1002.0328010000001,13.89,111,100,33.6,44,0.0,976.7,12.8,292,100,26.6,94,1.3,977.5,5.2,168,93,30.8,64,0.0,976.4,4.7,203,14,,,,0
2026-07-15 02:00:00+00:00,30.0,70.35,0.9,1002.5407595,13.89,168,13,33.8,43,0.0,977.1,13.2,292,100,27.2,93,1.3,977.9,5.8,173,100,31.9,59,0.0,976.8,4.8,228,13,,,,0
2026-07-15 03:00:00+00:00,31.0,66.44,0.1,1003.048718,12.964,188,97,34.1,44,0.0,977.5,14.6,303,100,28.3,89,1.3,978.1,5.8,184,98,33.3,54,0.0,977.2,6.0,253,14,,,,0
2026-07-15 04:00:00+00:00,32.0,62.894999999999996,0.0,1003.048718,14.816,249,48,35.2,41,0.0,977.9,12.2,304,100,30.4,77,0.0,978.5,5.4,217,77,34.7,49,0.0,977.6,8.0,265,16,,,,0
2026-07-15 05:00:00+00:00,34.0,54.49,0.0,1004.064635,12.964,275,23,37.0,36,0.0,977.8,10.1,305,43,33.2,61,0.0,978.8,7.6,251,48,36.0,44,0.0,977.8,9.7,274,19,,,,0
2026-07-15 06:00:00+00:00,34.5,54.620000000000005,0.0,1004.064635,12.964,271,18,38.3,34,0.0,977.6,10.1,297,10,35.2,49,0.0,978.9,10.1,266,26,36.8,41,0.0,977.8,10.9,278,23,,,,0
2026-07-15 07:00:00+00:00,35.0,53.11,0.0,1003.5566765,11.112,276,20,39.5,31,0.0,976.8,10.6,288,0,36.3,43,0.0,978.5,10.9,276,21,37.3,39,0.0,977.6,11.3,279,29,,,,0
2026-07-15 08:00:00+00:00,36.0,50.27,0.0,1003.048718,11.112,281,20,40.0,29,0.0,975.8,11.7,288,77,36.6,42,0.0,977.9,10.7,282,25,37.6,38,0.0,976.9,11.3,279,36,,,,0
2026-07-15 09:00:00+00:00,36.5,48.935,0.0,1002.0328010000001,17.594,294,16,39.3,30,0.1,975.3,9.6,290,100,36.2,43,0.0,977.3,9.2,281,27,37.7,37,0.0,976.2,11.3,279,45,,,,0
2026-07-15 10:00:00+00:00,37.0,44.81,0.0,1001.5248425,16.668,293,35,38.9,31,0.4,974.7,10.3,295,100,34.5,49,0.0,976.7,6.3,246,25,37.7,37,0.0,975.5,10.6,280,54,,,,0
2026-07-15 11:00:00+00:00,37.0,46.205,0.0,1001.016884,17.594,274,9,39.2,30,0.0,974.5,8.0,288,100,32.1,58,0.0,976.2,8.7,187,22,37.6,38,0.0,974.9,10.2,278,61,,,,0
2026-07-15 12:00:00+00:00,37.0,44.81,0.0,1000.5089255,15.742,178,20,39.6,29,0.0,974.9,10.0,308,100,30.4,65,0.0,976.0,12.3,175,19,37.4,38,0.0,974.7,9.5,279,66,,,,0
2026-07-15 13:00:00+00:00,36.0,47.33,0.0,1000.5089255,12.964,176,8,38.4,32,0.0,975.3,18.6,279,22,30.2,67,0.0,976.3,10.5,184,14,37.2,39,0.0,974.8,8.7,277,68,,,,0
2026-07-15 14:00:00+00:00,35.5,48.665,0.0,1001.016884,12.038,198,10,36.6,38,0.0,976.2,17.7,257,12,30.9,67,0.0,977.0,7.4,219,8,36.8,40,0.0,975.3,8.0,275,69,,,,0
2026-07-15 15:00:00+00:00,34.5,54.620000000000005,0.0,1002.0328010000001,12.038,237,9,35.5,42,0.0,977.0,15.8,246,100,31.4,66,0.0,977.6,7.9,254,7,36.4,42,0.0,975.8,6.8,273,68,,,,0
2026-07-15 16:00:00+00:00,33.5,57.74,0.0,1002.5407595,13.89,260,11,35.7,40,0.0,977.3,9.2,228,87,31.5,66,0.0,977.9,7.8,257,16,35.9,43,0.0,976.4,5.8,270,66,,,,0
2026-07-15 17:00:00+00:00,33.0,59.35,0.0,1003.048718,10.186,262,29,36.2,38,0.0,977.5,7.1,255,100,31.5,66,0.0,978.1,7.0,249,30,35.4,45,0.0,976.9,5.1,266,63,,,,0
2026-07-15 18:00:00+00:00,32.0,62.78,0.0,1003.048718,9.26,239,35,35.8,40,0.0,977.5,8.8,258,89,31.4,66,0.0,978.2,6.4,243,37,35.1,46,0.0,977.2,4.7,266,61,,,,0
2026-07-15 19:00:00+00:00,32.0,62.78,0.0,1003.048718,11.112,257,40,35.5,41,0.0,977.5,10.0,240,23,31.0,67,0.0,978.2,6.2,249,30,34.7,47,0.0,977.3,4.7,270,58,,,,0
2026-07-15 20:00:00+00:00,31.5,64.61,0.0,1003.048718,10.186,256,18,35.0,43,0.0,977.3,9.6,236,7,30.5,68,0.0,978.0,6.6,257,17,34.3,48,0.0,977.1,5.1,274,55,,,,0
2026-07-15 21:00:00+00:00,31.0,66.44,0.0,1003.048718,12.964,251,9,34.5,44,0.0,977.1,11.3,248,7,30.1,68,0.0,977.9,7.2,267,11,34.0,50,0.0,976.9,5.9,281,51,,,,0
2026-07-15 22:00:00+00:00,30.0,72.515,0.0,1002.5407595,12.038,253,3,34.0,45,0.1,976.8,8.7,253,0,29.9,67,0.0,977.9,8.3,272,20,33.7,51,0.0,976.7,6.7,286,46,,,,0
2026-07-15 23:00:00+00:00,30.0,70.35,0.0,1002.5407595,9.26,268,23,34.5,44,0.0,976.9,6.8,245,5,29.9,65,0.0,977.9,9.8,276,35,33.6,51,0.0,976.5,7.5,287,42,,,,0
2026-07-16 00:00:00+00:00,30.0,70.35,0.0,1003.048718,11.112,269,50,34.5,43,0.0,977.2,9.4,274,0,30.1,63,0.0,978.0,10.9,278,45,33.6,51,0.0,976.5,8.4,290,38,,,,0
2026-07-16 01:00:00+00:00,30.0,70.35,0.0,1003.048718,8.334,274,40,34.6,43,0.0,977.7,11.7,279,10,30.7,61,0.0,978.2,10.9,278,44,33.9,50,0.0,976.7,9.2,291,33,,,,0
2026-07-16 02:00:00+00:00,31.0,66.44,0.0,1003.5566765,13.89,270,35,35.2,41,0.0,978.0,15.6,289,8,31.6,59,0.0,978.5,10.6,280,37,34.5,49,0.0,977.1,10.5,292,27,,,,0
2026-07-16 03:00:00+00:00,31.5,70.625,0.0,1004.064635,12.964,282,30,36.0,36,0.0,978.3,16.3,292,10,32.7,56,0.0,978.8,10.3,282,31,35.2,47,0.0,977.5,11.8,293,20,,,,0
2026-07-16 04:00:00+00:00,33.5,65.03999999999999,0.0,1004.064635,15.742,284,36,37.0,34,0.0,978.5,15.8,291,5,34.1,51,0.0,979.0,10.7,290,28,35.9,45,0.0,977.8,12.9,293,15,,,,0
2026-07-16 05:00:00+00:00,34.5,56.35,0.0,1004.064635,19.446,290,41,38.1,32,0.0,978.4,15.4,291,0,35.7,46,0.0,979.2,11.9,299,25,36.5,43,0.0,978.1,13.7,293,13,,,,0
2026-07-16 06:00:00+00:00,36.0,50.27,0.0,1004.064635,18.52,303,30,39.1,30,0.0,978.1,15.1,298,5,36.9,42,0.0,979.2,13.0,304,22,37.0,41,0.0,978.1,14.2,294,14,,,,0
2026-07-16 07:00:00+00:00,36.5,46.07,0.0,1004.064635,19.446,299,49,40.2,27,0.0,977.3,15.2,292,51,37.2,41,0.0,978.7,13.3,303,14,37.4,39,0.0,977.8,14.7,295,21,,,,0
2026-07-16 08:00:00+00:00,37.0,42.18,0.0,1003.048718,22.224,295,21,41.0,25,0.0,976.2,17.3,293,31,37.2,41,0.0,978.1,13.0,298,6,37.8,38,0.0,977.1,14.8,296,32,,,,0
2026-07-16 09:00:00+00:00,37.5,41.065,0.0,1002.5407595,20.372,298,6,41.5,24,0.0,975.3,18.1,301,10,37.1,41,0.0,977.4,12.9,297,9,38.1,36,0.0,976.3,14.5,297,46,,,,0
2026-07-16 10:00:00+00:00,38.0,39.95,0.0,1001.5248425,23.150000000000002,297,12,41.7,24,0.0,974.7,19.3,307,36,37.2,40,0.0,976.7,12.9,300,34,38.3,35,0.0,975.6,14.3,298,60,,,,0
2026-07-16 11:00:00+00:00,37.0,42.18,0.0,1001.016884,23.150000000000002,296,21,41.8,23,0.0,974.2,17.7,309,34,37.2,39,0.0,975.9,12.9,306,69,38.4,34,0.0,975.0,13.8,298,72,,,,0
2026-07-16 12:00:00+00:00,38.0,39.95,0.0,1000.0009670000001,24.076,310,83,40.4,26,0.0,974.8,15.1,303,14,36.9,40,0.0,975.5,12.3,310,94,38.3,34,0.0,974.6,12.7,299,81,,,,0
2026-07-16 13:00:00+00:00,37.0,42.18,0.0,1000.0009670000001,14.816,314,56,39.9,26,0.0,974.7,16.8,293,15,36.0,44,0.0,975.7,9.9,314,95,38.1,34,0.0,974.6,10.9,297,85,,,,0
2026-07-16 14:00:00+00:00,37.0,42.18,0.0,1001.016884,12.038,316,35,39.2,27,0.0,975.3,18.8,290,37,34.9,50,0.0,976.4,6.4,317,85,37.6,35,0.0,974.8,8.5,298,87,,,,0
2026-07-16 15:00:00+00:00,36.0,44.54,0.0,1001.016884,9.26,306,73,38.7,28,0.0,975.7,17.4,288,100,33.9,55,0.0,976.9,3.6,323,79,37.0,37,0.0,975.2,5.5,293,87,,,,0
2026-07-16 16:00:00+00:00,35.0,48.53,0.0,1001.016884,7.408,339,98,38.4,29,0.0,976.2,18.3,292,100,33.6,57,0.0,977.1,1.3,326,84,36.4,38,0.0,975.5,3.0,284,86,,,,0
2026-07-16 17:00:00+00:00,35.0,50.0,0.0,1002.0328010000001,3.704,21,83,38.0,31,0.0,976.5,16.7,284,98,33.6,58,0.0,977.1,0.7,180,93,35.8,40,0.0,976.0,1.3,236,85,,,,0
2026-07-16 18:00:00+00:00,35.0,51.555,0.0,1002.0328010000001,7.408,180,99,37.5,33,0.0,976.8,14.2,294,100,33.3,60,0.0,977.1,1.8,169,99,35.4,41,0.0,976.1,1.4,180,85,,,,0
2026-07-16 19:00:00+00:00,34.5,54.620000000000005,0.0,1002.0328010000001,3.704,183,95,37.0,35,0.0,976.4,12.5,309,100,32.6,63,0.0,976.9,2.3,198,100,35.1,42,0.0,976.2,1.8,180,86,,,,0
2026-07-16 20:00:00+00:00,34.0,56.13,0.0,1001.5248425,9.26,162,98,36.6,37,0.0,976.2,10.7,310,100,31.7,67,0.0,976.7,3.1,225,100,34.8,43,0.0,976.1,1.8,191,87,,,,0
2026-07-16 21:00:00+00:00,34.0,56.13,0.0,1001.016884,10.186,225,97,36.2,38,0.0,976.1,9.8,294,23,31.0,70,0.0,976.5,4.0,243,97,34.5,43,0.0,976.0,2.0,225,88,,,,0
2026-07-16 22:00:00+00:00,32.5,59.235,0.0,1001.016884,9.26,252,99,35.9,38,0.0,976.0,9.8,287,61,30.7,72,0.0,976.5,4.0,260,84,34.4,44,0.0,975.9,3.1,249,88,,,,0
2026-07-16 23:00:00+00:00,32.0,62.78,0.0,1001.016884,8.334,239,95,35.7,38,0.0,976.4,10.8,296,15,30.5,73,0.0,976.5,3.7,281,66,34.3,44,0.0,975.9,4.4,261,87,,,,0
2026-07-17 00:00:00+00:00,32.0,60.95,0.0,1002.0328010000001,9.26,279,48,35.5,36,0.0,976.4,11.0,293,6,30.7,72,0.0,976.7,4.7,293,55,34.5,44,0.0,975.9,5.4,270,84,,,,0
2026-07-17 01:00:00+00:00,32.0,60.95,0.0,1002.5407595,11.112,252,41,35.3,36,0.0,976.7,13.1,286,61,31.2,68,0.0,977.1,6.3,283,56,34.9,43,0.0,976.1,6.5,276,77,,,,0
2026-07-17 02:00:00+00:00,32.0,59.12,0.0,1003.048718,12.038,260,38,35.8,35,0.0,977.3,14.8,284,100,32.1,62,0.0,977.7,9.0,275,64,35.5,42,0.0,976.5,8.6,285,67,,,,0
2026-07-17 03:00:00+00:00,32.0,59.12,0.0,1003.048718,19.446,268,66,36.5,35,0.0,977.7,15.7,286,56,33.1,56,0.0,978.1,10.8,274,71,36.2,41,0.0,977.0,10.2,288,55,,,,0
2026-07-17 04:00:00+00:00,33.5,52.81,0.0,1003.048718,17.594,277,61,37.5,34,0.0,977.8,17.5,289,31,34.2,51,0.0,978.5,11.4,283,75,37.0,39,0.0,977.3,12.1,293,44,,,,0
2026-07-17 05:00:00+00:00,35.0,47.06,0.0,1003.048718,16.668,281,57,36.9,36,0.0,977.8,21.7,291,94,35.5,46,0.0,978.7,12.1,293,79,37.6,38,0.0,977.6,13.5,295,36,,,,0
2026-07-17 06:00:00+00:00,36.0,44.54,0.0,1003.048718,24.076,301,80,37.0,36,0.0,978.0,18.4,276,48,36.4,42,0.0,978.7,12.6,301,83,38.1,37,0.0,977.6,14.5,297,34,,,,0
2026-07-17 07:00:00+00:00,36.0,44.54,0.2,1003.048718,18.52,309,88,37.3,35,0.0,977.6,17.6,270,100,36.9,41,0.1,978.2,12.5,303,87,38.5,36,0.0,977.4,15.0,297,39,,,,0
2026-07-17 08:00:00+00:00,36.5,46.07,0.1,1002.0328010000001,20.372,305,73,37.9,34,0.0,976.7,14.8,284,100,37.0,41,0.1,977.4,12.0,303,91,38.7,35,0.0,976.7,14.8,299,49,,,,0
2026-07-17 09:00:00+00:00,37.0,43.495000000000005,0.0,1001.5248425,11.112,304,83,39.2,31,0.0,975.7,16.2,302,53,37.1,41,0.1,976.8,11.5,302,94,38.9,34,0.0,976.0,14.5,300,63,,,,0
2026-07-17 10:00:00+00:00,37.0,42.18,0.0,1001.016884,18.52,295,98,39.5,30,0.0,975.2,16.6,300,100,37.1,40,0.0,976.2,11.7,304,97,39.0,34,0.0,975.2,14.0,299,77,,,,0
2026-07-17 11:00:00+00:00,36.0,43.22,0.0,1001.016884,15.742,295,100,40.0,27,0.0,974.7,13.1,291,100,37.0,39,0.0,975.8,11.4,305,98,39.0,33,0.0,974.7,13.2,299,89,,,,0
2026-07-17 12:00:00+00:00,36.0,44.54,0.0,1000.0009670000001,9.26,301,98,39.5,27,0.0,974.7,14.2,300,100,36.7,40,0.0,975.6,10.6,305,99,38.9,33,0.0,974.4,12.4,300,96,,,,0
2026-07-17 13:00:00+00:00,36.0,44.54,0.0,1000.0009670000001,8.334,307,98,38.7,30,0.0,974.8,15.5,273,100,35.8,46,0.0,975.8,7.8,304,98,38.6,33,0.0,974.4,11.4,298,98,,,,0
2026-07-17 14:00:00+00:00,35.5,45.8,0.0,1001.016884,6.482,320,99,37.9,33,0.0,975.5,12.6,265,100,34.7,55,0.0,976.4,3.7,299,95,38.2,33,0.0,974.7,9.8,294,97,,,,0
2026-07-17 15:00:00+00:00,35.0,47.06,0.0,1001.016884,5.556,248,76,37.7,33,0.0,975.9,5.8,277,100,33.7,62,0.0,976.8,1.1,252,92,37.7,34,0.0,975.0,8.4,290,94,,,,0
2026-07-17 16:00:00+00:00,33.0,64.92999999999999,0.0,1002.0328010000001,11.112,188,92,37.8,33,0.0,976.4,4.3,270,100,33.2,65,0.0,977.1,1.8,191,87,37.1,35,0.0,975.5,7.0,282,90,,,,0
2026-07-17 17:00:00+00:00,33.0,66.85,0.0,1002.0328010000001,7.408,187,87,37.9,32,0.0,976.3,4.1,225,100,32.9,67,0.0,977.2,2.5,180,81,36.6,35,0.0,975.9,6.1,273,87,,,,0
2026-07-17 18:00:00+00:00,33.0,66.85,0.0,1002.0328010000001,10.186,192,77,37.5,33,0.0,976.1,10.3,241,100,32.6,68,0.0,977.3,2.9,187,77,36.2,36,0.0,976.1,5.8,270,85,,,,0
2026-07-17 19:00:00+00:00,33.0,64.92999999999999,0.0,1002.0328010000001,9.26,214,77,36.9,36,0.0,975.9,10.0,229,100,32.0,69,0.0,977.2,2.3,198,78,35.9,37,0.0,976.1,5.8,274,85,,,,0
2026-07-17 20:00:00+00:00,33.0,63.01,0.0,1002.0328010000001,10.186,242,58,36.6,37,0.0,975.7,8.3,185,100,31.4,69,0.0,976.9,1.6,243,82,35.6,38,0.0,975.9,5.9,281,86,,,,0
2026-07-17 21:00:00+00:00,33.0,59.35,0.0,1001.5248425,9.26,273,91,36.2,38,0.0,975.2,9.2,206,100,31.0,68,0.0,976.7,2.9,277,86,35.3,39,0.0,975.7,6.5,289,87,,,,0
2026-07-17 22:00:00+00:00,32.5,61.065,0.0,1001.016884,10.186,270,95,36.1,38,0.0,975.3,8.5,216,100,30.9,67,0.0,976.5,5.9,284,90,35.2,40,0.0,975.3,7.4,299,88,,,,0
2026-07-17 23:00:00+00:00,31.0,66.44,0.0,1001.016884,10.186,252,94,35.9,39,0.0,975.3,8.3,236,100,31.1,65,0.0,976.2,9.6,283,93,35.1,41,0.0,975.2,8.6,303,89,,,,0
2026-07-18 00:00:00+00:00,31.5,64.61,0.0,1001.016884,12.964,276,85,35.8,39,0.0,975.8,8.7,265,100,31.4,63,0.0,976.2,12.2,284,96,35.1,42,0.0,975.1,9.6,304,88,,,,0
2026-07-18 01:00:00+00:00,32.0,62.78,0.0,1001.5248425,12.964,282,43,35.8,39,0.0,976.5,8.6,270,93,31.6,61,0.0,976.5,12.8,281,97,35.4,42,0.0,975.4,10.9,304,85,,,,0
2026-07-18 02:00:00+00:00,31.0,66.44,0.0,1002.0328010000001,14.816,279,100,36.2,38,0.0,977.1,8.4,280,68,31.8,59,0.0,977.0,12.4,278,98,35.8,42,0.0,975.7,12.0,303,81,,,,0
2026-07-18 03:00:00+00:00,32.0,59.12,0.0,1002.0328010000001,16.668,273,100,36.8,36,0.0,977.3,13.0,272,95,32.4,57,0.0,977.4,12.4,278,98,36.3,42,0.0,976.0,13.4,301,75,,,,0
2026-07-18 04:00:00+00:00,32.5,57.5,0.0,1002.5407595,18.52,278,89,36.1,37,0.0,977.4,18.7,268,100,33.5,53,0.0,977.7,13.4,284,98,36.9,42,0.0,976.5,14.5,300,70,,,,0
2026-07-18 05:00:00+00:00,33.5,51.165000000000006,0.0,1002.0328010000001,24.076,283,99,36.4,36,0.0,977.3,16.9,271,100,34.9,49,0.0,977.8,14.9,290,99,37.4,41,0.0,976.7,15.5,298,67,,,,0
2026-07-18 06:00:00+00:00,34.5,51.425,0.0,1003.048718,11.112,291,99,39.1,31,0.0,976.7,14.4,269,43,36.0,46,0.0,977.8,15.8,294,99,37.8,41,0.0,976.7,15.8,297,66,,,,0
2026-07-18 07:00:00+00:00,35.5,48.665,0.0,1002.0328010000001,11.112,295,100,40.3,28,0.0,975.8,13.7,267,17,36.3,45,0.0,977.3,14.8,296,100,38.0,40,0.0,976.4,15.6,296,68,,,,0
2026-07-18 08:00:00+00:00,36.0,47.33,0.0,1001.5248425,11.112,297,100,41.2,26,0.0,975.0,13.4,262,26,36.2,46,0.0,976.7,12.4,296,100,38.3,39,0.0,975.9,14.8,296,73,,,,0
2026-07-18 09:00:00+00:00,37.0,42.18,0.0,1001.016884,16.668,294,100,41.8,24,0.0,974.3,14.1,255,35,36.2,46,0.0,976.1,10.6,298,100,38.5,38,0.0,975.2,13.9,295,79,,,,0
2026-07-18 10:00:00+00:00,37.0,44.81,0.0,1000.5089255,15.742,292,100,42.4,23,0.0,973.6,14.1,257,73,36.3,44,0.0,975.6,9.3,306,98,38.6,37,0.0,974.5,12.6,294,86,,,,0
2026-07-18 11:00:00+00:00,37.0,44.81,0.0,1000.0009670000001,12.964,281,100,42.6,22,0.0,973.2,13.9,260,53,36.5,42,0.0,975.3,8.4,317,96,38.6,37,0.0,973.9,11.3,292,92,,,,0
2026-07-18 12:00:00+00:00,37.0,43.495000000000005,0.0,1000.0009670000001,11.112,306,95,41.0,26,0.0,973.7,7.4,313,47,36.3,42,0.0,975.1,7.5,325,95,38.4,37,0.0,973.7,9.6,290,96,,,,0
2026-07-18 13:00:00+00:00,36.0,44.54,0.0,1000.0009670000001,9.26,245,100,39.2,31,0.0,974.1,11.2,45,100,35.7,46,0.0,975.5,5.2,326,96,38.1,38,0.0,973.9,7.4,284,98,,,,0
2026-07-18 14:00:00+00:00,36.0,44.54,0.0,1000.5089255,6.482,246,98,38.1,34,0.0,975.1,11.2,45,100,34.8,52,0.0,976.0,2.5,315,98,37.6,39,0.0,974.3,4.7,270,100,,,,0
2026-07-18 15:00:00+00:00,35.5,48.665,0.0,1001.016884,3.704,249,98,37.7,34,0.0,975.8,2.5,82,100,34.0,57,0.0,976.5,1.6,243,99,37.0,41,0.0,974.9,2.5,225,100,,,,0
2026-07-18 16:00:00+00:00,35.0,51.555,0.0,1001.5248425,6.482,218,99,37.8,34,0.0,976.4,4.4,189,100,33.4,61,0.0,976.9,4.0,207,99,36.3,43,0.0,975.4,3.7,169,100,,,,0
2026-07-18 17:00:00+00:00,34.5,54.620000000000005,0.0,1002.0328010000001,4.63,178,99,37.9,34,0.0,976.7,4.3,222,100,32.8,64,0.0,977.1,7.4,203,98,35.7,45,0.0,976.0,5.8,150,100,,,,0
2026-07-18 18:00:00+00:00,34.0,56.13,0.0,1002.0328010000001,6.482,202,88,37.3,36,0.0,976.7,11.2,176,100,32.3,66,0.0,977.3,9.6,200,98,35.2,47,0.0,976.2,7.0,145,100,,,,0
2026-07-18 19:00:00+00:00,34.0,56.13,0.0,1002.0328010000001,5.556,188,71,36.8,38,0.0,976.3,11.9,180,100,31.7,68,0.0,977.1,9.7,195,98,34.8,48,0.0,976.3,7.0,145,99,,,,0
2026-07-18 20:00:00+00:00,34.0,56.13,0.0,1002.0328010000001,5.556,191,98,36.5,38,0.0,975.9,11.2,195,100,31.1,69,0.0,976.7,8.4,190,98,34.4,50,0.0,976.1,5.8,150,98,,,,0
2026-07-18 21:00:00+00:00,33.5,57.74,0.0,1002.0328010000001,7.408,186,98,36.2,39,0.0,975.6,11.9,205,100,30.6,70,0.0,976.5,6.8,183,98,34.1,51,0.0,975.9,4.2,160,97,,,,0
2026-07-18 22:00:00+00:00,32.5,61.065,0.0,1001.016884,4.63,194,97,36.1,38,0.0,975.4,10.7,222,100,30.4,73,0.0,976.4,5.2,168,98,33.9,52,0.0,975.6,2.5,180,96,,,,0
2026-07-18 23:00:00+00:00,32.0,62.78,0.0,1001.016884,5.556,214,95,36.1,37,0.0,975.5,13.0,267,100,30.3,76,0.0,976.2,3.6,143,97,33.8,53,0.0,975.4,1.8,233,95,,,,0
2026-07-19 00:00:00+00:00,32.0,66.65,0.0,1001.016884,4.63,108,100,35.7,38,0.0,976.0,15.4,291,100,30.4,77,0.0,976.4,2.4,117,97,33.8,53,0.0,975.4,2.5,278,94,,,,0
2026-07-19 01:00:00+00:00,32.0,66.65,0.0,1002.0328010000001,3.704,204,100,35.2,40,0.0,976.7,16.2,307,36,31.0,73,0.0,976.7,1.0,225,98,34.2,52,0.0,975.7,3.6,307,94,,,,0
2026-07-19 02:00:00+00:00,32.0,64.715,0.0,1002.0328010000001,5.556,238,100,35.7,39,0.0,977.2,13.0,314,19,31.8,67,0.0,977.1,4.8,257,99,34.7,50,0.0,976.0,5.7,325,94,,,,0
2026-07-19 03:00:00+00:00,32.0,62.78,0.0,1002.5407595,12.038,269,100,36.4,38,0.0,977.5,10.7,315,100,32.7,61,0.0,977.6,7.9,267,100,35.5,47,0.0,976.4,8.4,335,94,,,,0
2026-07-19 04:00:00+00:00,33.0,59.35,0.0,1003.048718,12.964,278,99,37.3,36,0.0,977.5,10.3,324,100,33.7,55,0.0,978.0,9.3,286,100,36.2,45,0.0,976.9,10.4,340,94,,,,0
2026-07-19 05:00:00+00:00,33.0,57.615,0.0,1003.048718,16.668,284,99,38.4,34,0.0,977.2,9.9,341,92,34.9,50,0.0,978.3,10.7,303,100,36.8,43,0.0,977.2,12.3,345,95,,,,0
2026-07-19 06:00:00+00:00,34.0,54.49,0.0,1003.048718,18.52,304,99,38.7,35,0.0,977.4,11.4,28,84,35.5,47,0.0,978.3,11.2,310,100,37.3,41,0.0,977.3,12.9,347,95,,,,0
2026-07-19 07:00:00+00:00,35.0,50.085,0.0,1003.048718,15.742,308,98,37.8,38,0.0,976.6,13.0,51,100,35.1,49,0.1,978.0,8.7,300,100,37.6,40,0.0,977.0,12.4,350,95,,,,0
2026-07-19 08:00:00+00:00,35.0,50.0,0.4,1002.5407595,12.038,294,99,37.4,39,0.1,975.8,5.0,69,100,34.3,54,0.1,977.5,5.9,259,100,37.8,39,0.0,976.4,11.3,353,96,,,,0
2026-07-19 09:00:00+00:00,35.0,50.0,0.0,1002.0328010000001,10.186,231,99,37.4,40,0.2,975.4,0.8,297,100,33.8,57,0.1,977.0,5.9,218,100,37.9,39,0.0,975.7,9.7,358,96,,,,0
2026-07-19 10:00:00+00:00,36.5,46.07,0.0,1001.016884,9.26,204,100,36.7,42,0.0,975.5,5.9,101,100,34.2,55,0.1,976.4,4.7,189,100,38.0,38,0.0,975.2,7.6,5,97,,,,0
2026-07-19 11:00:00+00:00,37.0,44.81,1.8,1000.0009670000001,7.408,48,100,36.2,44,0.0,975.4,10.6,114,100,34.8,52,0.1,975.8,4.1,135,100,37.8,39,0.0,974.7,6.0,17,98,,,,0
2026-07-19 12:00:00+00:00,37.0,44.81,0.1,1000.0009670000001,7.408,354,100,35.6,48,0.0,975.0,13.3,87,100,35.0,53,0.1,975.6,5.5,113,100,37.5,41,0.0,974.4,4.6,39,98,,,,0
2026-07-19 13:00:00+00:00,36.0,50.595,0.2,1000.0009670000001,10.186,100,99,35.0,51,0.0,974.8,13.7,85,100,33.9,61,0.0,976.0,6.7,126,100,36.8,44,0.0,974.7,4.2,70,99,,,,0
2026-07-19 14:00:00+00:00,34.5,59.805,0.1,1000.5089255,16.668,122,100,35.4,49,0.0,975.1,10.0,105,100,32.2,73,0.0,976.7,8.6,147,100,35.9,49,0.0,975.2,5.5,101,99,,,,0
2026-07-19 15:00:00+00:00,32.0,70.72,0.0,1001.5248425,15.742,155,100,35.5,48,0.0,975.9,11.1,65,100,31.0,82,0.0,977.4,10.0,154,100,34.8,55,0.0,975.9,7.6,121,100,,,,0
2026-07-19 16:00:00+00:00,32.0,75.01,0.1,1002.5407595,12.964,157,100,34.3,54,0.0,976.2,17.3,67,100,30.9,84,0.2,977.9,10.0,150,99,33.6,61,0.0,976.6,10.2,129,100,,,,0
2026-07-19 17:00:00+00:00,31.0,79.38,0.5,1003.048718,12.964,122,99,33.0,58,0.7,976.8,15.9,108,100,31.2,82,0.2,978.3,9.2,141,98,32.6,66,0.0,977.1,12.2,135,100,,,,0
2026-07-19 18:00:00+00:00,31.0,79.38,0.5,1003.048718,12.964,137,99,32.4,58,0.7,977.0,10.7,138,100,31.1,82,0.2,978.5,8.9,133,98,31.9,69,0.0,977.4,13.0,138,100,,,,0
2026-07-19 19:00:00+00:00,31.0,79.38,0.0,1002.0328010000001,12.964,120,96,32.2,58,1.3,977.0,9.7,178,100,30.0,86,0.3,978.1,9.0,127,98,31.5,70,0.0,977.4,12.8,142,98,,,,0
2026-07-19 20:00:00+00:00,30.5,79.31,0.1,1001.5248425,12.964,128,98,32.8,55,0.0,976.5,9.1,189,100,28.6,92,0.3,977.4,9.2,121,99,31.2,71,0.0,977.1,11.6,144,96,,,,0
2026-07-19 21:00:00+00:00,30.0,79.24,0.0,1001.016884,12.964,117,100,32.8,54,0.0,976.0,11.5,184,100,27.6,95,0.3,976.9,8.6,123,100,31.0,70,0.0,976.6,9.7,149,93,,,,0
2026-07-19 22:00:00+00:00,30.0,79.24,0.0,1001.016884,11.112,220,98,32.5,55,0.0,975.7,11.9,182,100,27.6,93,0.7,976.7,6.9,152,100,30.9,69,0.0,976.1,7.6,155,89,,,,0
2026-07-19 23:00:00+00:00,29.5,81.58500000000001,4.8,1001.016884,10.186,225,98,32.3,57,0.0,975.8,11.9,178,100,27.9,88,0.7,976.7,8.2,195,100,31.0,68,0.0,975.7,5.6,165,87,,,,0
2026-07-20 00:00:00+00:00,29.0,83.93,1.1,1001.016884,11.112,207,100,32.6,56,0.0,975.7,11.0,199,100,28.3,85,0.7,976.9,10.2,212,100,31.2,66,0.0,975.6,4.0,175,85,,,,0
2026-07-20 01:00:00+00:00,29.0,83.93,0.2,1001.5248425,12.964,218,100,32.7,55,0.0,976.3,10.7,194,100,28.3,86,0.6,977.3,8.0,216,100,31.6,64,0.0,975.8,2.6,196,84,,,,0
2026-07-20 02:00:00+00:00,29.0,89.02,0.6,1002.0328010000001,10.186,251,100,32.9,54,0.0,977.0,9.7,180,100,28.2,89,0.6,977.8,3.9,214,100,32.3,61,0.0,976.2,1.5,256,84,,,,0
2026-07-20 03:00:00+00:00,29.5,86.53,4.2,1002.0328010000001,11.112,135,100,33.2,53,0.0,977.3,12.7,165,100,28.4,89,0.6,978.3,1.1,198,100,33.2,57,0.0,976.7,2.6,304,84,,,,0
2026-07-20 04:00:00+00:00,30.0,84.04,0.9,1003.048718,11.112,185,100,33.2,54,0.0,977.7,14.2,159,100,29.5,83,0.7,978.6,1.6,207,97,34.0,54,0.0,977.2,4.6,321,85,,,,0
2026-07-20 05:00:00+00:00,31.0,74.84,0.9,1003.048718,8.334,18,100,34.8,49,0.0,977.4,13.1,171,100,30.8,75,0.7,978.8,3.7,209,93,34.6,52,0.0,977.6,6.1,332,85,,,,0
2026-07-20 06:00:00+00:00,32.0,70.72,0.4,1003.048718,11.112,194,95,35.9,45,0.0,977.6,14.2,171,100,31.5,71,0.7,978.9,5.2,205,91,34.8,51,0.0,977.8,7.1,336,86,,,,0
2026-07-20 07:00:00+00:00,31.0,79.38,1.2,1003.048718,14.816,111,98,36.6,42,0.0,977.0,12.2,166,100,30.9,75,1.9,978.4,5.4,188,92,34.6,53,3.2,977.7,7.5,343,87,,,,0
2026-07-20 08:00:00+00:00,30.5,81.71000000000001,7.2,1002.5407595,19.446,139,88,36.0,43,0.1,975.8,1.5,284,100,29.6,83,1.9,977.8,5.9,166,95,34.1,56,3.2,977.4,8.0,355,89,,,,0
2026-07-20 09:00:00+00:00,29.5,81.58500000000001,0.7,1002.0328010000001,18.52,152,85,32.5,58,0.5,975.7,16.3,342,100,28.8,88,1.9,977.3,6.6,158,98,33.4,60,3.2,977.1,8.3,5,91,,,,0
2026-07-20 10:00:00+00:00,29.0,83.93,0.1,1002.0328010000001,19.446,200,98,28.1,82,7.6,976.3,25.6,29,100,29.1,85,0.0,977.3,6.3,167,99,32.6,65,3.2,976.7,8.6,15,92,,,,0
2026-07-20 11:00:00+00:00,29.0,79.1,0.0,1002.0328010000001,17.594,201,100,26.6,83,20.9,975.3,15.1,62,100,29.8,79,0.0,977.5,6.2,187,100,31.8,69,3.2,976.5,8.7,24,93,,,,0
2026-07-20 12:00:00+00:00,28.5,81.46,0.0,1002.0328010000001,13.89,218,100,28.2,73,5.6,976.0,11.0,128,100,30.1,76,0.0,977.7,6.3,204,100,31.2,72,3.2,976.4,8.7,30,93,,,,0
2026-07-20 13:00:00+00:00,28.0,83.82,4.3,1003.048718,11.112,30,100,29.5,68,0.0,977.1,9.2,111,100,29.4,81,1.9,977.8,5.9,223,100,30.8,73,0.5,976.6,8.1,32,92,,,,0
2026-07-20 14:00:00+00:00,28.0,83.82,3.4,1002.0328010000001,10.186,180,100,30.3,65,0.0,977.2,3.7,151,100,28.3,89,1.9,978.0,5.6,243,100,30.4,74,0.5,977.0,6.7,36,89,,,,0
2026-07-20 15:00:00+00:00,28.5,84.02,1.1,1002.0328010000001,8.334,222,100,30.7,63,0.0,977.5,5.9,128,100,27.4,96,1.9,978.3,5.5,259,100,30.1,74,0.5,977.5,5.1,39,86,,,,0
2026-07-20 16:00:00+00:00,28.5,81.46,0.6,1003.048718,11.112,254,100,30.7,63,0.0,978.1,6.0,155,100,26.9,98,0.5,978.6,5.1,266,99,29.8,74,0.5,978.1,3.3,41,83,,,,0
2026-07-20 17:00:00+00:00,28.0,83.82,0.1,1004.064635,13.89,241,100,29.9,66,0.6,978.5,9.3,193,100,26.7,98,0.5,979.1,3.6,270,97,29.5,74,0.5,978.4,1.8,53,80,,,,0
2026-07-20 18:00:00+00:00,28.0,86.38,0.0,1004.064635,10.186,270,96,29.2,70,1.0,978.3,5.0,210,100,26.5,98,0.5,979.3,1.8,281,96,29.2,75,0.5,978.6,0.8,63,78,,,,0
2026-07-20 19:00:00+00:00,27.0,94.29,0.2,1004.064635,8.334,70,99,29.3,70,0.0,977.9,3.6,135,100,26.4,97,0.2,979.1,1.5,76,97,28.7,77,2.0,978.5,0.5,45,76,,,,0
2026-07-20 20:00:00+00:00,27.0,94.29,0.6,1003.048718,4.63,82,100,29.4,70,0.0,977.5,4.0,95,100,26.4,96,0.2,978.6,5.1,82,99,28.2,80,2.0,978.2,0.8,333,74,,,,0
2026-07-20 21:00:00+00:00,27.0,94.29,0.2,1003.048718,6.482,83,100,29.5,69,0.0,977.2,6.5,96,100,26.4,95,0.2,978.2,7.6,82,100,27.7,83,2.0,977.8,1.6,333,72,,,,0
2026-07-20 22:00:00+00:00,27.0,94.29,0.2,1002.0328010000001,7.408,97,95,28.7,74,1.7,976.9,10.3,102,97,26.4,94,0.3,977.9,7.3,70,100,27.3,86,2.0,977.5,2.4,333,71,,,,0
2026-07-20 23:00:00+00:00,27.0,94.29,0.3,1002.0328010000001,7.408,107,100,28.3,77,3.2,977.0,9.5,119,94,26.3,93,0.3,977.6,6.9,47,100,26.9,89,2.0,977.2,2.9,330,70,,,,0
2026-07-21 00:00:00+00:00,27.0,94.29,0.4,1002.0328010000001,6.482,27,100,28.1,80,3.3,976.6,10.3,119,100,26.2,93,0.3,977.6,7.0,35,100,26.8,90,2.0,976.9,3.2,333,71,,,,0
2026-07-21 01:00:00+00:00,26.0,94.24,3.8,1003.048718,10.186,51,100,27.8,82,3.8,976.8,10.8,111,100,26.2,93,1.1,977.9,6.9,47,100,26.9,90,1.4,977.1,2.7,337,74,,,,0
2026-07-21 02:00:00+00:00,26.5,94.265,1.0,1003.048718,9.26,72,100,28.0,81,3.0,977.1,14.0,108,100,26.2,94,1.1,978.5,8.1,69,100,27.2,88,1.4,977.3,2.4,333,79,,,,0
2026-07-21 03:00:00+00:00,27.0,91.575,0.4,1003.048718,13.89,84,100,28.3,80,2.1,977.3,15.7,110,100,26.2,94,1.1,978.8,9.4,83,100,27.6,86,1.4,977.6,1.5,346,85,,,,0
2026-07-21 04:00:00+00:00,26.5,91.55,0.1,1003.5566765,12.964,86,100,28.3,80,2.5,977.5,15.5,108,100,26.4,94,0.2,978.8,10.8,88,100,28.1,84,1.4,977.9,0.8,27,91,,,,0
2026-07-21 05:00:00+00:00,26.5,91.55,0.2,1003.048718,11.112,101,100,28.6,78,1.3,977.4,16.8,118,100,26.7,95,0.2,978.7,11.9,92,100,28.6,82,1.4,978.1,1.1,90,96,,,,0
2026-07-21 06:00:00+00:00,27.0,88.86,0.1,1003.048718,20.372,94,100,29.1,74,1.0,977.5,15.6,116,100,27.1,94,0.2,978.4,12.6,95,100,28.9,80,1.4,978.1,1.8,101,98,,,,0
2026-07-21 07:00:00+00:00,27.0,91.575,0.9,1003.048718,21.298000000000002,89,100,29.7,71,0.0,977.1,17.1,118,100,27.5,92,1.0,978.0,12.5,102,100,29.2,79,0.5,977.8,3.0,104,97,,,,0
2026-07-21 08:00:00+00:00,27.5,89.055,0.5,1003.048718,13.89,109,100,31.0,65,0.0,976.2,11.9,125,100,28.0,90,1.0,977.3,11.7,108,100,29.6,78,0.5,977.3,4.0,100,93,,,,0
2026-07-21 09:00:00+00:00,28.5,86.435,0.4,1002.0328010000001,12.964,104,100,32.3,60,1.2,975.8,13.0,118,100,28.4,87,1.0,976.8,11.0,113,100,29.9,77,0.5,976.6,5.4,98,88,,,,0
2026-07-21 10:00:00+00:00,29.5,81.58500000000001,4.3,1001.016884,12.964,106,99,30.2,70,2.8,975.5,13.0,96,100,28.8,84,0.8,976.2,9.2,111,100,30.2,76,0.5,975.9,6.8,93,83,,,,0
2026-07-21 11:00:00+00:00,31.0,70.53,0.6,1000.0009670000001,14.816,111,99,29.8,72,1.1,975.1,11.2,84,100,29.2,82,0.8,975.7,7.3,101,100,30.4,75,0.5,975.5,8.3,92,79,,,,0
2026-07-21 12:00:00+00:00,30.0,79.24,0.1,1000.0009670000001,14.816,78,100,31.3,64,0.1,975.3,10.9,117,100,29.3,81,0.8,975.5,6.1,90,100,30.4,75,0.5,975.3,9.0,92,78,,,,0
2026-07-21 13:00:00+00:00,29.0,84.09,0.1,1000.5089255,13.89,127,95,31.3,64,0.0,975.3,12.0,111,100,29.0,83,0.3,976.0,5.8,86,99,30.3,75,0.2,975.4,9.7,92,80,,,,0
2026-07-21 14:00:00+00:00,28.0,88.94,0.1,1001.016884,12.964,99,98,30.5,68,0.5,976.0,12.7,115,100,28.6,87,0.3,976.7,6.1,90,97,30.2,74,0.2,975.8,10.1,92,84,,,,0
2026-07-21 15:00:00+00:00,28.0,83.82,0.0,1002.0328010000001,13.89,99,95,30.2,69,0.8,976.9,12.0,131,100,28.1,90,0.3,977.4,6.9,96,95,29.9,74,0.2,976.3,10.1,92,90,,,,0
2026-07-21 16:00:00+00:00,28.0,88.94,0.0,1002.5407595,12.038,98,98,30.1,69,0.1,977.5,13.5,132,100,27.5,92,0.1,977.9,8.6,105,93,29.5,75,0.2,976.9,10.1,92,95,,,,0
2026-07-21 17:00:00+00:00,28.0,88.94,0.1,1003.048718,12.038,105,99,29.8,70,0.0,977.6,14.2,126,100,27.0,94,0.1,978.3,10.8,111,92,29.2,75,0.2,977.3,10.1,92,99,,,,0
2026-07-21 18:00:00+00:00,28.0,88.94,0.1,1003.048718,15.742,117,91,29.4,71,0.0,977.5,14.7,126,100,26.5,96,0.1,978.4,12.2,114,89,28.9,76,0.2,977.5,10.1,92,100,,,,0
2026-07-21 19:00:00+00:00,28.0,88.94,0.1,1003.048718,15.742,117,59,29.3,71,0.0,977.0,13.6,130,100,26.3,97,0.1,978.0,11.8,113,83,28.5,78,1.3,977.5,10.1,92,98,,,,0
2026-07-21 20:00:00+00:00,28.0,88.94,0.0,1002.5407595,15.742,110,66,29.1,71,0.1,976.7,13.0,124,100,26.3,97,0.1,977.4,10.2,108,76,28.0,80,1.3,977.2,9.7,90,93,,,,0
2026-07-21 21:00:00+00:00,27.5,91.61500000000001,0.0,1001.5248425,16.668,103,85,29.0,71,0.0,976.4,12.9,113,100,26.2,97,0.1,976.9,9.3,103,73,27.5,83,1.3,976.8,9.4,90,87,,,,0
2026-07-21 22:00:00+00:00,27.0,94.29,1.0,1001.5248425,16.668,100,94,28.9,70,0.0,976.4,13.6,107,100,26.0,97,0.8,976.8,9.5,99,77,27.1,86,1.3,976.5,8.6,90,81,,,,0
2026-07-21 23:00:00+00:00,27.5,86.34,0.4,1002.0328010000001,16.668,95,97,28.9,70,0.0,976.4,13.6,101,100,25.7,98,0.8,977.0,10.1,92,85,26.8,88,1.3,976.2,8.6,90,75,,,,0
2026-07-22 00:00:00+00:00,28.0,83.82,0.6,1002.0328010000001,17.594,98,91,28.7,71,0.0,976.6,14.8,96,100,25.7,97,0.8,977.2,10.8,92,87,26.8,88,1.3,976.1,8.6,90,71,,,,0
2026-07-22 01:00:00+00:00,27.0,88.86,0.7,1002.0328010000001,20.372,99,68,28.7,70,0.0,977.1,16.9,110,100,25.9,95,0.4,977.6,11.9,95,80,27.2,86,0.4,976.2,9.0,92,69,,,,0
2026-07-22 02:00:00+00:00,27.0,91.575,0.2,1002.5407595,18.52,107,80,29.4,67,0.0,977.4,18.0,116,85,26.2,93,0.4,978.0,13.6,101,68,27.9,83,0.4,976.5,9.8,96,69,,,,0
2026-07-22 03:00:00+00:00,27.0,88.86,0.7,1003.048718,17.594,110,64,30.7,61,0.0,977.6,18.4,125,92,26.9,89,0.4,978.3,14.9,105,56,28.8,78,0.4,976.8,10.5,98,69,,,,0
2026-07-22 04:00:00+00:00,27.0,91.575,0.4,1003.048718,14.816,118,55,32.0,56,0.0,977.8,18.4,125,100,28.1,82,0.1,978.4,15.6,113,41,29.7,74,0.4,977.1,11.7,101,69,,,,0
2026-07-22 05:00:00+00:00,28.0,88.94,0.7,1003.048718,14.816,125,17,33.5,51,0.0,977.6,17.1,120,100,29.7,73,0.1,978.4,16.3,121,26,30.5,70,0.4,977.3,12.6,103,69,,,,0
2026-07-22 06:00:00+00:00,30.0,79.385,0.2,1003.048718,18.52,124,25,34.3,49,0.0,977.1,18.8,116,92,30.8,67,0.1,978.1,16.6,124,23,31.1,67,0.4,977.3,13.0,104,68,,,,0
2026-07-22 07:00:00+00:00,31.0,72.685,0.2,1003.048718,23.150000000000002,121,90,35.0,46,0.0,976.3,18.4,113,75,31.5,65,0.1,977.5,15.7,122,43,31.4,66,0.1,976.9,13.5,106,65,,,,0
2026-07-22 08:00:00+00:00,31.5,68.59,0.0,1002.0328010000001,21.298000000000002,110,97,34.7,47,0.0,975.5,19.4,108,100,31.8,65,0.1,976.6,14.3,115,76,31.5,65,0.1,976.3,13.5,106,61,,,,0
2026-07-22 09:00:00+00:00,32.0,66.65,0.1,1001.016884,19.446,106,100,35.0,46,0.0,975.1,18.3,110,95,31.7,68,0.1,975.9,12.1,107,99,31.6,66,0.1,975.7,13.5,106,57,,,,0
2026-07-22 10:00:00+00:00,33.0,64.92999999999999,0.1,1000.0009670000001,18.52,104,100,34.8,46,0.3,974.7,17.4,112,100,30.7,75,0.3,975.4,8.3,92,100,31.6,66,0.1,975.0,13.1,106,53,,,,0
2026-07-22 11:00:00+00:00,32.5,64.83,0.1,1000.0009670000001,19.446,101,100,34.4,48,0.1,974.7,18.9,108,100,29.3,84,0.3,975.1,5.4,53,100,31.5,67,0.1,974.5,13.1,106,50,,,,0
2026-07-22 12:00:00+00:00,32.0,66.65,0.1,1000.0009670000001,18.52,46,96,34.3,48,0.0,974.8,17.0,111,100,28.3,90,0.3,975.1,5.7,18,95,31.5,67,0.1,974.2,12.7,105,51,,,,0
2026-07-22 13:00:00+00:00,31.5,66.545,0.0,1000.0009670000001,15.742,45,88,33.4,51,0.0,975.0,19.7,105,100,28.3,92,0.1,975.5,6.0,17,91,31.4,67,0.0,974.3,12.2,104,56,,,,0
2026-07-22 14:00:00+00:00,31.0,70.53,0.0,1001.016884,13.89,64,84,32.4,55,0.0,975.6,19.9,112,100,28.6,91,0.1,976.2,5.9,38,85,31.3,66,0.0,974.6,11.7,101,64,,,,0
2026-07-22 15:00:00+00:00,30.5,72.605,0.0,1001.016884,14.816,64,91,32.2,55,0.0,976.1,17.6,118,100,28.8,90,0.1,976.7,6.5,56,80,31.2,65,0.0,975.0,11.3,99,74,,,,0
2026-07-22 16:00:00+00:00,30.0,74.68,0.0,1002.0328010000001,12.964,83,91,32.1,56,0.0,976.6,17.2,116,100,28.7,89,0.1,976.9,7.5,73,77,31.0,65,0.0,975.5,10.9,96,84,,,,0
2026-07-22 17:00:00+00:00,30.0,74.68,0.1,1002.0328010000001,11.112,97,89,31.9,56,0.0,976.8,16.1,114,93,28.4,87,0.1,977.1,9.4,88,74,30.7,65,0.0,976.0,10.4,92,92,,,,0
2026-07-22 18:00:00+00:00,29.5,76.89,0.0,1001.016884,14.816,101,72,31.8,55,0.0,976.3,17.0,107,14,28.1,86,0.1,977.0,10.9,96,66,30.4,66,0.0,976.2,10.4,92,96,,,,0
2026-07-22 19:00:00+00:00,29.0,79.1,0.0,1001.016884,16.668,99,77,31.2,58,0.0,975.8,18.1,107,77,28.0,85,0.0,976.7,11.7,99,44,29.9,68,0.4,976.1,10.5,94,96,,,,0
2026-07-22 20:00:00+00:00,29.0,79.1,0.0,1001.016884,14.816,98,34,30.8,60,0.0,975.5,17.4,108,14,27.9,84,0.0,976.2,12.1,102,17,29.3,71,0.4,976.0,10.9,96,92,,,,0
2026-07-22 21:00:00+00:00,28.5,81.46,0.0,1000.5089255,14.816,103,7,30.1,64,0.0,975.0,17.1,108,21,27.7,85,0.0,975.9,12.2,104,5,28.6,75,0.4,975.7,11.7,99,87,,,,0
2026-07-22 22:00:00+00:00,29.0,79.1,0.0,1000.0009670000001,18.52,104,2,29.9,65,0.0,974.8,16.1,110,16,27.3,88,0.0,975.7,11.6,106,22,27.9,79,0.4,975.4,12.1,102,81,,,,0
2026-07-22 23:00:00+00:00,28.0,83.82,0.0,1000.0009670000001,16.668,103,3,29.7,65,0.0,974.9,16.9,106,100,26.9,92,0.0,975.8,10.2,108,54,27.4,82,0.4,975.1,12.7,105,75,,,,0
2026-07-23 00:00:00+00:00,28.0,83.82,0.0,1001.016884,16.668,107,81,29.3,68,0.0,975.3,17.2,106,83,26.6,94,0.0,976.0,9.9,109,77,27.2,83,0.4,975.0,12.7,105,71,,,,0
2026-07-23 01:00:00+00:00,28.0,78.96,1.5,1001.016884,12.964,96,77,29.2,69,0.0,975.9,17.0,103,15,26.5,94,0.6,976.2,10.7,104,81,27.3,83,0.2,975.0,12.6,103,69,,,,0
2026-07-23 02:00:00+00:00,28.5,81.46,0.4,1001.016884,17.594,103,66,29.8,66,0.0,976.2,17.5,104,10,26.6,92,0.6,976.5,12.0,99,76,27.8,81,0.2,975.3,12.1,100,67,,,,0
2026-07-23 03:00:00+00:00,29.0,79.1,0.2,1001.016884,23.150000000000002,100,61,30.9,61,0.1,976.4,16.3,108,16,27.1,89,0.6,976.8,13.4,96,69,28.4,79,0.2,975.4,11.2,96,67,,,,0
2026-07-23 04:00:00+00:00,30.0,74.68,0.3,1001.016884,23.150000000000002,96,11,32.1,55,0.2,976.3,18.0,110,73,28.2,83,0.1,976.8,14.2,99,59,29.0,76,0.2,975.7,10.8,90,66,,,,0
2026-07-23 05:00:00+00:00,30.5,72.605,0.1,1001.5248425,21.298000000000002,107,21,32.5,55,1.0,976.0,19.4,108,56,29.7,74,0.1,976.7,15.2,104,46,29.6,74,0.2,975.7,10.5,86,65,,,,0
2026-07-23 06:00:00+00:00,31.5,68.59,0.0,1001.016884,17.594,104,37,34.3,48,1.7,975.4,21.0,102,100,31.0,68,0.1,976.4,15.4,106,40,30.0,72,0.2,975.6,10.5,84,65,,,,0
2026-07-23 07:00:00+00:00,32.5,61.065,0.1,1000.5089255,24.076,106,30,34.7,45,0.0,974.5,21.3,106,80,31.7,65,0.2,975.8,14.8,104,46,30.2,71,0.1,975.3,10.9,84,64,,,,0
2026-07-23 08:00:00+00:00,31.5,68.59,0.2,1000.0009670000001,23.150000000000002,104,31,35.0,42,0.0,973.7,20.0,108,100,32.1,65,0.2,974.9,14.3,100,58,30.4,71,0.1,974.8,11.2,84,63,,,,0
2026-07-23 09:00:00+00:00,31.5,68.59,0.1,999.4930085000001,20.372,99,80,35.1,41,0.0,973.3,22.1,112,100,32.3,65,0.2,974.3,13.4,98,68,30.4,71,0.1,974.1,11.5,86,62,,,,0
2026-07-23 10:00:00+00:00,32.5,61.065,1.3,998.4770915,25.002000000000002,107,91,34.4,45,0.0,973.0,22.3,104,100,32.2,67,0.5,973.9,12.4,100,72,30.4,71,0.1,973.5,12.2,88,62,,,,0
2026-07-23 11:00:00+00:00,32.0,62.78,0.6,997.9691329999999,22.224,97,23,33.9,47,0.0,973.3,22.0,101,100,31.9,69,0.5,973.6,11.2,105,74,30.3,72,0.1,973.1,12.6,92,62,,,,0
2026-07-23 12:00:00+00:00,31.0,68.485,0.2,997.9691329999999,17.594,110,81,33.5,48,0.0,973.6,20.1,100,100,31.3,73,0.5,973.7,10.5,112,75,30.2,72,0.1,972.9,13.0,93,64,,,,0
2026-07-23 13:00:00+00:00,31.0,70.53,0.2,998.4770915,19.446,113,64,33.1,50,0.0,973.7,20.3,97,100,30.2,78,0.4,974.1,10.0,120,74,30.1,72,0.0,973.1,13.4,96,68,,,,0
2026-07-23 14:00:00+00:00,30.5,72.605,0.0,998.98505,15.742,109,23,32.4,53,0.0,974.3,20.7,97,100,28.8,83,0.4,974.9,10.0,128,72,29.8,72,0.0,973.7,13.4,98,75,,,,0
2026-07-23 15:00:00+00:00,30.5,70.56,0.3,1000.0009670000001,12.038,136,67,32.0,55,0.1,974.7,18.7,109,100,27.7,87,0.4,975.5,10.2,129,73,29.5,73,0.0,974.3,14.0,102,83,,,,0
2026-07-23 16:00:00+00:00,30.0,74.68,3.5,1000.5089255,14.816,65,91,31.9,56,0.0,975.0,17.9,115,100,27.4,89,0.8,975.9,11.2,123,81,29.2,73,0.0,975.0,14.1,103,90,,,,0
2026-07-23 17:00:00+00:00,30.0,74.68,0.8,1001.016884,12.964,105,93,31.6,57,0.0,975.0,16.9,119,100,27.4,90,0.8,976.3,12.4,116,92,28.9,74,0.0,975.6,14.2,106,96,,,,0
2026-07-23 18:00:00+00:00,29.5,76.89,0.0,1001.016884,20.372,108,87,31.4,58,0.0,975.2,16.4,116,100,27.4,90,0.8,976.4,13.3,109,94,28.6,75,0.0,975.9,14.2,106,98,,,,0
2026-07-23 19:00:00+00:00,29.0,79.1,0.0,1001.016884,21.298000000000002,101,77,31.0,59,0.0,975.1,17.5,104,52,27.2,90,0.0,976.1,12.6,103,74,28.2,77,0.3,975.9,13.8,105,96,,,,0
2026-07-23 20:00:00+00:00,28.5,81.46,0.0,1000.5089255,18.52,103,48,30.3,62,0.0,974.9,18.8,102,6,27.0,90,0.0,975.6,11.2,96,45,27.8,79,0.3,975.7,13.3,103,91,,,,0
2026-07-23 21:00:00+00:00,28.0,83.82,0.0,1000.0009670000001,18.52,90,27,29.7,64,0.0,974.6,18.6,99,5,26.8,90,0.0,975.2,10.1,88,30,27.4,82,0.3,975.3,12.7,98,84,,,,0
2026-07-23 22:00:00+00:00,28.0,83.82,0.0,1000.0009670000001,18.52,93,33,29.3,66,0.0,974.3,19.5,94,30,26.4,92,0.0,975.3,9.8,84,43,27.0,84,0.3,975.0,12.3,93,77,,,,0
2026-07-23 23:00:00+00:00,28.0,81.38999999999999,0.0,1000.0009670000001,18.52,93,88,29.0,68,0.0,974.3,18.8,94,39,26.0,94,0.0,975.4,9.8,82,69,26.8,86,0.3,974.7,11.5,90,71,,,,0
2026-07-24 00:00:00+00:00,28.0,86.38,0.1,1000.0009670000001,11.112,80,87,28.6,71,0.0,974.5,19.1,92,100,25.9,95,0.0,975.6,10.1,84,89,26.8,87,0.3,974.6,11.2,88,67,,,,0
2026-07-24 01:00:00+00:00,28.0,83.82,0.1,1000.0009670000001,17.594,84,63,28.6,71,0.0,974.9,18.8,95,60,26.5,92,0.1,975.7,11.9,90,95,27.0,86,0.0,974.7,10.8,90,66,,,,0
2026-07-24 02:00:00+00:00,28.5,81.46,0.0,1000.0009670000001,17.594,91,85,29.1,69,0.0,975.4,19.4,101,56,27.4,87,0.1,975.6,14.5,96,94,27.5,85,0.0,975.0,10.5,94,67,,,,0
2026-07-24 03:00:00+00:00,29.0,79.1,0.0,1001.016884,25.002000000000002,102,89,29.6,68,0.0,975.5,20.2,109,82,28.3,82,0.1,975.7,15.8,102,93,28.1,82,0.0,975.3,10.2,98,68,,,,0
2026-07-24 04:00:00+00:00,29.5,76.89,0.1,1001.016884,24.076,105,90,30.8,64,0.0,975.5,18.9,111,89,29.2,79,0.2,976.0,15.7,110,92,28.7,80,0.0,975.6,10.0,105,70,,,,0
2026-07-24 05:00:00+00:00,30.0,74.68,0.2,1001.016884,21.298000000000002,110,95,32.5,58,0.3,975.1,19.4,112,63,30.0,76,0.2,976.3,14.7,121,89,29.3,77,0.0,975.9,9.9,109,72,,,,0
2026-07-24 06:00:00+00:00,28.0,88.94,0.2,1001.016884,17.594,122,87,33.2,55,1.4,974.9,19.8,123,65,30.5,75,0.2,976.4,13.6,127,88,29.8,75,0.0,975.8,10.2,113,72,,,,0
2026-07-24 07:00:00+00:00,29.5,84.13,0.6,1000.5089255,25.002000000000002,130,100,34.1,51,0.4,974.4,19.5,129,70,30.3,77,1.1,976.1,11.6,126,91,30.3,73,0.2,975.5,10.3,115,71,,,,0
2026-07-24 08:00:00+00:00,30.5,77.03999999999999,1.3,1000.0009670000001,20.372,158,88,34.4,50,0.0,973.8,17.2,127,90,29.7,81,1.1,975.4,9.2,121,95,30.7,71,0.2,974.9,10.5,117,68,,,,0
2026-07-24 09:00:00+00:00,31.0,74.97999999999999,4.8,999.4930085000001,21.298000000000002,122,98,34.1,51,0.0,973.4,16.7,123,100,29.3,83,1.1,974.8,7.2,108,96,31.1,69,0.2,974.2,10.8,116,65,,,,0
2026-07-24 10:00:00+00:00,32.0,70.72,0.8,998.98505,23.150000000000002,97,91,34.2,50,0.0,973.1,16.6,124,100,29.6,83,0.2,974.0,6.1,93,90,31.4,67,0.2,973.5,11.1,115,62,,,,0
2026-07-24 11:00:00+00:00,33.0,63.01,0.1,997.9691329999999,21.298000000000002,117,91,34.2,50,0.0,972.7,14.8,116,100,30.1,82,0.2,973.2,6.3,77,81,31.6,65,0.2,972.9,11.1,115,60,,,,0
2026-07-24 12:00:00+00:00,32.5,64.83,0.2,997.4611745,18.52,73,77,34.2,50,0.0,972.8,14.7,115,100,30.4,81,0.2,972.8,7.0,69,74,31.7,65,0.2,972.7,11.4,114,60,,,,0
2026-07-24 13:00:00+00:00,32.0,68.685,0.0,997.9691329999999,18.52,81,95,33.9,51,0.0,973.3,15.9,115,100,30.2,82,0.1,973.4,7.9,74,74,31.5,66,0.0,972.9,11.8,113,63,,,,0
2026-07-24 14:00:00+00:00,31.0,74.84,0.0,998.4770915,19.446,111,92,33.6,51,0.0,974.0,16.3,115,100,29.7,84,0.1,974.4,9.1,83,77,31.1,67,0.0,973.5,12.1,113,68,,,,0
2026-07-24 15:00:00+00:00,31.0,74.84,0.0,999.4930085000001,20.372,95,70,33.2,52,0.0,974.7,17.6,116,100,29.2,86,0.1,975.4,10.4,90,76,30.6,70,0.0,974.1,12.4,112,74,,,,0
2026-07-24 16:00:00+00:00,28.5,86.41999999999999,0.0,1000.5089255,16.668,95,84,32.8,54,0.0,975.3,16.8,135,100,28.8,86,0.1,975.8,11.6,95,65,30.0,72,0.0,974.9,12.6,110,80,,,,0
2026-07-24 17:00:00+00:00,29.0,89.02,0.0,1001.016884,14.816,98,65,32.5,55,0.0,975.4,15.6,128,100,28.5,86,0.1,976.2,13.1,99,50,29.5,74,0.0,975.5,13.0,109,85,,,,0
2026-07-24 18:00:00+00:00,29.0,89.02,0.0,1001.016884,13.89,104,40,31.9,59,0.0,975.8,17.1,132,100,28.2,86,0.1,976.5,13.7,104,37,29.1,76,0.0,975.9,13.0,109,87,,,,0
2026-07-24 19:00:00+00:00,29.0,89.02,0.0,1001.016884,14.816,112,9,31.4,61,0.0,975.8,17.6,136,100,28.0,85,0.0,976.7,13.1,106,30,28.8,77,0.0,976.0,13.0,109,86,,,,0
2026-07-24 20:00:00+00:00,29.0,83.93,0.0,1001.016884,14.816,115,26,30.8,63,0.1,975.6,16.0,136,53,27.8,84,0.0,976.7,12.1,107,27,28.4,79,0.0,976.0,12.6,110,83,,,,0
2026-07-24 21:00:00+00:00,28.5,86.435,0.1,1001.016884,11.112,109,38,30.5,64,0.1,975.5,14.3,137,52,27.7,84,0.0,976.7,11.2,111,23,28.0,80,0.0,975.9,12.0,111,78,,,,0
2026-07-24 22:00:00+00:00,28.0,88.94,0.1,1001.016884,14.816,117,20,30.5,64,0.0,975.2,13.8,123,69,27.5,86,0.1,976.6,10.5,117,17,27.8,81,0.0,975.8,11.8,113,73,,,,0
2026-07-24 23:00:00+00:00,28.0,91.63499999999999,0.1,1001.016884,16.668,117,36,30.5,64,0.0,975.7,13.7,120,25,27.3,88,0.1,976.4,10.2,122,12,27.7,82,0.0,975.8,11.4,114,68,,,,0
2026-07-25 00:00:00+00:00,28.0,88.94,0.1,1001.5248425,16.668,122,7,30.2,65,0.0,976.3,12.3,128,95,27.4,89,0.1,976.4,10.1,125,12,27.8,81,0.0,975.8,11.1,115,65,,,,0
2026-07-25 01:00:00+00:00,28.0,88.94,0.0,1002.0328010000001,16.668,129,16,30.3,64,0.0,977.1,12.8,128,66,27.8,87,0.0,976.8,10.4,124,22,28.3,79,0.0,976.0,11.1,115,63,,,,0
2026-07-25 02:00:00+00:00,28.5,86.435,0.0,1003.048718,17.594,122,33,30.9,61,0.0,977.7,14.1,140,38,28.5,84,0.0,977.6,11.2,123,37,29.0,76,0.0,976.2,10.8,116,63,,,,0
2026-07-25 03:00:00+00:00,29.0,83.93,0.1,1003.048718,17.594,115,55,31.7,57,0.0,977.8,14.9,148,0,29.2,80,0.0,978.1,11.8,121,53,29.9,72,0.0,976.7,10.8,116,63,,,,0
2026-07-25 04:00:00+00:00,30.0,79.24,0.1,1003.048718,18.52,115,84,32.8,53,0.0,977.7,14.6,142,14,30.0,75,0.3,978.5,12.8,122,68,30.8,69,0.0,977.0,10.9,117,63,,,,0
2026-07-25 05:00:00+00:00,30.0,79.385,0.3,1003.048718,20.372,114,95,34.2,48,0.0,977.3,15.5,138,17,30.9,69,0.3,978.6,13.5,124,82,31.6,65,0.0,977.2,11.3,117,63,,,,0
2026-07-25 06:00:00+00:00,31.0,79.38,0.3,1003.048718,15.742,123,88,35.4,44,0.0,976.8,16.8,135,40,31.6,65,0.3,978.5,14.0,125,93,32.1,63,0.0,977.3,11.3,117,62,,,,0
2026-07-25 07:00:00+00:00,32.5,68.785,0.2,1002.5407595,20.372,124,77,36.1,42,0.0,976.1,16.8,133,94,31.9,64,0.2,977.9,13.9,127,98,32.4,62,0.0,977.0,11.8,117,61,,,,0
2026-07-25 08:00:00+00:00,33.0,63.01,0.1,1002.0328010000001,16.668,126,96,35.4,44,0.0,975.6,16.6,131,100,32.1,65,0.2,977.2,13.3,128,99,32.7,61,0.0,976.6,12.4,116,59,,,,0
2026-07-25 09:00:00+00:00,33.0,63.01,0.3,1001.5248425,15.742,127,98,35.7,43,0.0,975.3,16.3,137,100,32.0,67,0.2,976.5,12.3,128,99,32.7,61,0.0,976.0,12.9,117,56,,,,0
2026-07-25 10:00:00+00:00,33.0,63.01,0.3,1001.016884,19.446,125,100,35.6,43,0.0,975.1,13.8,139,100,31.7,71,0.1,976.1,10.9,117,99,32.7,61,0.0,975.5,13.7,117,55,,,,0
2026-07-25 11:00:00+00:00,32.0,68.685,0.2,1000.5089255,19.446,111,84,35.4,44,0.4,975.0,13.7,135,100,31.1,76,0.1,975.9,10.2,100,99,32.6,62,0.0,975.1,14.0,116,54,,,,0
2026-07-25 12:00:00+00:00,32.0,70.72,0.0,1001.016884,19.446,89,98,34.6,48,0.2,975.2,13.7,125,100,30.4,81,0.1,976.0,10.1,86,99,32.4,63,0.0,974.9,14.0,116,55,,,,0
2026-07-25 13:00:00+00:00,31.0,74.84,0.0,1001.016884,17.594,90,98,34.3,49,0.0,975.7,13.9,121,100,29.7,84,0.0,976.6,10.2,80,100,32.1,65,0.0,975.1,13.5,115,59,,,,0
2026-07-25 14:00:00+00:00,31.0,74.84,0.0,1001.016884,15.742,82,98,34.0,50,0.0,976.0,13.3,123,100,29.0,85,0.0,977.4,10.2,80,100,31.5,67,0.0,975.7,12.2,114,64,,,,0
2026-07-25 15:00:00+00:00,30.5,77.03999999999999,0.0,1002.0328010000001,14.816,85,98,33.8,51,0.0,976.6,12.6,117,100,28.4,87,0.0,978.2,9.9,80,99,30.9,70,0.0,976.2,11.3,112,71,,,,0
2026-07-25 16:00:00+00:00,30.0,79.24,0.0,1003.048718,13.89,86,97,33.7,51,0.0,977.0,13.5,115,100,28.0,89,0.0,978.4,9.6,77,97,30.3,72,0.0,976.8,10.0,111,78,,,,0
2026-07-25 17:00:00+00:00,30.0,79.24,0.0,1003.5566765,11.112,94,88,33.5,52,0.0,977.2,12.2,118,100,27.7,92,0.0,978.5,9.0,74,93,29.7,75,0.0,977.4,8.8,109,83,,,,0
2026-07-25 18:00:00+00:00,30.0,79.24,0.0,1003.5566765,12.964,81,87,33.2,54,0.0,977.2,12.4,120,100,27.5,94,0.0,978.5,8.7,73,85,29.2,77,0.0,977.7,8.0,108,86,,,,0
2026-07-25 19:00:00+00:00,29.5,81.58500000000001,0.1,1003.048718,13.89,81,73,32.7,56,0.0,976.9,13.0,118,100,27.4,95,0.0,978.3,8.4,80,67,28.7,79,1.9,977.8,7.5,107,85,,,,0
2026-07-25 20:00:00+00:00,29.0,83.93,0.0,1003.048718,13.89,100,50,32.4,58,0.0,976.6,13.4,121,100,27.4,95,0.0,977.9,8.6,92,44,28.2,81,1.9,977.6,7.4,104,83,,,,0
2026-07-25 21:00:00+00:00,29.0,83.93,0.0,1002.0328010000001,17.594,102,20,31.3,62,1.6,976.4,15.4,123,100,27.5,95,0.0,977.6,8.5,102,33,27.8,82,1.9,977.5,7.4,104,78,,,,0
2026-07-25 22:00:00+00:00,28.5,86.435,0.0,1002.0328010000001,13.89,100,56,31.4,61,0.0,975.9,11.6,120,100,27.5,94,0.0,977.5,7.3,110,44,27.4,83,1.9,977.3,7.3,101,73,,,,0
2026-07-25 23:00:00+00:00,28.0,88.94,0.0,1002.0328010000001,10.186,104,72,31.3,61,0.2,976.0,9.8,114,81,27.6,93,0.0,977.5,5.7,125,66,27.3,84,1.9,977.1,7.0,102,68,,,,0
2026-07-26 00:00:00+00:00,28.0,88.94,0.0,1002.0328010000001,9.26,135,74,30.9,62,0.0,976.4,10.0,116,37,27.8,92,0.0,977.5,4.6,135,83,27.4,83,1.9,977.0,6.6,103,64,,,,0
2026-07-26 01:00:00+00:00,28.0,88.94,0.4,1002.0328010000001,6.482,140,86,30.8,62,0.0,977.1,10.8,111,100,28.2,91,0.3,977.7,3.8,139,88,27.9,81,0.0,977.0,5.6,105,60,,,,0
2026-07-26 02:00:00+00:00,28.5,86.435,0.1,1003.048718,3.704,154,97,31.2,61,0.0,977.3,11.9,119,100,28.7,89,0.3,978.0,2.8,130,88,28.7,78,0.0,977.3,4.3,114,56,,,,0
2026-07-26 03:00:00+00:00,30.0,79.24,0.0,1003.048718,6.482,122,88,32.0,58,0.0,977.5,10.7,123,100,29.4,86,0.3,978.2,2.4,117,88,29.7,74,0.0,977.5,2.8,130,52,,,,0
2026-07-26 04:00:00+00:00,31.5,72.78,0.0,1003.048718,7.408,81,88,33.2,54,0.0,977.3,9.4,122,100,30.4,80,0.2,978.4,2.9,97,92,30.8,70,0.0,977.7,2.3,162,48,,,,0
2026-07-26 05:00:00+00:00,32.5,68.785,0.1,1003.048718,7.408,93,96,34.4,50,0.0,977.1,10.0,120,100,31.6,73,0.2,978.6,4.0,90,96,31.8,66,0.0,977.8,2.3,198,44,,,,0
2026-07-26 06:00:00+00:00,33.5,65.03999999999999,0.1,1003.048718,9.26,68,98,35.6,46,0.0,976.8,7.9,129,100,32.6,67,0.2,978.6,4.7,90,99,32.5,63,0.0,977.7,2.6,214,41,,,,0
2026-07-26 07:00:00+00:00,34.0,61.41,0.2,1003.048718,8.334,113,91,36.8,42,0.0,976.2,8.5,126,100,33.2,64,0.1,978.1,4.4,99,100,33.1,60,0.0,977.3,2.3,219,39,,,,0
2026-07-26 08:00:00+00:00,34.5,57.985,0.2,1003.048718,12.038,132,96,37.6,38,0.0,975.3,7.9,141,99,33.4,62,0.1,977.6,4.0,117,100,33.7,58,0.0,976.7,1.5,225,38,,,,0
2026-07-26 09:00:00+00:00,35.0,54.745000000000005,0.1,1002.0328010000001,13.89,144,98,36.7,40,0.0,974.7,6.1,177,100,33.6,61,0.1,976.9,3.8,131,100,34.1,55,0.0,976.0,0.5,225,37,,,,0
2026-07-26 10:00:00+00:00,35.0,56.38,0.1,1001.016884,11.112,144,96,37.3,38,0.0,974.3,4.0,180,100,33.9,60,0.0,976.2,3.9,124,99,34.5,53,0.0,975.2,0.5,45,36,,,,0
2026-07-26 11:00:00+00:00,35.0,54.745000000000005,0.0,1000.0009670000001,12.964,117,88,37.0,39,0.0,973.9,4.6,135,100,34.0,59,0.0,975.5,3.8,107,96,34.8,52,0.0,974.6,1.0,45,35,,,,0
2026-07-26 12:00:00+00:00,35.0,53.11,0.0,1000.0009670000001,11.112,77,97,36.2,41,0.0,974.2,10.0,120,100,33.9,60,0.0,975.1,3.6,96,94,34.9,51,0.0,974.3,1.3,56,34,,,,0
2026-07-26 13:00:00+00:00,34.0,57.86,0.0,1000.0009670000001,11.112,45,95,35.7,42,0.0,974.2,10.7,130,100,33.2,66,0.0,975.2,2.6,106,91,34.8,51,0.0,974.2,1.1,72,31,,,,0
2026-07-26 14:00:00+00:00,34.0,59.59,0.0,1000.0009670000001,10.186,54,99,35.4,43,0.0,974.6,9.4,140,100,32.2,74,0.0,975.6,1.6,153,88,34.6,52,0.0,974.3,0.8,153,27,,,,0
2026-07-26 15:00:00+00:00,33.0,63.01,0.0,1000.5089255,8.334,270,95,35.0,45,0.0,975.1,9.6,160,48,31.3,80,0.0,976.0,1.8,191,86,34.2,53,0.0,974.7,2.2,180,23,,,,0
2026-07-26 16:00:00+00:00,33.0,63.01,0.0,1001.016884,8.334,315,28,34.7,46,0.0,975.5,9.1,173,7,30.9,82,0.0,976.3,1.9,202,90,33.8,54,0.0,975.0,3.3,193,20,,,,0
2026-07-26 17:00:00+00:00,32.5,64.83,0.0,1001.016884,6.482,180,49,34.4,47,0.0,975.7,9.0,175,40,30.7,83,0.0,976.4,1.5,194,95,33.4,56,0.0,975.2,4.5,194,19,,,,0
2026-07-26 18:00:00+00:00,32.0,66.65,0.0,1001.016884,4.63,141,91,34.2,48,0.0,975.6,8.0,175,64,30.5,83,0.0,976.4,1.5,194,90,33.0,57,0.0,975.4,4.9,197,20,,,,0
2026-07-26 19:00:00+00:00,31.5,68.59,0.0,1001.016884,3.704,117,25,34.0,48,0.0,975.2,7.3,171,100,30.1,83,0.0,976.0,1.9,202,63,32.7,59,0.0,975.4,4.9,197,25,,,,0
2026-07-26 20:00:00+00:00,31.0,70.53,0.0,1000.5089255,4.63,180,8,33.8,49,0.0,974.8,7.3,169,100,29.7,83,0.0,975.5,2.6,214,26,32.2,61,0.0,975.2,4.6,198,34,,,,0
2026-07-26 21:00:00+00:00,31.0,74.84,0.0,1000.0009670000001,4.63,208,4,33.5,50,0.0,974.3,7.0,168,100,29.4,83,0.0,975.1,3.1,225,5,31.8,63,0.0,975.1,3.8,197,44,,,,0
2026-07-26 22:00:00+00:00,30.0,74.68,0.0,1000.0009670000001,1.852,211,100,33.3,51,0.0,974.2,6.9,171,100,29.3,84,0.0,975.0,2.9,240,19,31.4,65,0.0,974.9,2.6,196,55,,,,0
2026-07-26 23:00:00+00:00,30.0,74.68,0.0,1000.0009670000001,2.778,211,39,33.2,52,0.0,974.0,4.3,180,100,29.3,84,0.0,975.0,2.9,263,50,31.2,66,0.0,974.8,1.9,202,64,,,,0
2026-07-27 00:00:00+00:00,29.5,79.305,0.0,1000.0009670000001,1.852,293,65,33.2,52,0.0,974.2,3.3,167,100,29.5,84,0.0,975.1,2.9,277,69,31.0,67,0.0,974.6,0.8,207,70,,,,0
2026-07-27 01:00:00+00:00,29.5,81.58500000000001,0.0,1000.0009670000001,5.556,306,90,33.3,51,0.0,974.7,4.0,153,100,30.0,82,0.0,975.3,3.0,284,61,31.1,67,0.0,974.7,0.5,315,73,,,,0
2026-07-27 02:00:00+00:00,30.5,77.03999999999999,0.0,1000.5089255,11.112,302,44,33.4,51,0.0,975.1,4.2,149,100,30.7,79,0.0,975.6,3.0,284,42,31.3,66,0.0,974.9,1.8,349,73,,,,0
2026-07-27 03:00:00+00:00,31.0,74.84,0.0,1001.016884,10.186,288,24,33.8,50,0.0,975.3,3.3,174,100,31.6,75,0.0,975.8,2.6,286,32,31.6,65,0.0,975.1,3.6,354,73,,,,0
2026-07-27 04:00:00+00:00,32.5,68.785,0.0,1001.016884,10.186,285,53,35.3,45,0.0,975.5,4.0,190,74,32.5,69,0.1,975.7,2.2,279,41,31.9,63,0.0,975.3,4.7,356,71,,,,0
2026-07-27 05:00:00+00:00,33.5,65.03999999999999,0.2,1001.016884,11.112,299,31,36.6,42,0.0,975.2,4.7,212,74,33.5,61,0.1,975.6,1.8,281,59,32.2,61,0.0,975.3,5.8,356,70,,,,0
2026-07-27 06:00:00+00:00,34.0,63.23,0.1,1000.0009670000001,10.186,270,74,37.7,39,0.0,974.8,5.3,208,82,34.4,55,0.1,975.4,1.8,259,75,32.5,60,0.0,975.2,5.8,360,70,,,,0
2026-07-27 07:00:00+00:00,35.0,56.38,0.0,1000.0009670000001,11.112,227,89,38.6,37,0.0,974.0,7.1,195,22,35.0,52,0.0,974.9,2.9,240,85,32.8,59,0.0,974.9,5.1,8,71,,,,0
2026-07-27 08:00:00+00:00,35.5,54.870000000000005,0.0,999.4930085000001,11.112,232,99,38.6,36,0.0,973.2,7.1,195,95,35.3,51,0.0,974.3,4.4,235,93,33.1,57,0.0,974.3,3.7,29,73,,,,0
2026-07-27 09:00:00+00:00,36.0,53.36,0.0,998.4770915,11.112,256,100,37.6,38,0.0,972.5,6.8,198,100,35.4,52,0.0,973.8,5.1,231,99,33.5,55,0.0,973.6,3.5,66,75,,,,0
2026-07-27 10:00:00+00:00,35.0,53.11,0.0,997.9691329999999,12.038,268,98,37.9,36,0.0,972.0,4.0,185,100,34.9,54,0.0,973.4,4.3,228,100,33.7,54,0.0,972.9,4.4,99,76,,,,0
2026-07-27 11:00:00+00:00,34.5,59.805,0.2,997.4611745,11.112,310,99,37.9,36,0.0,971.8,3.2,90,100,34.2,58,0.0,973.0,2.6,214,100,33.8,53,0.0,972.4,5.8,120,77,,,,0
2026-07-27 12:00:00+00:00,33.0,66.975,0.0,997.4611745,13.89,195,99,37.6,37,0.0,972.0,4.8,77,100,33.3,62,0.0,973.0,1.8,169,99,33.8,54,0.0,972.1,7.1,131,76,,,,0
2026-07-27 13:00:00+00:00,31.0,79.38,0.0,996.9532160000001,12.038,360,100,37.2,38,0.0,972.4,6.6,61,100,32.4,68,0.0,973.2,3.1,126,99,33.5,56,0.0,972.2,7.9,141,73,,,,0
2026-07-27 14:00:00+00:00,31.0,79.38,0.0,997.9691329999999,14.816,111,100,36.3,42,0.0,973.1,12.2,90,100,31.4,75,0.0,973.7,5.3,118,100,33.0,59,0.0,972.4,9.0,151,68,,,,0
2026-07-27 15:00:00+00:00,30.0,84.04,0.0,998.4770915,15.742,118,100,35.2,46,0.0,973.6,15.3,120,100,30.6,80,0.0,974.1,7.7,118,100,32.4,63,0.0,972.9,9.8,163,61,,,,0
2026-07-27 16:00:00+00:00,30.0,84.04,0.0,998.98505,16.668,118,100,34.7,48,0.0,973.9,13.8,129,100,30.3,83,0.3,974.5,10.3,126,100,31.7,68,0.0,973.3,10.9,171,56,,,,0
2026-07-27 17:00:00+00:00,29.5,86.53,0.0,998.98505,16.668,132,100,34.2,50,0.0,974.2,13.4,110,100,30.1,84,0.3,974.8,13.5,134,100,31.0,72,0.0,973.8,11.5,176,51,,,,0
2026-07-27 18:00:00+00:00,29.0,89.02,0.1,998.98505,14.816,137,100,33.0,57,0.0,974.3,16.7,127,100,29.7,86,0.3,974.9,15.3,137,100,30.4,75,0.0,974.0,11.9,180,49,,,,0
2026-07-27 19:00:00+00:00,29.0,89.02,0.2,999.4930085000001,12.964,161,100,32.2,60,0.0,973.8,15.1,128,100,28.5,90,1.5,975.0,14.5,132,100,29.8,78,2.9,974.1,11.5,182,50,,,,0
2026-07-27 20:00:00+00:00,29.0,89.02,0.5,998.98505,11.112,135,100,31.7,62,0.3,973.6,14.6,123,100,27.1,95,1.5,975.0,12.3,122,100,29.1,81,2.9,974.0,10.4,182,55,,,,0
2026-07-27 21:00:00+00:00,28.0,94.33,0.5,998.98505,13.89,124,100,30.9,66,0.5,973.5,15.9,118,100,26.3,98,1.5,975.0,10.3,115,100,28.5,85,2.9,973.9,9.0,182,60,,,,0
2026-07-27 22:00:00+00:00,28.5,86.435,0.3,997.9691329999999,12.964,128,98,30.5,68,0.3,973.3,16.5,122,100,26.7,97,0.5,974.6,8.4,121,94,27.9,87,2.9,973.7,7.6,180,66,,,,0
2026-07-27 23:00:00+00:00,28.0,88.94,0.4,997.9691329999999,12.964,122,98,30.2,70,0.0,973.2,13.8,123,100,27.8,95,0.5,974.0,6.6,139,85,27.6,89,2.9,973.6,5.8,180,70,,,,0
2026-07-28 00:00:00+00:00,28.0,86.38,0.2,998.4770915,12.964,153,80,29.7,73,0.0,973.1,10.1,125,100,28.6,93,0.5,973.8,6.4,153,81,27.5,89,2.9,973.6,4.3,180,72,,,,0
2026-07-28 01:00:00+00:00,28.0,83.82,0.3,998.98505,12.038,128,97,30.2,71,3.9,973.5,9.7,112,100,28.5,93,0.5,974.1,7.2,143,85,28.0,87,0.2,973.7,2.5,180,71,,,,0
2026-07-28 02:00:00+00:00,28.0,88.94,0.4,999.4930085000001,12.038,184,93,31.4,66,1.8,973.7,6.9,99,100,28.0,93,0.5,974.6,9.2,132,93,28.8,84,0.2,974.1,0.8,207,68,,,,0
2026-07-28 03:00:00+00:00,28.0,88.94,0.8,1000.0009670000001,9.26,126,99,31.9,64,2.0,974.5,6.8,122,100,27.6,93,0.5,975.2,10.4,124,99,29.8,80,0.2,974.5,1.5,346,64,,,,0
2026-07-28 04:00:00+00:00,28.5,91.675,0.7,1000.0009670000001,12.038,143,98,33.1,58,0.7,974.8,10.9,134,100,27.5,93,2.1,975.8,10.5,121,100,30.9,75,0.2,974.7,3.3,347,59,,,,0
2026-07-28 05:00:00+00:00,30.0,84.04,3.1,1000.0009670000001,11.112,148,100,31.7,65,0.2,974.7,14.2,159,100,27.4,93,2.1,976.4,9.8,118,100,31.8,71,0.2,975.0,4.8,347,55,,,,0
2026-07-28 06:00:00+00:00,29.0,89.02,1.4,1000.0009670000001,14.816,111,100,30.6,67,0.0,975.0,13.2,163,60,27.3,93,2.1,976.7,8.5,118,100,32.4,69,0.2,975.0,5.2,348,51,,,,0
2026-07-28 07:00:00+00:00,28.0,88.94,4.2,1001.016884,21.298000000000002,141,100,31.3,64,0.0,974.7,15.0,156,100,27.0,94,2.2,976.3,6.7,126,100,32.6,68,1.1,974.9,4.8,347,48,,,,0
2026-07-28 08:00:00+00:00,24.5,97.1,2.5,1002.0328010000001,19.446,146,100,29.8,71,0.3,974.2,13.4,160,100,26.7,95,2.2,975.5,4.7,148,100,32.6,68,1.1,974.4,3.5,336,44,,,,0
2026-07-28 09:00:00+00:00,24.5,97.1,1.7,1000.5089255,10.186,180,100,30.8,65,0.1,973.7,7.6,172,100,26.9,94,2.2,974.8,3.2,180,100,32.5,68,1.1,973.8,1.8,307,40,,,,0
2026-07-28 10:00:00+00:00,25.5,94.22,1.3,997.9691329999999,5.556,163,99,31.8,60,0.0,973.2,8.7,128,100,28.2,87,1.1,974.3,1.6,243,80,32.2,69,1.1,973.3,1.9,248,37,,,,0
2026-07-28 11:00:00+00:00,27.5,88.9,0.7,997.9691329999999,5.556,162,100,32.2,59,0.0,973.2,10.2,132,100,30.0,77,1.1,973.8,3.6,323,54,31.9,70,1.1,972.9,3.1,216,36,,,,0
2026-07-28 12:00:00+00:00,28.0,88.94,0.2,997.9691329999999,3.704,329,52,31.5,61,0.0,973.0,8.4,137,100,31.0,72,1.1,973.7,5.2,335,41,31.7,71,1.1,972.7,4.0,207,37,,,,0
2026-07-28 13:00:00+00:00,28.0,88.94,0.1,998.98505,4.63,338,64,31.3,61,0.0,972.9,8.4,155,100,30.7,75,0.0,973.9,3.6,354,56,31.4,72,0.0,972.9,4.3,204,41,,,,0
2026-07-28 14:00:00+00:00,28.0,88.94,0.0,998.98505,6.482,45,99,31.0,63,0.0,973.1,7.6,172,100,29.7,82,0.0,974.5,2.7,67,84,31.1,74,0.0,973.4,4.3,204,48,,,,0
2026-07-28 15:00:00+00:00,28.0,86.38,0.0,999.4930085000001,6.482,109,100,31.0,63,0.0,973.9,9.7,176,100,28.9,87,0.0,975.2,4.1,105,99,30.7,76,0.0,974.0,3.9,202,57,,,,0
2026-07-28 16:00:00+00:00,27.5,91.61500000000001,0.0,1000.5089255,5.556,104,100,31.3,61,0.0,974.6,7.9,164,100,28.5,89,0.0,975.6,3.4,122,86,30.3,78,0.0,974.7,3.5,204,65,,,,0
2026-07-28 17:00:00+00:00,28.0,86.38,0.0,1001.016884,6.482,105,100,31.0,63,0.1,974.8,10.2,132,100,28.2,89,0.0,976.1,1.8,169,60,30.0,80,0.0,975.1,3.1,201,72,,,,0
2026-07-28 18:00:00+00:00,27.5,86.34,0.0,1001.016884,4.63,171,79,30.0,67,0.2,975.7,12.0,134,89,28.0,89,0.0,976.4,1.9,202,45,29.7,81,0.0,975.5,2.3,198,76,,,,0
2026-07-28 19:00:00+00:00,27.0,88.86,0.0,1001.016884,3.704,162,94,29.4,69,0.0,975.8,10.3,144,100,27.7,90,0.0,976.3,1.3,146,55,29.4,82,0.4,975.6,1.4,180,76,,,,0
2026-07-28 20:00:00+00:00,27.0,88.86,0.0,1001.016884,5.556,108,100,29.1,69,0.2,975.6,7.7,131,100,27.5,90,0.0,976.1,3.3,96,75,29.2,83,0.4,975.5,1.0,135,73,,,,0
2026-07-28 21:00:00+00:00,27.0,88.86,0.4,1000.5089255,7.408,81,88,29.0,69,0.0,975.3,6.6,151,42,27.2,91,0.0,975.9,4.7,90,91,29.0,84,0.4,975.4,1.8,79,69,,,,0
2026-07-28 22:00:00+00:00,27.0,88.86,0.2,1000.0009670000001,5.556,108,87,29.3,67,0.0,974.9,6.9,171,95,27.0,93,0.1,975.7,3.7,101,95,28.8,84,0.4,975.2,3.2,63,64,,,,0
2026-07-28 23:00:00+00:00,27.0,88.86,0.0,1000.0009670000001,8.334,128,100,29.6,65,0.0,974.9,5.8,158,19,26.7,96,0.1,975.6,2.4,153,94,28.8,84,0.4,975.0,3.9,56,59,,,,0
2026-07-29 00:00:00+00:00,27.0,88.86,0.0,1001.016884,8.334,167,90,29.3,65,0.0,975.4,4.9,107,100,26.5,97,0.1,975.6,2.9,187,92,28.9,83,0.4,975.0,4.6,51,56,,,,0
2026-07-29 01:00:00+00:00,27.0,88.86,1.3,1001.016884,4.63,119,100,29.2,65,0.0,976.0,6.5,93,79,26.4,97,1.1,975.9,2.2,171,91,29.1,82,0.7,975.1,4.6,45,54,,,,0
2026-07-29 02:00:00+00:00,28.0,83.82,1.6,1001.5248425,3.704,113,98,29.5,64,0.0,976.5,7.6,90,100,26.3,95,1.1,976.5,2.1,121,90,29.5,79,0.7,975.4,3.9,34,52,,,,0
2026-07-29 03:00:00+00:00,28.5,81.46,0.6,1002.0328010000001,3.704,90,91,30.4,60,0.0,976.5,6.9,84,74,26.8,92,1.1,977.0,2.5,90,88,30.1,77,0.7,975.8,3.8,17,51,,,,0
2026-07-29 04:00:00+00:00,30.0,74.68,0.6,1002.0328010000001,6.482,114,88,32.1,54,0.0,976.7,5.8,90,100,28.1,86,0.6,977.2,1.4,90,83,30.6,74,0.7,976.2,3.6,360,50,,,,0
2026-07-29 05:00:00+00:00,31.0,72.685,0.3,1002.0328010000001,7.408,112,84,33.5,49,0.0,976.6,7.0,102,100,29.8,79,0.6,977.1,0.7,180,77,31.2,71,0.7,976.3,3.8,343,50,,,,0
2026-07-29 06:00:00+00:00,31.5,72.78,0.1,1002.0328010000001,5.556,299,78,34.7,46,0.0,976.3,7.4,119,100,31.2,73,0.6,976.9,1.3,236,73,31.8,68,0.7,976.3,3.9,338,50,,,,0
2026-07-29 07:00:00+00:00,32.0,70.72,0.0,1001.016884,8.334,18,51,35.7,43,0.0,975.7,9.0,113,100,31.8,71,0.1,976.5,0.8,297,71,32.4,65,0.0,975.9,4.1,345,51,,,,0
2026-07-29 08:00:00+00:00,33.0,66.85,0.1,1001.016884,6.482,14,53,36.5,41,0.0,975.0,8.9,104,100,32.0,71,0.1,975.8,1.5,14,71,33.2,61,0.0,975.2,4.7,351,54,,,,0
2026-07-29 09:00:00+00:00,34.0,59.59,0.1,1000.5089255,3.704,6,56,36.8,41,0.0,974.1,10.8,92,73,32.1,71,0.1,975.2,2.1,31,72,34.0,57,0.0,974.4,5.0,360,57,,,,0
2026-07-29 10:00:00+00:00,33.0,65.155,0.1,999.4930085000001,13.89,253,91,36.3,42,0.0,973.5,13.6,79,67,32.3,70,0.2,974.5,0.7,90,75,34.7,54,0.0,973.6,5.5,11,60,,,,0
2026-07-29 11:00:00+00:00,32.5,72.96000000000001,0.1,998.98505,12.964,13,91,35.0,46,0.0,972.7,15.3,75,100,32.4,69,0.2,973.9,2.9,180,80,35.1,52,0.0,972.9,6.2,21,63,,,,0
2026-07-29 12:00:00+00:00,33.0,66.85,0.1,998.4770915,6.482,172,82,33.7,51,0.0,972.7,12.3,75,100,32.3,70,0.2,973.6,5.1,184,85,35.3,51,0.0,972.6,6.1,28,64,,,,0
2026-07-29 13:00:00+00:00,32.5,68.785,0.0,997.9691329999999,11.112,163,92,33.6,53,0.0,973.1,9.5,79,16,31.7,74,0.0,973.9,5.1,176,91,35.1,52,0.0,972.7,5.6,40,63,,,,0
2026-07-29 14:00:00+00:00,32.0,70.72,0.0,998.4770915,9.26,144,98,33.3,54,0.1,973.7,9.7,90,100,30.8,79,0.0,974.6,4.6,162,97,34.6,55,0.0,973.1,5.5,58,61,,,,0
2026-07-29 15:00:00+00:00,32.0,70.72,0.0,998.98505,7.408,141,89,32.7,56,0.2,974.7,11.9,104,76,30.1,84,0.0,975.2,4.4,145,94,33.9,59,0.0,973.6,5.5,79,59,,,,0
2026-07-29 16:00:00+00:00,31.5,77.195,0.0,1000.0009670000001,7.408,127,55,32.3,57,0.0,974.9,10.6,108,100,29.9,87,0.0,975.4,5.2,124,71,33.1,63,0.0,974.2,6.2,100,57,,,,0
2026-07-29 17:00:00+00:00,31.0,79.38,0.0,1000.5089255,7.408,118,27,32.2,57,0.0,975.1,8.1,111,96,29.9,88,0.0,975.7,6.5,109,40,32.3,67,0.0,974.7,7.3,110,56,,,,0
2026-07-29 18:00:00+00:00,31.0,79.38,0.0,1001.016884,0.0,113,12,31.9,57,0.0,975.2,7.1,120,100,29.6,90,0.0,975.8,6.6,99,23,31.6,70,0.0,975.0,7.6,115,57,,,,0
2026-07-29 19:00:00+00:00,30.5,79.31,0.0,1000.5089255,7.408,107,33,31.5,60,0.0,975.0,9.2,121,21,28.7,92,0.5,975.8,3.5,66,37,30.9,73,1.0,975.0,7.2,117,62,,,,0
2026-07-29 20:00:00+00:00,30.0,81.64,0.0,1000.0009670000001,7.408,356,79,31.1,63,0.0,974.6,8.5,118,100,27.5,95,0.5,975.7,4.7,337,66,30.0,76,1.0,975.0,6.0,115,71,,,,0
2026-07-29 21:00:00+00:00,29.0,89.02,6.1,1000.0009670000001,7.408,34,92,30.9,65,0.0,974.1,7.4,113,100,26.8,96,0.5,975.5,7.4,321,86,29.2,79,1.0,974.7,4.6,108,81,,,,0
2026-07-29 22:00:00+00:00,29.0,89.02,0.6,999.4930085000001,9.26,138,85,30.7,66,0.0,974.1,7.5,107,16,27.1,96,0.3,975.0,6.4,322,87,28.4,82,1.0,974.5,3.2,90,91,,,,0
2026-07-29 23:00:00+00:00,29.0,89.02,0.1,998.98505,7.408,107,92,30.5,67,0.0,974.0,7.8,103,45,28.0,96,0.3,974.5,3.2,333,80,27.9,83,1.0,974.3,2.3,72,97,,,,0
2026-07-30 00:00:00+00:00,28.5,91.675,0.0,998.98505,8.334,207,77,30.4,67,0.0,974.1,8.1,111,77,28.7,95,0.3,974.3,1.1,72,74,27.8,83,1.0,974.3,1.8,53,98,,,,0
2026-07-30 01:00:00+00:00,28.0,94.33,0.8,998.98505,8.334,31,58,30.5,67,0.0,974.7,9.0,119,100,28.8,93,0.8,974.7,3.3,131,72,28.2,81,0.1,974.4,1.3,56,92,,,,0
2026-07-30 02:00:00+00:00,29.0,86.475,1.0,1000.0009670000001,11.112,132,55,31.4,63,0.0,975.1,8.9,130,100,28.8,90,0.8,975.4,6.2,144,71,29.1,77,0.1,974.7,1.1,90,80,,,,0
2026-07-30 03:00:00+00:00,30.0,79.24,0.4,1001.016884,5.556,144,46,32.7,56,0.3,975.5,11.2,138,84,29.1,86,0.8,976.1,8.0,144,71,30.2,73,0.1,975.1,1.8,127,65,,,,0
2026-07-30 04:00:00+00:00,31.0,72.685,0.1,1001.016884,11.112,166,55,34.0,51,0.0,975.6,14.3,141,7,30.2,79,0.0,976.3,8.2,139,73,31.4,68,0.1,975.4,2.9,150,50,,,,0
2026-07-30 05:00:00+00:00,32.0,70.72,0.0,1001.016884,9.26,155,72,35.3,46,0.0,975.5,13.3,139,47,31.7,70,0.0,976.6,7.7,127,77,32.4,63,0.1,975.5,3.9,146,38,,,,0
2026-07-30 06:00:00+00:00,32.5,68.785,0.0,1001.016884,12.038,120,82,36.1,43,0.0,975.4,14.8,135,91,32.8,63,0.0,976.4,7.2,117,80,33.2,60,0.1,975.5,4.6,141,31,,,,0
2026-07-30 07:00:00+00:00,33.0,66.85,0.1,1000.5089255,12.038,115,91,36.9,41,0.0,975.0,14.9,127,80,33.2,60,0.6,976.1,6.8,115,81,33.8,58,0.0,975.1,5.1,129,30,,,,0
2026-07-30 08:00:00+00:00,34.0,63.23,0.6,1000.0009670000001,12.964,138,92,37.7,39,0.0,974.1,15.0,120,95,33.3,60,0.6,975.4,6.0,115,82,34.2,56,0.0,974.6,6.0,115,32,,,,0
2026-07-30 09:00:00+00:00,34.5,61.525,0.1,998.98505,13.89,111,88,38.4,36,0.0,973.5,15.5,115,100,33.1,62,0.6,974.8,5.8,112,84,34.5,54,0.0,973.9,7.3,101,38,,,,0
2026-07-30 10:00:00+00:00,35.0,58.1,0.1,998.98505,12.038,105,61,38.0,38,0.0,973.3,22.6,112,58,32.4,67,0.1,974.1,6.6,99,88,34.7,53,0.0,973.3,9.0,92,44,,,,0
2026-07-30 11:00:00+00:00,33.5,65.03999999999999,0.1,998.4770915,27.78,104,77,35.9,43,0.0,972.9,20.6,102,100,31.5,73,0.1,973.4,7.9,87,92,34.8,52,0.0,972.8,10.5,86,52,,,,0
2026-07-30 12:00:00+00:00,33.0,66.85,0.0,997.9691329999999,12.964,88,89,36.4,41,0.0,972.7,16.8,100,14,30.6,79,0.1,973.1,9.2,79,96,34.8,52,0.0,972.6,11.5,86,58,,,,0
2026-07-30 13:00:00+00:00,32.0,75.01,0.7,997.9691329999999,15.742,70,98,35.6,45,0.0,972.9,17.7,95,16,29.8,83,0.1,973.6,9.1,72,98,34.5,52,0.0,972.8,12.2,90,65,,,,0
2026-07-30 14:00:00+00:00,31.0,79.38,0.0,998.98505,15.742,63,100,34.5,50,0.0,973.7,18.8,95,64,29.1,86,0.1,974.5,8.9,63,99,34.1,53,0.0,973.2,12.6,95,73,,,,0
2026-07-30 15:00:00+00:00,30.0,84.04,0.0,999.4930085000001,15.742,67,99,33.6,53,0.0,974.7,18.4,101,87,28.7,88,0.1,975.2,8.5,62,99,33.6,55,0.0,973.9,12.9,103,81,,,,0
2026-07-30 16:00:00+00:00,30.0,84.04,0.0,1000.0009670000001,13.89,80,98,33.0,57,0.0,975.4,19.7,105,70,28.6,89,0.0,975.6,9.0,74,99,32.9,56,0.0,974.5,13.7,108,89,,,,0
2026-07-30 17:00:00+00:00,30.0,79.24,0.0,1000.5089255,17.594,89,99,32.4,60,0.0,975.5,19.4,105,27,28.7,90,0.0,975.9,10.1,90,99,32.3,58,0.0,975.0,14.2,114,95,,,,0
2026-07-30 18:00:00+00:00,29.0,83.93,0.0,1001.016884,12.964,104,98,31.5,64,0.0,975.6,20.7,110,100,28.7,90,0.0,976.0,11.3,99,99,31.8,60,0.0,975.4,14.7,115,100,,,,0
2026-07-30 19:00:00+00:00,29.0,83.93,0.0,1001.016884,11.112,101,97,31.2,64,0.0,975.2,18.2,115,12,28.6,89,0.0,975.9,11.8,102,99,31.2,62,0.0,975.4,14.8,113,100,,,,0
2026-07-30 20:00:00+00:00,29.0,79.1,0.0,1000.0009670000001,12.038,106,99,30.9,64,0.0,974.9,17.9,112,25,28.5,88,0.0,975.6,11.4,103,98,30.6,65,0.0,975.4,15.1,108,100,,,,0
2026-07-30 21:00:00+00:00,29.0,79.1,0.0,1000.0009670000001,11.112,103,97,30.5,66,0.0,974.6,16.9,110,73,28.3,87,0.0,975.4,11.4,103,98,30.0,68,0.0,975.2,15.5,102,100,,,,0
2026-07-30 22:00:00+00:00,29.0,79.1,0.0,1000.0009670000001,14.816,99,93,30.3,66,0.0,974.5,17.0,103,97,28.2,86,0.0,975.3,12.0,106,98,29.4,71,0.0,975.1,15.9,96,99,,,,0
2026-07-30 23:00:00+00:00,29.0,79.1,0.0,1000.0009670000001,18.52,96,95,30.2,66,0.0,974.8,16.0,104,100,28.2,84,0.0,975.2,12.8,106,99,29.0,73,0.0,975.0,16.2,93,97,,,,0
2026-07-31 00:00:00+00:00,28.5,81.46,0.0,1000.0009670000001,24.076,107,94,29.8,70,0.0,975.2,16.0,98,86,28.2,83,0.0,975.3,13.6,107,98,28.9,74,0.0,975.0,16.6,89,96,,,,0
2026-07-31 01:00:00+00:00,28.0,83.82,0.0,1000.0009670000001,22.224,97,88,29.8,69,0.0,975.5,17.0,94,63,28.4,82,0.1,975.7,14.5,104,96,29.1,74,0.0,975.2,16.6,88,96,,,,0
2026-07-31 02:00:00+00:00,29.0,79.1,0.0,1001.016884,23.150000000000002,94,91,30.3,65,0.0,976.0,18.6,99,100,28.7,81,0.1,976.2,15.3,99,93,29.6,72,0.0,975.4,16.6,86,96,,,,0
2026-07-31 03:00:00+00:00,29.5,76.89,0.1,1001.5248425,21.298000000000002,98,100,30.8,63,0.0,976.6,19.5,102,100,29.1,79,0.1,976.6,16.0,98,90,30.2,70,0.0,975.9,16.2,86,96,,,,0
2026-07-31 04:00:00+00:00,30.0,74.68,0.2,1002.0328010000001,23.150000000000002,99,100,32.3,56,0.0,976.8,19.9,107,97,29.6,77,0.2,977.0,15.6,98,88,30.9,67,0.0,976.1,15.9,86,96,,,,0
2026-07-31 05:00:00+00:00,30.5,72.605,0.2,1002.0328010000001,22.224,99,91,33.3,53,0.0,976.6,20.0,104,30,30.3,74,0.2,977.3,14.6,100,86,31.5,65,0.0,976.3,15.2,86,96,,,,0
2026-07-31 06:00:00+00:00,31.0,70.53,0.1,1002.0328010000001,14.816,99,100,34.3,50,0.0,975.7,20.5,92,67,30.9,71,0.2,977.3,14.0,102,86,31.9,64,0.0,976.3,14.8,86,95,,,,0
2026-07-31 07:00:00+00:00,32.0,66.65,0.1,1001.5248425,14.816,102,98,35.4,45,0.0,975.1,20.3,97,88,31.6,68,0.2,976.6,14.1,103,89,32.1,63,0.2,975.9,14.1,84,93,,,,0
2026-07-31 08:00:00+00:00,32.5,64.83,0.1,1001.016884,17.594,102,98,34.7,47,0.0,974.5,21.7,109,100,32.2,66,0.2,975.7,14.1,103,94,32.2,63,0.2,975.2,13.4,82,90,,,,0
2026-07-31 09:00:00+00:00,33.0,63.01,0.3,1000.0009670000001,25.928,101,98,34.5,47,0.0,973.8,20.3,107,100,32.5,65,0.2,974.9,13.3,103,98,32.2,63,0.2,974.4,12.8,79,86,,,,0
2026-07-31 10:00:00+00:00,33.0,61.18,0.3,998.98505,24.076,98,100,35.4,45,0.0,973.2,19.7,108,78,32.3,67,0.4,974.2,10.9,99,99,32.1,63,0.2,973.7,12.2,76,83,,,,0
2026-07-31 11:00:00+00:00,33.5,61.3,2.1,998.98505,20.372,111,99,35.3,46,0.0,973.2,19.3,104,100,31.9,70,0.4,973.6,8.3,90,99,32.0,64,0.2,973.2,11.6,74,79,,,,0
2026-07-31 12:00:00+00:00,33.5,61.3,1.1,998.4770915,19.446,90,98,34.5,49,0.2,973.2,20.2,90,100,31.4,74,0.4,973.4,6.6,77,98,31.8,65,0.2,972.8,11.3,73,77,,,,0
2026-07-31 13:00:00+00:00,33.0,61.18,0.0,998.4770915,19.446,79,88,33.9,51,0.0,973.4,19.8,92,100,30.8,78,0.0,973.8,6.7,74,97,31.5,67,0.0,973.0,11.2,75,76,,,,0
2026-07-31 14:00:00+00:00,32.0,62.78,0.0,998.98505,9.26,77,95,33.6,53,0.0,974.1,18.2,99,100,30.2,82,0.0,974.7,7.5,73,97,31.1,69,0.0,973.5,10.9,81,75,,,,0
2026-07-31 15:00:00+00:00,31.5,66.545,0.0,999.4930085000001,9.26,77,96,33.3,54,0.0,974.4,17.3,107,100,29.5,85,0.0,975.3,8.2,75,96,30.6,72,0.0,974.1,11.2,84,74,,,,0
2026-07-31 16:00:00+00:00,32.0,66.65,0.3,1000.5089255,10.186,101,99,32.8,56,0.0,975.1,17.0,103,16,28.9,88,0.1,975.7,8.6,75,97,30.1,74,0.0,974.8,11.5,90,74,,,,0
2026-07-31 17:00:00+00:00,31.0,74.84,0.0,1001.016884,12.964,99,91,32.2,59,0.0,975.3,18.7,106,56,28.4,90,0.1,975.9,9.0,74,99,29.7,76,0.0,975.3,11.9,95,74,,,,0
2026-07-31 18:00:00+00:00,31.0,74.84,0.0,1001.016884,15.742,87,92,31.8,61,0.0,975.6,20.2,106,100,27.9,91,0.1,976.0,9.3,77,95,29.3,78,0.0,975.7,12.3,97,74,,,,0
2026-07-31 19:00:00+00:00,30.5,77.03999999999999,0.0,1001.016884,13.89,101,83,31.3,62,0.0,975.1,21.1,110,100,27.5,92,0.3,975.8,9.8,82,78,29.0,79,0.0,975.8,12.7,97,74,,,,0
2026-07-31 20:00:00+00:00,30.0,84.04,2.6,1001.016884,14.816,93,71,30.9,64,0.0,974.9,19.1,112,100,27.3,92,0.3,975.6,10.5,86,55,28.7,80,0.0,975.6,12.6,95,74,,,,0
2026-07-31 21:00:00+00:00,30.0,84.04,0.0,1000.0009670000001,17.594,96,43,29.9,69,1.1,974.7,17.9,105,100,27.1,92,0.3,975.4,10.8,90,44,28.5,80,0.0,975.4,13.0,93,74,,,,0
2026-07-31 22:00:00+00:00,29.0,83.93,0.0,1000.0009670000001,13.89,97,32,29.6,71,0.5,974.5,17.7,103,89,26.9,94,0.0,975.4,10.4,92,55,28.3,80,0.0,975.1,13.0,92,74,,,,0
2026-07-31 23:00:00+00:00,29.0,89.02,0.0,1000.0009670000001,12.038,91,21,29.3,72,0.0,974.7,16.9,101,13,26.7,96,0.0,975.5,9.7,92,78,28.3,80,0.0,974.9,13.0,88,74,,,,0
2026-08-01 00:00:00+00:00,29.0,89.02,0.1,1000.0009670000001,12.964,95,95,29.1,73,0.0,974.9,17.0,96,64,26.7,96,0.0,975.6,9.4,92,95,28.5,79,0.0,974.8,13.0,88,74,,,,0
2026-08-01 01:00:00+00:00,29.0,89.02,0.0,1000.5089255,9.26,88,95,29.0,73,0.1,975.4,16.6,92,95,26.9,94,0.1,975.9,10.4,92,99,28.9,77,0.0,974.9,13.0,88,75,,,,0
2026-08-01 02:00:00+00:00,29.0,89.02,0.1,1001.016884,12.038,78,100,29.6,70,0.1,975.9,16.8,99,28,27.1,91,0.1,976.2,12.2,92,98,29.6,74,0.0,975.1,12.6,92,76,,,,0
2026-08-01 03:00:00+00:00,29.0,89.02,0.0,1001.016884,21.298000000000002,96,85,30.9,64,0.0,976.1,15.9,103,38,27.7,87,0.1,976.4,13.3,92,91,30.5,70,0.0,975.4,12.6,93,77,,,,0
2026-08-01 04:00:00+00:00,29.5,81.58500000000001,0.1,1001.016884,21.298000000000002,105,83,32.6,57,0.0,976.0,16.6,108,100,28.9,82,0.2,976.5,13.4,95,75,31.4,66,0.0,975.5,12.3,95,78,,,,0
2026-08-01 05:00:00+00:00,30.0,79.24,0.2,1001.016884,21.298000000000002,106,63,34.1,51,0.0,975.9,17.4,112,100,30.4,75,0.2,976.5,13.2,101,54,32.1,64,0.0,975.7,12.0,97,79,,,,0
2026-08-01 06:00:00+00:00,31.5,72.78,0.4,1001.016884,22.224,105,44,35.1,48,0.0,975.2,18.2,117,100,31.5,71,0.2,976.1,12.6,103,44,32.5,62,0.0,975.6,11.7,99,78,,,,0
2026-08-01 07:00:00+00:00,32.5,66.75,0.1,1000.5089255,20.372,100,70,35.8,46,0.0,974.4,17.6,116,100,32.0,70,0.2,975.6,11.7,101,56,32.7,62,0.3,975.3,11.3,99,76,,,,0
2026-08-01 08:00:00+00:00,33.0,66.85,0.1,1000.0009670000001,21.298000000000002,108,99,35.9,45,0.0,973.4,17.4,117,100,32.1,71,0.2,974.8,10.8,94,79,32.7,63,0.3,974.8,10.9,98,73,,,,0
2026-08-01 09:00:00+00:00,33.5,61.3,0.2,998.98505,22.224,82,97,35.9,45,0.0,972.8,16.1,117,100,32.0,72,0.2,974.2,10.4,88,97,32.5,64,0.3,974.1,10.1,96,70,,,,0
2026-08-01 10:00:00+00:00,33.0,66.85,0.7,998.4770915,18.52,72,99,35.4,46,0.0,972.5,16.4,116,100,31.6,73,0.6,973.8,10.5,86,100,32.3,66,0.3,973.4,9.7,94,66,,,,0
2026-08-01 11:00:00+00:00,32.0,70.72,0.1,997.9691329999999,16.668,70,99,35.6,45,0.0,972.5,15.6,109,100,30.9,75,0.6,973.7,10.4,88,100,32.0,68,0.3,973.0,9.4,92,62,,,,0
2026-08-01 12:00:00+00:00,33.0,63.01,0.7,997.9691329999999,14.816,87,99,35.2,47,0.0,972.8,16.3,104,100,30.3,77,0.6,973.6,10.1,88,99,31.7,70,0.3,972.7,9.0,92,59,,,,0
2026-08-01 13:00:00+00:00,32.5,66.865,0.1,997.9691329999999,14.816,96,79,34.7,48,0.0,973.2,15.6,105,100,30.0,80,0.0,974.0,9.0,85,97,31.3,72,0.2,972.9,9.0,95,56,,,,0
2026-08-01 14:00:00+00:00,32.0,70.72,0.0,998.4770915,12.964,90,95,34.4,50,0.0,973.7,14.5,96,100,29.6,84,0.0,974.5,8.0,82,94,30.9,73,0.2,973.4,8.8,99,54,,,,0
2026-08-01 15:00:00+00:00,31.0,77.11,0.0,998.98505,15.742,87,91,34.0,52,0.0,974.5,14.8,94,100,29.2,87,0.0,975.1,7.6,82,93,30.5,75,0.2,974.0,8.9,104,52,,,,0
2026-08-01 16:00:00+00:00,31.0,74.84,0.0,1000.0009670000001,12.038,89,96,33.8,52,0.0,975.1,15.4,106,100,28.6,89,0.1,975.6,9.4,88,94,30.0,76,0.2,974.7,9.1,108,50,,,,0
2026-08-01 17:00:00+00:00,30.5,77.03999999999999,0.0,1001.016884,13.89,111,98,33.6,53,0.0,975.4,16.9,119,100,27.8,90,0.1,976.2,12.2,92,97,29.6,78,0.2,975.2,9.4,113,48,,,,0
2026-08-01 18:00:00+00:00,29.0,83.93,0.0,1001.016884,14.816,93,99,33.2,54,0.0,975.2,14.8,124,100,27.2,91,0.1,976.5,13.7,95,99,29.3,79,0.2,975.6,9.5,115,45,,,,0
2026-08-01 19:00:00+00:00,29.0,83.93,0.2,1001.016884,13.89,108,97,32.7,56,0.1,975.2,16.0,126,100,26.9,92,0.4,976.5,12.7,97,99,29.0,80,0.1,975.7,9.5,115,41,,,,0
2026-08-01 20:00:00+00:00,28.5,86.435,0.3,1001.016884,13.89,121,100,32.3,57,0.0,974.8,13.1,127,100,26.7,94,0.4,976.2,10.3,102,98,28.6,81,0.1,975.6,8.9,111,35,,,,0
2026-08-01 21:00:00+00:00,28.0,83.82,0.3,1001.016884,12.964,106,98,32.1,58,0.0,974.5,12.0,123,100,26.7,95,0.4,976.0,8.9,104,97,28.4,82,0.1,975.6,8.4,110,29,,,,0
2026-08-01 22:00:00+00:00,28.0,81.38999999999999,0.1,1000.5089255,14.816,104,93,32.0,59,0.0,974.4,11.0,122,100,26.6,96,0.1,976.0,9.5,101,97,28.2,83,0.1,975.4,8.2,105,24,,,,0
2026-08-01 23:00:00+00:00,28.0,78.96,0.0,1000.0009670000001,10.186,118,97,32.0,59,0.0,974.7,10.7,123,100,26.6,97,0.1,976.0,10.9,98,98,28.1,83,0.1,975.3,7.7,101,21,,,,0
2026-08-02 00:00:00+00:00,28.0,83.82,0.0,1000.5089255,11.112,93,97,31.6,61,0.0,975.2,10.8,116,100,26.8,97,0.1,976.1,11.6,95,98,28.2,83,0.1,975.3,7.7,101,22,,,,0
2026-08-02 01:00:00+00:00,28.0,88.94,0.2,1001.016884,12.038,98,97,31.4,62,0.0,975.7,11.5,110,100,27.2,96,0.3,976.4,11.2,94,98,28.6,82,0.2,975.4,7.8,103,28,,,,0
2026-08-02 02:00:00+00:00,29.0,83.93,0.3,1002.0328010000001,16.668,94,97,31.6,62,0.0,976.3,12.5,102,100,27.6,93,0.3,976.9,10.1,92,98,29.3,79,0.2,975.7,8.2,105,38,,,,0
2026-08-02 03:00:00+00:00,30.0,79.24,0.1,1002.0328010000001,15.742,97,98,32.5,58,0.0,976.7,12.5,102,31,28.4,89,0.3,977.2,9.0,95,98,30.1,76,0.2,975.9,8.4,110,50,,,,0
2026-08-02 04:00:00+00:00,31.0,72.685,0.0,1002.0328010000001,15.742,105,98,33.1,56,0.0,976.7,12.8,106,97,29.8,81,0.1,977.2,7.8,103,97,30.9,73,0.2,976.1,9.0,113,62,,,,0
2026-08-02 05:00:00+00:00,32.5,68.785,0.1,1002.0328010000001,12.038,112,99,34.3,52,0.0,976.3,13.1,111,100,31.5,71,0.1,977.1,7.1,120,96,31.6,71,0.2,976.3,9.7,117,71,,,,0
2026-08-02 06:00:00+00:00,33.5,63.12,0.1,1002.0328010000001,12.038,129,92,35.5,49,0.0,975.8,11.4,118,100,32.7,65,0.1,976.9,6.9,129,95,32.1,69,0.2,976.2,9.8,118,76,,,,0
2026-08-02 07:00:00+00:00,34.0,61.41,0.1,1001.016884,16.668,121,94,37.0,43,0.0,975.0,11.8,121,100,32.9,64,0.5,976.5,7.1,114,94,32.4,68,0.1,975.9,10.0,120,75,,,,0
2026-08-02 08:00:00+00:00,35.0,58.1,0.8,1001.016884,16.668,97,98,36.1,44,0.1,974.2,13.9,143,100,32.5,66,0.5,975.9,8.3,95,93,32.6,67,0.1,975.3,10.3,119,69,,,,0
2026-08-02 09:00:00+00:00,34.5,57.985,0.8,1000.5089255,14.816,102,93,35.7,44,0.1,973.7,12.1,127,100,31.8,70,0.5,975.5,8.7,85,93,32.6,67,0.1,974.8,10.3,119,61,,,,0
2026-08-02 10:00:00+00:00,34.5,59.805,0.0,999.4930085000001,16.668,108,58,35.6,45,0.0,973.5,12.8,112,100,30.5,78,0.0,975.2,6.5,93,94,32.6,67,0.1,974.2,10.3,119,52,,,,0
2026-08-02 11:00:00+00:00,33.5,65.03999999999999,0.4,998.98505,18.52,115,66,35.9,44,0.0,973.4,12.9,108,100,28.9,88,0.0,974.9,3.8,131,96,32.5,67,0.1,973.8,10.1,117,45,,,,0
2026-08-02 12:00:00+00:00,31.5,70.745,0.3,998.98505,12.964,167,98,36.1,44,0.0,973.8,14.2,126,100,27.7,96,0.0,974.9,3.7,169,98,32.4,68,0.1,973.7,9.8,118,41,,,,0
2026-08-02 13:00:00+00:00,31.0,74.84,0.5,999.4930085000001,12.964,65,100,35.2,47,0.0,974.0,14.0,125,53,27.3,98,0.4,975.2,2.5,135,99,32.1,69,0.1,973.9,9.5,119,41,,,,0
2026-08-02 14:00:00+00:00,31.0,77.11,0.1,1000.0009670000001,11.112,64,99,34.7,49,0.0,974.6,13.1,127,100,27.3,98,0.4,975.7,4.5,76,99,31.7,70,0.1,974.4,8.7,120,43,,,,0
2026-08-02 15:00:00+00:00,31.0,79.38,0.1,1000.5089255,15.742,67,100,34.3,50,0.0,975.2,12.5,129,100,27.4,97,0.4,976.2,6.8,65,99,31.3,72,0.1,975.2,7.9,120,47,,,,0
2026-08-02 16:00:00+00:00,30.5,79.31,0.0,1001.016884,12.964,68,100,34.0,50,0.0,975.7,12.0,129,40,27.7,96,0.0,976.5,7.0,69,98,30.8,74,0.1,975.9,7.3,123,51,,,,0
2026-08-02 17:00:00+00:00,30.0,79.24,0.0,1002.0328010000001,12.964,85,98,33.7,52,0.0,976.0,12.7,125,100,28.2,96,0.0,976.9,6.6,81,97,30.3,76,0.1,976.4,6.5,124,56,,,,0
2026-08-02 18:00:00+00:00,30.0,79.24,0.0,1002.0328010000001,12.964,98,97,33.3,54,0.0,976.0,12.7,115,100,28.4,95,0.0,977.0,6.5,93,96,30.0,77,0.1,976.8,6.2,126,59,,,,0
2026-08-02 19:00:00+00:00,30.0,79.24,0.0,1002.0328010000001,13.89,102,95,32.9,56,0.0,975.8,13.7,117,100,28.2,95,0.0,976.9,7.6,98,96,29.6,78,0.0,976.9,6.2,126,61,,,,0
2026-08-02 20:00:00+00:00,30.0,81.64,0.0,1001.5248425,11.112,100,98,32.3,59,0.0,975.5,14.7,118,100,27.8,95,0.0,976.5,8.8,99,97,29.3,80,0.0,976.7,6.4,128,63,,,,0
2026-08-02 21:00:00+00:00,29.5,86.53,0.0,1001.016884,16.668,103,97,31.7,63,0.0,975.2,13.9,115,100,27.5,95,0.0,976.3,9.3,103,98,28.9,82,0.0,976.4,6.6,131,65,,,,0
2026-08-02 22:00:00+00:00,29.0,89.02,0.0,1001.016884,14.816,109,91,31.4,64,0.0,974.9,13.5,106,100,27.3,96,0.1,976.1,9.0,113,98,28.6,83,0.0,976.1,7.1,131,67,,,,0
2026-08-02 23:00:00+00:00,29.0,89.02,0.0,1001.016884,11.112,117,97,31.0,66,0.0,974.9,13.0,104,98,27.1,97,0.1,975.9,8.7,128,98,28.5,84,0.0,975.9,7.7,131,70,,,,0
2026-08-03 00:00:00+00:00,28.5,88.97999999999999,0.2,1001.016884,11.112,142,98,30.5,67,0.0,974.7,13.8,97,78,27.2,97,0.1,976.0,8.2,139,98,28.6,83,0.0,975.8,7.9,133,72,,,,0
2026-08-03 01:00:00+00:00,28.5,88.97999999999999,0.3,1001.016884,11.112,132,99,30.5,67,0.0,975.7,12.6,103,93,27.5,95,0.2,976.5,7.2,143,99,29.0,81,0.0,976.0,7.9,133,75,,,,0
2026-08-03 02:00:00+00:00,29.0,89.02,0.3,1001.5248425,10.186,99,100,31.1,64,0.0,976.1,12.2,109,100,28.0,92,0.2,977.1,5.7,145,100,29.7,77,0.0,976.3,7.9,133,78,,,,0
2026-08-03 03:00:00+00:00,30.0,94.41,0.9,1002.0328010000001,10.186,135,100,32.3,59,0.0,976.6,12.9,103,16,28.6,88,0.2,977.7,4.3,138,100,30.5,73,0.0,976.7,7.9,133,82,,,,0
2026-08-03 04:00:00+00:00,30.5,91.78999999999999,0.1,1003.048718,11.112,146,100,33.4,56,0.6,977.1,11.9,125,7,29.5,84,0.1,977.8,3.8,107,100,31.3,69,0.0,976.9,7.9,133,85,,,,0
2026-08-03 05:00:00+00:00,31.0,84.15,0.2,1003.048718,11.112,118,100,34.7,51,0.0,977.2,12.9,126,10,30.5,79,0.1,977.8,5.5,79,99,32.1,65,0.0,977.2,7.4,133,88,,,,0
2026-08-03 06:00:00+00:00,32.5,68.785,0.2,1002.5407595,12.964,83,98,35.6,48,0.0,976.7,14.4,127,1,31.2,76,0.1,977.7,6.7,74,98,32.5,63,0.0,977.2,7.1,135,91,,,,0
2026-08-03 07:00:00+00:00,31.5,72.78,0.2,1003.048718,17.594,118,88,36.5,46,0.0,976.8,15.9,152,90,31.1,76,0.5,977.4,6.8,90,98,32.7,62,0.0,976.9,6.6,139,93,,,,0
2026-08-03 08:00:00+00:00,32.5,72.96000000000001,0.0,1002.0328010000001,15.742,113,91,35.9,47,0.0,976.1,14.6,160,100,30.7,79,0.5,977.1,7.2,117,99,32.8,63,0.0,976.4,6.0,147,95,,,,0
2026-08-03 09:00:00+00:00,33.0,70.91,1.1,1001.016884,16.668,142,99,36.7,45,0.0,975.5,13.0,152,100,30.5,80,0.5,976.7,8.4,133,99,32.8,64,0.0,975.9,5.5,157,97,,,,0
2026-08-03 10:00:00+00:00,33.0,70.91,0.6,1001.016884,12.964,157,100,36.8,44,0.0,975.0,15.6,146,100,31.0,78,0.4,976.1,8.7,138,97,32.7,65,0.0,975.3,4.8,167,98,,,,0
2026-08-03 11:00:00+00:00,31.5,74.92500000000001,0.8,1000.0009670000001,15.742,171,100,36.1,47,0.0,974.9,16.1,156,100,31.9,75,0.4,975.4,8.4,140,95,32.5,67,0.0,974.9,4.7,180,99,,,,0
2026-08-03 12:00:00+00:00,32.0,70.72,0.1,1000.0009670000001,16.668,147,95,35.3,49,0.0,975.2,15.6,165,100,32.0,75,0.4,975.2,7.9,141,94,32.2,69,0.0,974.6,4.3,185,100,,,,0
2026-08-03 13:00:00+00:00,32.0,70.72,0.9,1000.0009670000001,16.668,199,99,34.5,51,0.0,975.3,13.3,178,100,30.6,81,2.9,975.7,7.7,139,95,31.8,72,0.6,974.8,3.6,186,100,,,,0
2026-08-03 14:00:00+00:00,31.0,74.84,2.5,1001.016884,12.964,104,100,33.8,53,0.0,975.6,11.2,180,100,28.5,90,2.9,976.7,7.1,139,98,31.2,75,0.6,975.2,2.9,180,100,,,,0
2026-08-03 15:00:00+00:00,30.0,84.04,1.2,1001.5248425,9.26,134,100,33.4,54,0.0,976.2,10.7,168,100,27.0,97,2.9,977.5,6.9,137,100,30.6,79,0.6,975.8,2.2,171,99,,,,0
2026-08-03 16:00:00+00:00,30.0,84.04,2.6,1002.5407595,7.408,281,100,33.0,55,0.0,976.9,10.2,162,100,26.7,98,0.9,978.0,6.4,137,100,29.9,82,0.6,976.4,1.3,146,98,,,,0
2026-08-03 17:00:00+00:00,30.0,84.04,1.8,1003.048718,7.408,130,100,32.7,56,0.0,977.4,10.8,159,100,27.0,97,0.9,978.4,5.6,140,100,29.3,86,0.6,976.9,1.5,104,97,,,,0
2026-08-03 18:00:00+00:00,29.0,83.93,0.3,1003.048718,10.186,142,100,32.2,57,0.0,977.5,11.0,169,100,27.1,96,0.9,978.5,5.4,143,100,28.9,88,0.6,977.2,1.8,90,97,,,,0
2026-08-03 19:00:00+00:00,29.0,83.93,1.2,1002.5407595,10.186,148,100,31.8,58,0.0,977.1,9.7,182,100,27.0,96,0.9,978.2,5.7,145,100,28.5,89,2.2,977.3,2.2,90,97,,,,0
2026-08-03 20:00:00+00:00,29.0,83.93,0.5,1002.0328010000001,12.964,145,99,31.5,60,0.0,976.8,8.5,192,100,26.7,97,0.9,977.7,6.7,144,99,28.1,90,2.2,977.2,2.5,90,98,,,,0
2026-08-03 21:00:00+00:00,29.0,83.93,0.2,1002.0328010000001,12.038,146,99,31.3,61,0.0,976.0,7.2,177,100,26.5,98,0.9,977.3,7.8,146,99,27.9,91,2.2,977.0,2.9,97,99,,,,0
2026-08-03 22:00:00+00:00,29.0,83.93,0.1,1002.0328010000001,13.89,129,100,31.2,61,0.0,975.8,6.6,158,100,26.4,99,0.1,977.1,9.4,148,99,27.6,91,2.2,976.8,3.1,111,100,,,,0
2026-08-03 23:00:00+00:00,28.5,86.435,0.1,1002.0328010000001,16.668,137,100,31.0,61,0.0,976.1,6.5,161,100,26.3,99,0.1,977.0,10.7,147,100,27.5,91,2.2,976.7,3.5,114,100,,,,0
2026-08-04 00:00:00+00:00,28.0,88.94,0.1,1002.0328010000001,16.668,156,100,30.4,65,0.0,976.8,8.4,149,100,26.4,99,0.1,977.1,11.3,149,100,27.6,90,2.2,976.7,3.5,114,100,,,,0
2026-08-04 01:00:00+00:00,28.0,88.94,1.4,1002.0328010000001,10.186,179,100,30.1,67,0.0,977.3,10.0,142,100,26.5,98,1.4,977.5,9.8,156,100,27.8,89,0.8,976.9,3.5,114,98,,,,0
2026-08-04 02:00:00+00:00,28.0,88.94,1.1,1003.048718,12.038,222,100,30.2,67,0.0,977.7,8.4,133,100,26.8,97,1.4,978.1,7.3,171,100,28.3,86,0.8,977.4,3.1,111,96,,,,0
2026-08-04 03:00:00+00:00,28.0,88.94,0.6,1003.5566765,11.112,193,100,30.8,65,0.0,978.0,8.0,126,100,27.2,95,1.4,978.6,5.6,195,100,28.9,84,0.8,977.9,3.1,111,93,,,,0
2026-08-04 04:00:00+00:00,28.5,86.435,0.2,1004.064635,7.408,146,100,31.7,62,0.0,978.5,9.0,119,100,27.6,93,0.5,979.0,4.9,216,100,29.4,81,0.8,978.3,2.6,106,90,,,,0
2026-08-04 05:00:00+00:00,29.0,83.93,0.3,1004.064635,8.334,180,100,32.8,58,0.0,978.4,9.9,109,100,28.2,91,0.5,979.2,4.7,238,100,29.9,79,0.8,978.7,1.9,112,88,,,,0
2026-08-04 06:00:00+00:00,29.0,83.93,0.6,1004.064635,6.482,282,100,33.6,54,0.0,978.3,9.1,108,100,28.6,89,0.5,979.2,4.4,261,100,30.2,78,0.8,978.8,1.5,104,87,,,,0
2026-08-04 07:00:00+00:00,30.0,84.04,0.9,1003.048718,7.408,343,100,33.7,54,0.0,977.7,8.3,108,100,28.9,88,0.9,978.9,4.0,297,100,30.3,78,1.4,978.5,0.8,117,88,,,,0
2026-08-04 08:00:00+00:00,30.5,81.71000000000001,0.8,1003.048718,11.112,2,100,34.2,52,0.0,976.9,5.9,101,100,29.0,87,0.9,978.3,5.0,330,100,30.3,79,1.4,978.0,0.0,270,90,,,,0
2026-08-04 09:00:00+00:00,31.0,79.38,0.6,1002.5407595,14.816,353,100,35.1,49,0.1,976.3,6.0,115,100,29.0,88,0.9,977.8,5.9,349,100,30.1,80,1.4,977.4,1.1,288,93,,,,0
2026-08-04 10:00:00+00:00,28.0,88.94,0.6,1002.0328010000001,6.482,352,100,35.2,49,0.1,975.6,9.7,121,100,28.6,90,0.1,977.4,5.1,4,100,29.9,81,1.4,976.7,1.8,281,96,,,,0
2026-08-04 11:00:00+00:00,28.0,94.33,0.0,1002.0328010000001,16.668,2,100,33.3,57,1.4,975.6,15.3,120,100,28.0,94,0.1,976.9,3.5,24,100,29.7,82,1.4,976.2,2.5,278,98,,,,0
2026-08-04 12:00:00+00:00,27.5,94.31,0.0,1002.0328010000001,8.334,55,100,31.9,63,3.4,975.8,8.2,128,100,27.5,96,0.1,976.7,3.1,45,100,29.6,83,1.4,975.9,3.3,276,99,,,,0
2026-08-04 13:00:00+00:00,27.5,91.61500000000001,1.8,1002.0328010000001,5.556,74,100,31.2,67,4.0,976.3,10.8,120,100,27.2,97,0.9,976.9,2.9,30,100,29.6,83,0.2,975.9,3.6,270,97,,,,0
2026-08-04 14:00:00+00:00,28.0,88.94,0.9,1002.0328010000001,3.704,9,100,30.9,68,0.6,977.0,14.6,110,100,27.1,97,0.9,977.4,3.2,360,100,29.5,82,0.2,976.1,4.0,265,94,,,,0
2026-08-04 15:00:00+00:00,28.0,88.94,0.5,1002.0328010000001,7.408,344,100,29.9,72,0.0,977.5,15.3,120,100,27.1,97,0.9,977.7,3.8,343,100,29.5,81,0.2,976.4,4.0,260,91,,,,0
2026-08-04 16:00:00+00:00,28.0,91.63499999999999,0.5,1002.5407595,6.482,68,100,29.4,73,0.0,977.4,11.5,134,100,27.2,97,0.3,977.8,3.1,339,100,29.5,81,0.2,976.7,4.2,250,86,,,,0
2026-08-04 17:00:00+00:00,28.0,88.94,0.4,1003.048718,7.408,86,100,29.5,72,0.1,978.0,6.6,171,100,27.4,96,0.3,977.8,1.8,323,100,29.4,80,0.2,977.0,4.3,246,83,,,,0
2026-08-04 18:00:00+00:00,28.0,88.94,0.2,1003.048718,4.63,318,100,29.0,76,1.6,977.7,7.1,131,100,27.5,96,0.3,977.6,1.1,288,100,29.3,80,0.2,977.0,4.3,246,81,,,,0
2026-08-04 19:00:00+00:00,28.0,91.63499999999999,0.0,1002.0328010000001,3.704,18,100,29.2,76,0.8,976.7,7.7,131,71,27.4,96,0.0,977.2,1.8,270,100,29.1,81,0.0,976.9,4.2,250,81,,,,0
2026-08-04 20:00:00+00:00,28.0,91.63499999999999,0.0,1001.5248425,0.0,345,100,29.1,76,0.6,975.9,6.6,135,85,27.2,97,0.0,976.7,2.5,262,100,28.7,82,0.0,976.7,3.8,253,81,,,,0
2026-08-04 21:00:00+00:00,28.0,94.33,0.0,1001.016884,0.0,283,98,29.2,75,0.0,975.1,6.4,137,47,27.0,97,0.0,976.3,2.9,270,100,28.4,84,0.0,976.5,3.6,264,83,,,,0
2026-08-04 22:00:00+00:00,27.5,94.31,0.0,1001.016884,3.704,294,95,28.6,78,3.7,974.8,6.0,123,73,26.8,97,0.1,976.2,2.3,309,96,28.1,86,0.0,976.2,3.3,276,84,,,,0
2026-08-04 23:00:00+00:00,27.5,91.61500000000001,0.0,1001.016884,8.334,21,100,28.6,78,2.2,975.0,6.9,133,80,26.7,98,0.1,976.2,3.3,354,91,27.9,87,0.0,976.0,3.3,283,85,,,,0
2026-08-05 00:00:00+00:00,28.0,94.33,0.1,1001.016884,8.334,12,99,28.8,77,2.5,975.2,3.5,204,27,26.7,97,0.1,976.2,4.4,9,86,27.9,87,0.0,975.8,3.5,294,85,,,,0
2026-08-05 01:00:00+00:00,27.5,94.31,1.1,1001.016884,8.334,43,100,29.6,72,0.8,975.7,4.0,270,85,27.0,95,0.3,976.3,4.0,5,79,28.2,85,0.1,975.8,3.7,299,84,,,,0
2026-08-05 02:00:00+00:00,27.5,94.31,0.0,1001.5248425,8.334,354,98,30.2,69,0.2,975.9,7.0,291,100,27.5,92,0.3,976.5,3.4,342,72,28.7,83,0.1,975.9,4.2,301,81,,,,0
2026-08-05 03:00:00+00:00,28.0,94.33,0.0,1002.0328010000001,11.112,325,72,30.5,68,1.9,976.0,6.5,326,91,28.1,89,0.3,976.7,3.1,315,70,29.3,79,0.1,976.1,4.9,306,79,,,,0
2026-08-05 04:00:00+00:00,29.5,86.53,0.0,1002.0328010000001,15.742,322,50,31.8,63,2.0,976.0,4.5,331,99,29.0,84,0.0,976.8,3.2,297,78,29.9,76,0.1,976.2,5.4,307,76,,,,0
2026-08-05 05:00:00+00:00,30.0,84.04,0.0,1001.5248425,14.816,316,37,32.4,61,2.7,975.8,6.9,84,86,30.0,79,0.0,976.9,4.0,280,91,30.4,72,0.1,976.3,5.7,305,75,,,,0
2026-08-05 06:00:00+00:00,30.0,81.64,0.0,1001.016884,12.964,292,100,31.3,65,1.8,975.5,9.4,97,100,30.8,74,0.0,976.8,4.7,274,100,30.8,70,0.1,976.1,6.2,306,75,,,,0
2026-08-05 07:00:00+00:00,31.0,74.84,0.0,1001.016884,11.112,280,100,31.6,64,0.0,974.8,9.7,88,100,31.2,70,0.1,976.0,6.2,280,100,31.1,68,0.0,975.7,6.7,306,77,,,,0
2026-08-05 08:00:00+00:00,31.0,74.84,0.0,1000.5089255,9.26,289,100,31.0,66,0.0,974.3,10.5,94,100,31.5,68,0.1,975.1,7.4,284,100,31.3,67,0.0,975.2,7.3,303,81,,,,0
2026-08-05 09:00:00+00:00,28.5,81.46,0.0,999.4930085000001,16.668,292,94,31.2,66,0.0,973.4,9.3,103,100,31.4,68,0.1,974.3,7.3,290,100,31.5,67,0.0,974.4,7.8,304,86,,,,0
2026-08-05 10:00:00+00:00,30.5,74.76,0.0,998.4770915,6.482,296,99,33.2,57,0.0,973.0,7.5,73,100,30.8,73,0.0,973.8,3.3,311,100,31.5,66,0.0,973.8,8.4,301,91,,,,0
2026-08-05 11:00:00+00:00,32.0,70.72,0.0,997.9691329999999,8.334,295,99,33.9,54,0.0,972.8,9.2,69,100,29.8,81,0.0,973.7,3.7,61,100,31.5,66,0.0,973.2,8.5,298,95,,,,0
2026-08-05 12:00:00+00:00,32.0,70.72,0.0,997.9691329999999,11.112,91,100,33.6,54,0.0,973.5,5.2,25,100,29.0,88,0.0,973.7,6.8,87,100,31.5,67,0.0,973.0,8.4,295,98,,,,0
2026-08-05 13:00:00+00:00,30.5,77.03999999999999,0.5,998.4770915,12.964,250,98,33.0,56,1.1,974.2,1.6,207,100,28.4,91,1.0,974.2,5.6,117,100,31.3,68,0.0,973.1,8.0,288,99,,,,0
2026-08-05 14:00:00+00:00,30.0,79.24,0.1,998.98505,7.408,187,100,32.5,59,0.2,974.5,6.9,227,100,28.0,93,1.0,975.1,5.9,169,100,31.0,71,0.0,973.6,7.2,276,99,,,,0
2026-08-05 15:00:00+00:00,30.0,79.24,0.1,1000.0009670000001,6.482,179,100,31.9,61,0.0,975.0,5.6,230,100,27.7,95,1.0,975.8,7.3,191,100,30.6,73,0.0,974.1,6.6,261,98,,,,0
2026-08-05 16:00:00+00:00,30.0,81.64,0.0,1000.5089255,10.186,182,100,31.5,63,0.0,975.3,6.1,242,100,27.5,97,0.2,975.9,5.1,184,100,30.2,76,0.0,974.7,6.8,245,97,,,,0
2026-08-05 17:00:00+00:00,29.5,83.98500000000001,0.0,1001.016884,10.186,155,100,31.4,63,0.0,975.3,3.9,248,97,27.3,98,0.2,975.8,2.4,117,100,29.8,79,0.0,975.1,6.6,229,96,,,,0
2026-08-05 18:00:00+00:00,29.0,83.93,0.0,1000.5089255,8.334,101,100,30.6,67,0.6,975.3,5.1,225,100,27.2,99,0.2,975.7,4.2,70,100,29.4,81,0.0,975.4,6.6,221,96,,,,0
2026-08-05 19:00:00+00:00,29.0,83.93,3.0,1000.0009670000001,8.334,208,100,30.6,67,0.5,975.0,5.4,233,100,27.1,99,1.4,975.5,3.3,77,100,29.1,83,0.6,975.4,5.8,210,96,,,,0
2026-08-05 20:00:00+00:00,29.0,83.93,2.0,1000.0009670000001,6.482,159,100,30.0,71,1.7,974.3,4.6,252,100,27.0,99,1.4,975.2,1.8,127,100,28.7,84,0.6,975.2,4.5,194,97,,,,0
2026-08-05 21:00:00+00:00,29.0,83.93,0.5,999.4930085000001,9.26,189,100,30.2,70,1.5,973.5,3.8,319,100,26.9,98,1.4,975.0,2.5,172,100,28.4,86,0.6,974.8,3.7,169,98,,,,0
2026-08-05 22:00:00+00:00,27.0,91.59,0.0,999.4930085000001,15.742,209,100,30.0,72,0.0,973.3,8.8,19,100,27.0,97,0.0,974.8,2.4,153,100,28.1,87,0.6,974.5,3.6,135,99,,,,0
2026-08-05 23:00:00+00:00,26.0,94.24,0.0,999.4930085000001,10.186,233,100,29.1,75,0.1,973.5,9.2,31,100,27.2,96,0.0,974.6,3.2,117,100,27.8,88,0.6,974.3,3.9,112,99,,,,0
2026-08-06 00:00:00+00:00,26.5,94.265,0.0,999.4930085000001,7.408,101,100,28.3,77,0.0,974.6,6.5,19,100,27.3,95,0.0,974.7,4.4,99,100,27.5,89,0.6,974.3,4.1,105,100,,,,0
2026-08-06 01:00:00+00:00,27.0,94.29,0.4,1000.5089255,8.334,98,100,28.3,74,0.0,975.2,5.8,4,100,27.2,94,0.9,975.4,5.5,101,100,27.3,89,4.0,974.6,3.1,111,100,,,,0
2026-08-06 02:00:00+00:00,27.0,91.575,0.3,1001.016884,6.482,119,100,28.2,74,0.0,975.6,5.8,30,100,27.1,93,0.9,976.3,6.5,109,100,27.1,89,4.0,975.0,1.5,166,100,,,,0
2026-08-06 03:00:00+00:00,27.0,91.575,1.0,1002.0328010000001,8.334,119,100,28.0,76,0.0,976.2,7.9,39,100,27.0,92,0.9,977.1,6.5,109,100,27.0,89,4.0,975.6,3.3,229,100,,,,0
2026-08-06 04:00:00+00:00,26.0,94.24,1.1,1002.0328010000001,8.334,115,100,28.3,76,0.0,976.7,7.6,45,100,27.0,90,0.9,977.5,5.2,102,100,26.9,88,4.0,976.2,6.3,246,100,,,,0
2026-08-06 05:00:00+00:00,26.0,94.24,1.6,1002.0328010000001,9.26,108,100,28.3,77,0.0,976.9,7.4,51,100,26.9,87,0.9,977.6,3.3,77,100,26.9,88,4.0,976.6,8.3,252,100,,,,0
2026-08-06 06:00:00+00:00,26.5,91.55,0.8,1002.0328010000001,1.852,64,100,28.0,80,0.0,976.9,9.2,64,100,27.0,85,0.9,977.6,2.9,30,100,27.0,87,4.0,976.8,9.3,257,100,,,,0
2026-08-06 07:00:00+00:00,26.0,94.24,0.6,1002.5407595,7.408,360,100,28.1,79,0.1,976.6,9.1,72,100,27.2,84,0.4,977.2,3.7,349,100,27.2,86,0.0,976.7,8.7,265,94,,,,0
2026-08-06 08:00:00+00:00,26.0,94.24,0.3,1002.0328010000001,3.704,330,100,26.9,86,2.2,976.0,9.8,73,100,27.4,83,0.4,976.5,5.7,325,100,27.6,84,0.0,976.3,7.0,282,85,,,,0
2026-08-06 09:00:00+00:00,27.0,88.86,0.2,1001.5248425,7.408,319,100,26.3,89,3.6,975.4,9.4,58,100,27.6,83,0.4,975.9,7.2,323,100,28.0,83,0.0,975.9,5.9,308,75,,,,0
2026-08-06 10:00:00+00:00,27.0,91.575,0.3,1000.5089255,9.26,331,100,26.4,88,1.8,975.3,9.4,40,100,27.6,85,0.1,975.5,7.6,335,100,28.5,81,0.0,975.3,6.5,341,65,,,,0
2026-08-06 11:00:00+00:00,28.0,83.82,0.1,1000.0009670000001,9.26,325,100,26.4,88,1.6,975.2,9.2,42,100,27.6,88,0.1,975.1,8.0,355,100,28.8,80,0.0,975.0,8.3,360,57,,,,0
2026-08-06 12:00:00+00:00,28.0,83.82,0.0,1000.0009670000001,9.26,5,100,26.9,84,0.4,974.8,7.8,22,100,27.5,90,0.1,975.0,8.3,5,100,28.9,79,0.0,974.8,9.5,9,52,,,,0
2026-08-06 13:00:00+00:00,28.0,86.38,0.5,1000.0009670000001,7.408,8,100,27.5,81,0.0,974.9,8.9,40,100,27.3,92,0.1,975.2,7.9,360,100,28.9,79,0.0,974.9,10.0,13,51,,,,0
2026-08-06 14:00:00+00:00,27.0,88.86,0.1,1000.5089255,11.112,354,100,27.4,82,0.0,974.9,10.7,50,100,27.1,93,0.1,975.7,6.9,351,100,28.6,79,0.0,975.1,9.8,17,53,,,,0
2026-08-06 15:00:00+00:00,27.0,88.86,0.0,1001.016884,10.186,4,100,27.2,85,0.0,975.2,12.5,51,100,27.0,94,0.1,976.1,5.9,349,100,28.3,79,0.0,975.4,9.1,18,57,,,,0
2026-08-06 16:00:00+00:00,26.0,94.24,0.0,1002.0328010000001,8.334,29,100,27.0,87,0.0,975.9,11.2,57,83,26.9,94,0.0,976.4,5.2,25,100,27.9,80,0.0,975.8,8.2,23,62,,,,0
2026-08-06 17:00:00+00:00,26.0,94.24,0.0,1002.0328010000001,6.482,53,100,27.1,86,0.0,976.0,10.6,72,77,26.8,95,0.0,976.6,7.7,62,99,27.5,81,0.0,976.0,7.4,23,67,,,,0
2026-08-06 18:00:00+00:00,26.0,94.24,0.0,1002.0328010000001,9.26,74,98,27.2,85,0.0,976.1,9.1,72,100,26.6,95,0.0,976.6,9.8,73,99,27.2,82,0.0,976.2,7.1,24,72,,,,0
2026-08-06 19:00:00+00:00,26.0,94.24,0.5,1001.016884,8.334,86,100,27.3,84,0.0,975.8,7.8,77,100,26.3,96,1.2,976.4,7.9,66,99,26.8,84,0.8,976.1,7.0,21,77,,,,0
2026-08-06 20:00:00+00:00,26.0,94.24,1.4,1001.016884,9.26,70,100,27.3,85,0.0,974.9,9.3,74,100,26.0,98,1.2,976.0,5.0,30,98,26.3,87,0.8,975.8,7.1,15,82,,,,0
2026-08-06 21:00:00+00:00,26.0,94.24,0.5,1001.016884,7.408,358,100,27.1,85,0.3,974.5,9.9,80,100,25.8,99,1.2,975.7,5.1,356,98,25.8,91,0.8,975.6,7.3,9,87,,,,0
2026-08-06 22:00:00+00:00,26.0,94.24,0.0,1000.0009670000001,7.408,6,81,27.2,83,1.7,974.2,7.2,84,100,25.7,99,1.0,975.4,5.4,8,99,25.4,94,0.8,975.3,7.6,3,93,,,,0
2026-08-06 23:00:00+00:00,26.0,94.24,0.0,1000.0009670000001,7.408,6,87,27.3,82,1.4,974.2,8.6,57,100,25.7,98,1.0,975.2,6.6,29,99,25.0,96,0.8,975.1,8.3,358,97,,,,0
2026-08-07 00:00:00+00:00,26.0,94.24,1.8,1000.0009670000001,7.408,57,100,27.2,84,1.4,974.3,8.2,38,100,25.8,97,1.0,975.2,7.9,39,100,24.9,97,0.8,974.9,8.7,355,100,,,,0
2026-08-07 01:00:00+00:00,26.0,94.24,2.2,1000.5089255,9.26,319,100,26.9,86,2.0,974.6,9.7,42,100,25.9,97,1.8,975.5,8.3,34,100,25.1,96,0.9,975.1,9.4,356,100,,,,0
2026-08-07 02:00:00+00:00,26.5,91.55,2.3,1001.016884,9.26,40,100,26.5,89,2.1,975.3,12.2,43,100,26.1,96,1.8,975.9,8.4,25,100,25.4,94,0.9,975.4,10.1,358,100,,,,0
2026-08-07 03:00:00+00:00,27.0,88.86,2.3,1001.016884,9.26,25,100,26.5,89,1.2,975.7,13.6,40,100,26.3,96,1.8,976.2,8.8,19,100,25.9,91,0.9,975.8,10.8,360,100,,,,0
2026-08-07 04:00:00+00:00,27.5,88.9,2.5,1001.016884,8.334,24,98,28.0,82,0.7,976.1,11.7,45,100,26.6,95,2.4,976.4,9.7,22,100,26.4,88,0.9,976.1,11.5,2,99,,,,0
2026-08-07 05:00:00+00:00,27.5,88.9,3.4,1001.016884,12.038,35,100,29.4,76,2.1,975.9,11.2,57,100,26.8,94,2.4,976.5,10.6,28,100,26.9,85,0.9,976.5,11.9,3,98,,,,0
2026-08-07 06:00:00+00:00,27.0,91.575,1.0,1001.016884,10.186,35,100,29.2,76,2.5,975.8,13.1,74,99,27.1,93,2.4,976.4,11.5,32,100,27.2,84,0.9,976.5,11.9,5,97,,,,0
2026-08-07 07:00:00+00:00,26.5,94.265,12.0,1001.016884,12.964,53,100,29.5,75,2.0,975.2,14.0,78,100,27.6,92,4.4,975.8,11.9,35,100,27.3,84,0.7,976.2,11.3,7,97,,,,0
2026-08-07 08:00:00+00:00,26.0,100.0,2.4,1001.016884,12.964,53,100,30.7,69,1.4,974.5,14.2,74,100,28.0,91,4.4,975.2,12.3,40,99,27.3,85,0.7,975.8,10.2,10,98,,,,0
2026-08-07 09:00:00+00:00,26.5,97.14500000000001,0.9,1000.0009670000001,12.038,33,100,30.6,70,1.6,974.0,14.5,67,100,28.3,91,4.4,974.6,12.3,40,99,27.3,87,0.7,975.2,8.9,14,99,,,,0
2026-08-07 10:00:00+00:00,27.0,94.29,0.3,1000.0009670000001,10.186,22,100,30.5,70,1.8,973.7,13.4,66,100,28.1,91,3.3,974.4,11.8,38,99,27.3,88,0.7,974.6,7.6,19,100,,,,0
2026-08-07 11:00:00+00:00,27.0,94.29,0.3,1000.0009670000001,11.112,20,100,30.8,69,1.3,973.7,11.1,61,100,27.6,92,3.3,974.3,11.1,29,99,27.2,89,0.7,974.2,6.3,24,100,,,,0
2026-08-07 12:00:00+00:00,27.0,94.29,4.9,999.4930085000001,12.964,24,98,28.1,82,1.4,973.9,15.0,11,98,27.2,93,3.3,974.4,10.8,26,99,27.2,90,0.7,974.0,5.8,30,100,,,,0
2026-08-07 13:00:00+00:00,26.5,97.14500000000001,1.6,999.4930085000001,12.964,39,100,27.6,84,1.7,974.2,14.8,13,100,26.9,94,1.1,974.8,10.9,27,99,27.2,90,0.5,974.1,5.5,32,99,,,,0
2026-08-07 14:00:00+00:00,26.0,94.24,1.4,1000.0009670000001,14.816,50,100,27.4,84,0.9,974.9,12.9,13,100,26.7,94,1.1,975.4,11.2,33,98,27.2,89,0.5,974.3,5.5,32,97,,,,0
2026-08-07 15:00:00+00:00,26.0,94.24,0.1,1000.5089255,15.742,35,98,27.3,83,0.9,975.5,13.1,16,100,26.4,95,1.1,975.8,11.4,35,98,27.2,88,0.5,974.8,6.0,33,95,,,,0
2026-08-07 16:00:00+00:00,26.0,94.24,0.9,1001.016884,9.26,47,100,27.2,83,0.0,975.6,12.8,16,100,26.0,96,4.0,976.3,11.1,29,98,27.3,86,0.5,975.3,6.3,31,92,,,,0
2026-08-07 17:00:00+00:00,26.0,94.24,3.0,1001.5248425,10.186,40,99,27.1,83,0.2,976.3,12.6,24,100,25.5,97,4.0,976.7,11.2,21,99,27.3,85,0.5,975.7,6.3,31,90,,,,0
2026-08-07 18:00:00+00:00,26.0,94.24,12.6,1001.5248425,10.186,61,100,27.0,83,0.0,976.1,12.8,40,100,25.2,98,4.0,976.8,10.9,17,99,27.2,85,0.5,975.9,6.5,34,88,,,,0
2026-08-07 19:00:00+00:00,26.0,94.24,2.7,1001.016884,9.26,26,95,26.9,85,0.0,975.7,11.7,47,100,25.1,98,0.8,976.6,10.4,20,99,27.1,86,0.2,975.9,6.6,41,87,,,,0
2026-08-07 20:00:00+00:00,26.0,94.24,0.3,1001.016884,11.112,25,98,26.9,86,0.0,975.3,10.2,51,100,25.2,97,0.8,976.1,9.8,28,99,26.9,87,0.2,975.8,6.6,49,86,,,,0
2026-08-07 21:00:00+00:00,25.0,100.0,0.7,1000.5089255,12.038,38,100,27.0,86,0.3,975.1,10.5,59,100,25.3,97,0.8,975.8,8.9,40,99,26.7,88,0.2,975.6,6.8,58,86,,,,0
2026-08-07 22:00:00+00:00,26.0,94.24,5.6,1000.0009670000001,11.112,13,100,27.0,85,1.1,975.0,11.5,70,100,25.3,97,1.6,975.6,7.2,63,99,26.5,90,0.2,975.4,7.4,67,85,,,,0
2026-08-07 23:00:00+00:00,26.0,94.24,6.4,1000.0009670000001,10.186,16,100,27.1,84,0.5,975.3,12.0,83,100,25.4,97,1.6,975.5,7.2,96,100,26.5,90,0.2,975.3,7.9,74,83,,,,0
2026-08-08 00:00:00+00:00,26.0,94.24,0.2,1000.0009670000001,10.186,99,100,26.9,86,0.4,975.6,10.7,70,100,25.6,97,1.6,975.6,8.2,113,100,26.6,90,0.2,975.3,8.4,80,81,,,,0
2026-08-08 01:00:00+00:00,26.5,94.265,6.0,1001.016884,10.186,104,100,27.0,86,1.1,976.4,12.0,83,100,26.1,96,2.0,976.0,7.5,107,100,27.1,88,0.1,975.5,8.7,85,77,,,,0
2026-08-08 02:00:00+00:00,27.0,94.29,1.2,1001.5248425,12.964,78,98,27.7,83,0.7,976.7,13.0,96,100,26.7,95,2.0,976.7,6.6,81,100,27.8,85,0.1,976.0,9.0,90,72,,,,0
2026-08-08 03:00:00+00:00,28.5,91.675,0.3,1002.0328010000001,14.816,80,95,29.2,76,0.7,977.2,15.7,110,83,27.3,93,2.0,977.2,7.0,69,98,28.6,81,0.1,976.4,9.4,97,66,,,,0
2026-08-08 04:00:00+00:00,29.0,89.02,0.1,1002.5407595,20.372,91,98,30.4,69,0.2,977.5,17.1,120,100,27.9,90,0.4,977.6,8.4,83,94,29.4,78,0.1,976.9,9.5,101,60,,,,0
2026-08-08 05:00:00+00:00,30.0,84.04,0.1,1002.0328010000001,17.594,113,100,31.6,64,1.1,977.6,17.0,122,100,28.6,86,0.4,978.0,10.9,99,87,30.2,74,0.1,977.2,9.6,103,55,,,,0
2026-08-08 06:00:00+00:00,30.0,84.04,0.5,1002.0328010000001,14.816,107,94,32.3,62,0.1,977.3,15.9,118,100,29.2,82,0.4,978.0,12.9,108,80,30.7,72,0.1,977.4,9.7,105,52,,,,0
2026-08-08 07:00:00+00:00,30.0,84.04,0.8,1002.0328010000001,11.112,113,79,32.8,59,0.2,976.6,15.3,117,100,30.0,78,0.5,977.6,12.4,112,69,31.0,71,0.1,977.2,9.3,103,51,,,,0
2026-08-08 08:00:00+00:00,28.5,91.675,1.4,1002.0328010000001,12.038,127,89,33.7,55,0.1,975.7,14.5,109,100,30.8,74,0.5,976.9,10.5,117,57,31.2,70,0.1,976.7,8.5,102,51,,,,0
2026-08-08 09:00:00+00:00,30.5,81.71000000000001,0.7,1001.5248425,12.964,113,45,33.7,55,0.3,975.2,18.5,103,94,31.3,72,0.5,976.3,9.0,119,53,31.3,70,0.1,976.2,7.3,99,52,,,,0
2026-08-08 10:00:00+00:00,32.0,75.01,0.1,1001.016884,18.52,122,38,34.5,52,0.0,974.6,14.3,102,76,31.3,72,0.7,976.0,8.5,118,66,31.3,70,0.1,975.6,6.5,93,53,,,,0
2026-08-08 11:00:00+00:00,32.0,72.86500000000001,0.4,1000.0009670000001,16.668,121,66,34.4,52,0.1,974.8,18.6,105,90,31.0,74,0.7,976.0,8.6,112,86,31.3,70,0.1,975.2,5.4,86,54,,,,0
2026-08-08 12:00:00+00:00,30.5,77.03999999999999,1.3,1000.0009670000001,16.668,116,97,33.4,54,0.0,974.5,16.5,106,100,30.6,77,0.7,976.1,8.1,111,93,31.2,71,0.1,975.1,5.1,82,54,,,,0
2026-08-08 13:00:00+00:00,29.5,81.58500000000001,0.1,1001.016884,12.038,115,63,32.9,55,0.0,974.7,15.3,105,100,30.0,81,0.1,976.4,6.9,118,72,31.0,72,0.1,975.4,5.1,82,52,,,,0
2026-08-08 14:00:00+00:00,29.0,83.93,0.0,1001.016884,11.112,123,13,32.3,60,0.0,975.3,11.5,104,36,29.2,86,0.1,976.9,5.6,130,38,30.6,73,0.1,975.9,5.1,86,50,,,,0
2026-08-08 15:00:00+00:00,28.5,86.435,0.0,1002.0328010000001,11.112,133,17,31.9,62,0.0,976.1,9.7,112,6,28.7,89,0.1,977.5,4.6,141,20,30.2,75,0.1,976.5,5.4,90,47,,,,0
2026-08-08 16:00:00+00:00,28.0,88.94,0.0,1002.5407595,7.408,106,20,31.6,64,0.0,976.7,9.8,107,7,28.7,90,0.0,978.0,3.1,135,36,29.7,77,0.1,977.2,5.4,98,44,,,,0
2026-08-08 17:00:00+00:00,28.0,88.94,0.0,1003.048718,6.482,92,88,31.2,65,0.1,977.3,9.8,107,93,28.8,90,0.0,978.4,2.2,90,69,29.3,79,0.1,977.7,5.9,101,42,,,,0
2026-08-08 18:00:00+00:00,28.0,88.94,0.0,1003.048718,5.556,27,93,30.7,67,0.0,977.6,9.3,106,100,28.8,90,0.0,978.6,2.6,56,93,29.0,80,0.1,978.1,5.9,101,41,,,,0
2026-08-08 19:00:00+00:00,28.0,88.94,0.2,1004.064635,5.556,47,88,30.3,69,0.2,977.5,9.4,90,100,28.5,90,0.3,978.5,3.1,54,99,28.7,81,0.0,978.2,5.9,101,43,,,,0
2026-08-08 20:00:00+00:00,28.0,88.94,0.2,1003.048718,7.408,123,83,30.0,70,0.1,977.3,10.1,92,90,28.0,90,0.3,978.2,3.7,61,97,28.3,83,0.0,978.1,5.4,98,46,,,,0
2026-08-08 21:00:00+00:00,27.0,94.29,0.1,1003.048718,5.556,79,91,29.6,72,0.0,976.7,9.7,88,100,27.5,90,0.3,978.1,4.0,63,92,28.0,84,0.0,978.0,5.1,94,51,,,,0
2026-08-08 22:00:00+00:00,27.0,94.29,0.7,1002.5407595,7.408,92,96,29.4,72,0.0,976.5,9.5,79,100,26.8,92,1.0,978.0,3.1,54,86,27.8,84,0.0,977.8,4.7,90,55,,,,0
2026-08-08 23:00:00+00:00,27.0,94.29,0.4,1003.048718,3.704,103,85,29.1,74,0.0,976.7,9.5,81,95,26.0,96,1.0,978.1,2.3,39,77,27.8,85,0.0,977.7,4.3,85,58,,,,0
2026-08-09 00:00:00+00:00,27.5,94.31,0.1,1003.048718,7.408,78,63,29.1,74,0.2,977.2,8.8,102,100,25.8,97,1.0,978.2,1.9,22,65,27.9,84,0.0,977.6,4.0,80,59,,,,0
2026-08-09 01:00:00+00:00,28.0,94.33,0.1,1003.048718,6.482,100,41,29.2,73,0.1,977.9,11.2,111,100,26.6,95,0.0,978.6,2.3,51,46,28.4,82,0.1,977.8,4.0,80,57,,,,0
2026-08-09 02:00:00+00:00,28.5,91.675,0.0,1004.064635,9.26,48,20,29.8,68,0.0,978.4,13.7,113,18,27.9,91,0.0,979.0,3.4,72,24,29.2,79,0.1,977.9,3.6,84,52,,,,0
2026-08-09 03:00:00+00:00,30.0,84.04,0.0,1004.064635,9.26,87,11,31.0,63,0.0,978.5,14.5,117,10,29.1,86,0.0,979.3,5.0,90,11,30.1,75,0.1,978.2,3.6,84,47,,,,0
2026-08-09 04:00:00+00:00,30.5,81.71000000000001,0.1,1004.064635,9.26,104,42,32.4,57,0.0,978.5,13.4,117,6,30.2,80,0.1,979.4,6.7,106,15,31.0,72,0.1,978.4,4.0,90,41,,,,0
2026-08-09 05:00:00+00:00,31.0,74.84,0.1,1004.064635,10.186,118,20,33.7,53,0.0,978.3,13.0,118,0,31.2,74,0.1,979.3,8.4,115,27,31.9,68,0.1,978.4,4.0,90,37,,,,0
2026-08-09 06:00:00+00:00,32.0,70.72,0.0,1004.064635,16.668,121,39,34.6,49,0.0,978.2,12.7,125,6,32.0,69,0.1,979.1,9.7,121,36,32.5,66,0.1,978.4,4.0,90,36,,,,0
2026-08-09 07:00:00+00:00,33.5,63.22,0.4,1003.048718,14.816,117,39,35.7,45,0.0,977.5,12.5,129,40,32.8,65,0.1,978.6,9.4,122,36,32.8,64,0.0,978.0,4.3,85,38,,,,0
2026-08-09 08:00:00+00:00,34.0,59.59,0.0,1003.048718,14.816,132,80,36.7,41,0.0,976.5,11.5,131,41,33.5,62,0.1,977.8,7.6,121,33,33.1,63,0.0,977.4,4.5,76,42,,,,0
2026-08-09 09:00:00+00:00,34.0,59.59,0.0,1002.0328010000001,14.816,115,42,37.2,39,0.0,975.8,11.9,125,24,33.8,60,0.1,977.1,6.0,123,32,33.2,63,0.0,976.8,5.4,70,48,,,,0
2026-08-09 10:00:00+00:00,34.0,59.59,0.0,1001.5248425,12.964,81,6,37.5,38,0.0,975.4,14.2,120,27,33.8,61,0.2,976.5,3.8,139,35,33.2,62,0.0,976.1,5.6,63,55,,,,0
2026-08-09 11:00:00+00:00,34.0,61.41,0.0,1001.016884,13.89,45,22,37.1,40,0.0,975.1,16.1,114,42,33.4,63,0.2,975.9,2.5,188,41,33.2,62,0.0,975.6,6.1,62,61,,,,0
2026-08-09 12:00:00+00:00,34.0,59.59,0.6,1001.016884,7.408,189,37,36.1,42,0.0,975.1,16.2,103,59,32.8,67,0.2,975.7,3.3,221,49,33.0,63,0.0,975.3,6.1,62,67,,,,0
2026-08-09 13:00:00+00:00,34.0,59.59,0.0,1001.016884,8.334,360,67,35.0,45,0.0,975.3,14.2,99,46,31.9,73,0.0,976.0,3.4,212,63,32.8,64,0.1,975.4,5.5,67,73,,,,0
2026-08-09 14:00:00+00:00,33.0,68.88,0.0,1001.016884,10.186,78,80,34.4,47,0.0,975.9,10.8,88,31,30.8,80,0.0,976.6,3.6,180,80,32.3,66,0.1,975.7,4.8,77,81,,,,0
2026-08-09 15:00:00+00:00,32.0,72.86500000000001,0.0,1002.0328010000001,11.112,135,88,33.9,51,0.0,976.5,9.7,88,100,29.9,85,0.0,977.1,4.3,156,92,31.8,69,0.1,976.2,4.0,90,88,,,,0
2026-08-09 16:00:00+00:00,31.0,74.84,0.0,1002.0328010000001,10.186,148,98,33.5,54,0.0,977.2,8.9,104,100,29.6,85,0.0,977.5,5.9,142,97,31.3,72,0.1,976.7,3.5,114,95,,,,0
2026-08-09 17:00:00+00:00,31.0,74.84,0.0,1003.048718,7.408,121,95,33.3,55,0.0,977.4,8.6,112,100,29.6,83,0.0,977.8,7.4,133,97,30.8,74,0.1,977.1,3.8,131,99,,,,0
2026-08-09 18:00:00+00:00,31.0,79.38,0.0,1003.048718,7.408,125,97,33.0,56,0.0,977.4,7.7,139,100,29.4,82,0.0,977.8,7.0,125,97,30.3,76,0.1,977.3,4.1,142,100,,,,0
2026-08-09 19:00:00+00:00,30.0,84.04,0.1,1003.048718,9.26,191,99,32.6,58,0.0,977.0,7.9,137,100,28.7,85,0.2,977.7,3.2,90,98,29.9,78,0.1,977.3,4.1,142,96,,,,0
2026-08-09 20:00:00+00:00,30.0,84.04,0.9,1002.0328010000001,9.26,349,100,32.1,60,0.0,976.5,7.4,137,100,27.9,89,0.2,977.3,5.4,356,99,29.5,80,0.1,977.2,4.1,135,89,,,,0
2026-08-09 21:00:00+00:00,30.0,84.04,0.3,1001.5248425,8.334,9,99,31.8,61,0.0,976.1,7.9,129,100,27.3,92,0.2,977.1,8.2,345,99,29.1,81,0.1,976.9,3.8,131,79,,,,0
2026-08-09 22:00:00+00:00,29.0,86.475,0.0,1001.016884,7.408,86,97,31.5,62,0.0,975.9,8.2,131,18,27.0,93,0.0,977.0,4.3,5,99,28.8,83,0.1,976.7,3.7,119,69,,,,0
2026-08-09 23:00:00+00:00,29.0,89.02,0.0,1001.5248425,6.482,77,98,31.3,63,0.0,975.8,7.9,129,91,27.0,93,0.0,976.9,5.2,115,99,28.6,83,0.1,976.5,3.9,112,60,,,,0
2026-08-10 00:00:00+00:00,29.0,89.02,0.0,1002.0328010000001,12.038,119,98,30.6,68,0.0,976.2,9.4,130,97,27.1,93,0.0,977.0,10.2,129,98,28.7,83,0.1,976.4,4.0,100,55,,,,0
2026-08-10 01:00:00+00:00,29.0,89.02,0.2,1002.0328010000001,11.112,119,96,29.8,73,2.1,976.9,11.0,131,100,27.2,92,0.2,977.3,10.5,128,96,29.1,81,0.1,976.5,4.0,95,53,,,,0
2026-08-10 02:00:00+00:00,29.5,86.53,0.3,1003.048718,12.964,95,98,30.6,70,0.2,977.4,12.0,131,100,27.5,91,0.2,977.8,8.7,120,93,29.8,78,0.1,976.7,4.3,90,52,,,,0
2026-08-10 03:00:00+00:00,30.0,84.04,0.0,1003.048718,14.816,114,94,31.3,67,0.9,977.4,12.0,141,97,28.2,88,0.2,978.1,7.1,114,88,30.7,74,0.1,977.0,4.4,81,54,,,,0
2026-08-10 04:00:00+00:00,31.0,74.84,0.0,1003.048718,13.89,125,49,32.2,63,0.7,977.6,13.5,132,63,29.8,79,0.0,978.3,6.8,122,78,31.6,70,0.1,977.2,4.5,76,56,,,,0
2026-08-10 05:00:00+00:00,31.5,72.78,0.0,1003.5566765,12.964,114,85,33.6,57,0.0,977.4,12.8,130,100,31.9,69,0.0,978.1,7.1,135,67,32.4,67,0.1,977.4,4.6,72,58,,,,0
2026-08-10 06:00:00+00:00,32.5,68.785,0.0,1003.048718,12.038,139,59,34.7,53,0.0,977.3,11.8,130,44,32.9,64,0.0,978.0,6.9,137,62,32.8,65,0.1,977.4,4.8,63,61,,,,0
2026-08-10 07:00:00+00:00,33.0,66.85,0.0,1002.5407595,13.89,131,77,35.9,48,0.0,976.5,11.2,123,61,31.9,71,2.0,977.7,5.0,120,70,33.0,64,0.0,977.1,5.2,56,64,,,,0
2026-08-10 08:00:00+00:00,34.0,63.23,0.0,1001.5248425,12.038,99,100,35.3,48,0.4,975.4,8.9,117,100,29.7,83,2.0,977.3,4.1,75,85,32.9,64,0.0,976.7,5.9,52,69,,,,0
2026-08-10 09:00:00+00:00,34.0,59.59,4.8,1001.016884,11.112,68,98,35.0,49,0.3,974.7,5.1,98,100,28.3,92,2.0,976.9,5.6,45,97,32.7,65,0.0,976.2,6.6,45,74,,,,0
2026-08-10 10:00:00+00:00,32.5,68.785,0.8,1001.016884,13.89,307,99,34.7,50,0.1,974.1,7.6,59,100,28.3,93,0.4,976.5,6.4,38,100,32.4,66,0.0,975.7,7.4,43,80,,,,0
2026-08-10 11:00:00+00:00,28.5,81.725,0.2,1000.5089255,18.52,352,100,34.1,53,0.0,974.1,9.2,42,100,29.0,91,0.4,976.1,6.4,38,100,32.1,67,0.0,975.3,7.9,39,84,,,,0
2026-08-10 12:00:00+00:00,27.5,86.32,0.0,1000.0009670000001,14.816,27,100,33.1,57,0.0,974.4,8.5,54,100,29.5,89,0.4,976.0,6.1,40,100,31.8,69,0.0,975.1,8.2,38,88,,,,0
2026-08-10 13:00:00+00:00,28.0,88.94,0.1,1001.016884,12.038,44,100,32.4,61,0.0,974.7,11.0,71,100,29.3,90,0.3,976.4,5.4,53,100,31.5,71,0.5,975.2,8.2,38,91,,,,0
2026-08-10 14:00:00+00:00,28.0,88.94,0.0,1001.016884,9.26,63,100,31.7,64,0.0,975.2,10.5,74,100,28.8,92,0.3,977.1,4.8,77,100,31.2,74,0.5,975.3,7.7,37,93,,,,0
2026-08-10 15:00:00+00:00,28.0,88.94,0.0,1001.016884,9.26,79,100,31.2,67,0.0,976.1,10.1,90,100,28.4,94,0.3,977.6,5.0,90,100,30.8,77,0.5,975.7,6.9,39,95,,,,0
2026-08-10 16:00:00+00:00,28.0,88.94,0.0,1002.0328010000001,9.26,95,100,31.3,65,0.0,976.9,11.7,101,100,28.3,95,0.2,977.6,5.4,82,98,30.4,80,0.5,976.1,6.1,40,96,,,,0
2026-08-10 17:00:00+00:00,28.0,88.94,0.0,1002.0328010000001,9.26,83,100,31.1,64,0.0,976.8,12.0,111,100,28.2,95,0.2,977.3,6.0,73,95,30.0,83,0.5,976.4,5.6,45,97,,,,0
2026-08-10 18:00:00+00:00,28.5,88.97999999999999,0.0,1002.0328010000001,9.26,61,93,30.7,65,0.0,976.4,10.0,116,100,28.1,95,0.2,977.1,6.6,68,94,29.6,85,0.5,976.6,5.1,51,97,,,,0
2026-08-10 19:00:00+00:00,28.5,91.675,0.2,1002.0328010000001,12.964,91,100,30.4,67,0.0,976.0,9.5,119,100,27.9,96,0.1,977.0,7.3,79,96,29.2,87,2.2,976.6,5.2,56,96,,,,0
2026-08-10 20:00:00+00:00,28.0,88.94,0.1,1002.0328010000001,13.89,113,100,30.1,69,0.0,975.6,9.8,114,100,27.5,97,0.1,977.0,8.6,92,98,28.7,88,2.2,976.6,5.8,68,95,,,,0
2026-08-10 21:00:00+00:00,28.0,88.94,0.0,1001.016884,12.964,106,100,29.8,70,0.0,975.2,8.7,107,100,27.2,97,0.1,977.0,9.3,103,100,28.2,89,2.2,976.6,6.4,74,93,,,,0
2026-08-10 22:00:00+00:00,28.0,88.94,0.1,1001.016884,12.964,106,93,29.7,71,0.0,975.2,9.6,103,100,26.9,97,0.8,977.0,9.0,119,99,27.7,89,2.2,976.5,7.3,81,91,,,,0
2026-08-10 23:00:00+00:00,28.0,88.94,0.3,1001.016884,11.112,127,96,29.4,72,0.0,975.4,10.4,104,100,26.6,97,0.8,977.0,8.9,137,96,27.4,89,2.2,976.5,8.0,85,90,,,,0
2026-08-11 00:00:00+00:00,28.0,88.94,0.3,1002.0328010000001,10.186,149,95,29.0,74,0.0,976.4,11.1,115,100,26.6,96,0.8,977.2,9.0,151,95,27.3,89,2.2,976.6,8.6,88,89,,,,0
2026-08-11 01:00:00+00:00,28.0,88.94,0.0,1002.0328010000001,11.112,128,84,29.1,74,0.0,977.1,10.9,117,100,27.0,93,0.0,977.7,8.9,159,96,27.4,88,0.2,976.8,9.0,90,90,,,,0
2026-08-11 02:00:00+00:00,28.0,88.94,0.0,1003.048718,9.26,159,92,29.8,70,0.0,977.8,11.2,123,100,27.7,89,0.0,978.1,8.4,160,98,27.7,85,0.2,977.2,9.0,90,92,,,,0
2026-08-11 03:00:00+00:00,28.0,88.94,0.0,1003.5566765,8.334,163,99,30.6,66,1.1,978.3,12.7,119,10,28.4,86,0.0,978.5,7.3,160,99,28.2,83,0.2,977.6,9.0,92,94,,,,0
2026-08-11 04:00:00+00:00,28.0,88.94,0.0,1004.064635,7.408,157,99,32.0,60,0.3,978.7,13.6,122,20,29.1,83,0.1,978.8,5.6,153,100,28.7,80,0.2,978.0,9.0,92,97,,,,0
2026-08-11 05:00:00+00:00,29.0,83.93,0.1,1004.064635,5.556,114,99,33.1,56,0.0,978.5,13.1,122,34,29.8,80,0.1,978.8,4.1,135,100,29.2,77,0.2,978.2,8.6,92,97,,,,0
2026-08-11 06:00:00+00:00,28.0,94.33,0.3,1004.064635,8.334,104,100,33.8,55,0.6,978.1,14.3,118,53,30.2,79,0.1,978.8,3.4,108,100,29.5,76,0.2,978.2,8.3,92,96,,,,0
2026-08-11 07:00:00+00:00,28.0,94.33,2.8,1003.5566765,8.334,63,100,34.0,54,0.0,977.2,14.2,120,100,29.9,82,1.3,978.4,4.0,85,100,29.6,76,0.3,978.0,7.6,90,92,,,,0
2026-08-11 08:00:00+00:00,28.5,91.675,5.4,1003.048718,9.26,80,100,33.2,57,0.4,976.6,13.7,120,100,29.3,87,1.3,977.7,5.0,69,99,29.7,76,0.3,977.5,6.5,90,85,,,,0
2026-08-11 09:00:00+00:00,30.0,84.04,1.4,1002.5407595,12.964,60,97,34.2,54,0.6,975.9,12.4,120,97,29.0,90,1.3,977.1,5.6,63,97,29.8,77,0.3,976.9,5.1,82,78,,,,0
2026-08-11 10:00:00+00:00,30.5,81.71000000000001,0.3,1001.5248425,12.964,56,91,33.9,55,0.9,975.4,13.5,119,84,29.3,87,0.2,976.7,5.6,63,94,29.8,78,0.3,976.2,4.1,75,70,,,,0
2026-08-11 11:00:00+00:00,30.5,81.71000000000001,0.0,1001.016884,12.038,34,90,33.5,56,0.1,975.4,14.0,136,96,30.0,82,0.2,976.2,4.7,67,90,29.8,79,0.3,975.7,3.2,63,62,,,,0
2026-08-11 12:00:00+00:00,31.0,79.38,0.1,1001.016884,11.112,80,78,33.3,57,0.1,975.5,11.5,139,100,30.3,79,0.2,976.2,4.2,70,87,29.7,80,0.3,975.5,2.8,50,57,,,,0
2026-08-11 13:00:00+00:00,30.5,81.71000000000001,0.0,1000.5089255,10.186,90,95,32.6,59,0.0,975.6,8.9,140,100,29.9,82,0.2,976.5,3.8,73,86,29.6,80,0.1,975.6,2.8,40,53,,,,0
2026-08-11 14:00:00+00:00,30.0,84.04,0.5,1001.016884,9.26,160,95,32.0,62,0.0,976.0,8.9,140,60,29.3,87,0.2,977.0,3.8,73,87,29.5,80,0.1,976.0,2.8,40,50,,,,0
2026-08-11 15:00:00+00:00,29.5,86.53,0.5,1002.0328010000001,8.334,109,71,31.5,64,0.0,977.1,10.4,136,11,28.7,91,0.2,977.6,3.3,84,86,29.3,80,0.1,976.5,3.3,41,48,,,,0
2026-08-11 16:00:00+00:00,29.0,89.02,0.1,1002.5407595,8.334,137,13,30.6,67,0.5,978.0,11.7,135,14,28.6,92,0.0,977.9,3.4,108,86,29.1,80,0.1,976.9,3.8,41,47,,,,0
2026-08-11 17:00:00+00:00,29.0,89.02,0.0,1003.048718,9.26,152,27,30.1,68,0.0,977.6,8.9,148,34,28.5,92,0.0,978.1,4.1,135,84,29.0,80,0.1,977.3,3.8,41,46,,,,0
2026-08-11 18:00:00+00:00,29.0,89.02,0.0,1003.048718,7.408,134,84,30.0,67,0.0,977.5,8.7,132,73,28.4,92,0.0,978.2,4.6,141,77,28.8,80,0.1,977.6,4.1,38,47,,,,0
2026-08-11 19:00:00+00:00,28.5,88.97999999999999,0.0,1003.048718,10.186,169,63,29.9,66,0.0,977.2,9.0,127,100,28.2,93,0.0,978.1,3.1,126,57,28.5,81,0.3,977.7,4.2,31,50,,,,0
2026-08-11 20:00:00+00:00,28.0,88.94,0.0,1003.048718,4.63,315,57,29.6,66,0.0,976.5,9.0,143,100,27.8,95,0.0,978.0,2.3,72,31,28.2,82,0.3,977.6,4.7,23,55,,,,0
2026-08-11 21:00:00+00:00,28.0,88.94,0.0,1003.048718,9.26,48,20,29.4,66,0.0,976.0,7.7,143,7,27.6,96,0.0,977.9,3.4,32,13,27.9,84,0.3,977.4,4.9,17,60,,,,0
2026-08-11 22:00:00+00:00,28.0,88.94,0.0,1003.048718,5.556,62,5,29.3,65,0.0,976.1,6.6,139,62,27.3,97,0.0,977.9,3.7,29,11,27.7,85,0.3,977.3,5.5,11,66,,,,0
2026-08-11 23:00:00+00:00,28.0,88.94,0.0,1003.048718,4.63,68,1,29.1,66,0.0,976.5,7.7,139,100,27.1,99,0.0,977.8,2.9,30,16,27.6,86,0.3,977.1,5.8,7,70,,,,0
2026-08-12 00:00:00+00:00,27.5,91.61500000000001,0.0,1003.048718,4.63,76,23,29.1,66,0.0,977.3,6.4,137,100,27.3,98,0.0,977.9,2.6,34,20,27.7,85,0.3,977.1,5.8,4,72,,,,0
2026-08-12 01:00:00+00:00,27.5,91.61500000000001,0.0,1003.048718,3.704,35,9,29.1,66,0.0,977.9,6.9,137,6,28.0,94,0.0,978.2,2.4,27,17,28.1,83,0.1,977.3,5.4,4,71,,,,0
2026-08-12 02:00:00+00:00,28.0,88.94,0.0,1003.5566765,4.63,349,8,30.0,61,0.0,978.3,5.6,130,0,29.0,88,0.0,978.7,2.5,8,11,28.8,79,0.1,977.4,4.7,4,68,,,,0
2026-08-12 03:00:00+00:00,29.5,81.58500000000001,0.0,1004.064635,2.778,349,14,31.6,54,0.0,978.6,4.1,128,5,30.0,82,0.0,979.0,2.9,360,9,29.7,75,0.1,977.7,4.0,10,63,,,,0
2026-08-12 04:00:00+00:00,30.5,77.03999999999999,0.1,1004.064635,8.334,357,15,33.4,48,0.0,978.5,3.3,131,6,31.1,75,0.2,979.0,3.6,354,13,30.5,71,0.1,977.9,3.0,14,58,,,,0
2026-08-12 05:00:00+00:00,32.0,68.685,0.3,1004.064635,9.26,11,23,35.1,42,0.0,978.3,3.7,101,0,32.2,68,0.2,979.0,4.3,355,20,31.3,67,0.1,978.1,2.4,27,52,,,,0
2026-08-12 06:00:00+00:00,33.0,63.01,0.3,1003.5566765,8.334,350,20,36.3,39,0.0,977.9,3.6,84,0,33.1,63,0.2,978.8,4.7,356,24,31.8,65,0.1,978.0,1.8,37,48,,,,0
2026-08-12 07:00:00+00:00,34.0,61.41,0.1,1003.048718,7.408,337,12,37.6,36,0.0,977.3,2.9,83,0,33.7,61,0.2,978.3,4.0,360,20,32.1,64,0.3,977.8,1.5,45,43,,,,0
2026-08-12 08:00:00+00:00,34.0,63.23,0.1,1002.5407595,10.186,339,10,38.5,34,0.0,976.5,3.0,104,5,34.0,60,0.2,977.5,2.6,16,12,32.3,63,0.3,977.3,1.5,45,38,,,,0
2026-08-12 09:00:00+00:00,35.0,58.1,0.1,1002.0328010000001,10.186,27,12,39.0,32,0.0,975.7,2.9,120,5,34.2,60,0.2,976.9,1.5,45,10,32.4,64,0.3,976.7,1.8,53,32,,,,0
2026-08-12 10:00:00+00:00,35.0,56.38,0.0,1001.5248425,8.334,243,9,39.0,32,0.0,975.2,5.1,98,0,34.3,60,0.1,976.5,0.4,90,17,32.4,64,0.3,976.1,1.8,53,28,,,,0
2026-08-12 11:00:00+00:00,34.5,57.985,0.0,1001.016884,9.26,256,20,38.7,33,0.0,975.0,8.7,97,8,34.2,61,0.1,976.2,1.8,217,30,32.3,65,0.3,975.7,1.8,53,26,,,,0
2026-08-12 12:00:00+00:00,34.0,59.59,0.3,1001.016884,7.408,214,38,38.1,35,0.0,975.3,11.4,103,9,33.6,64,0.1,976.2,2.5,225,45,32.1,67,0.3,975.6,1.6,63,26,,,,0
2026-08-12 13:00:00+00:00,34.0,59.59,0.7,1001.5248425,7.408,240,70,37.1,38,0.0,975.6,12.1,113,17,31.8,73,0.3,976.8,1.9,248,64,31.8,69,0.6,975.9,1.5,76,31,,,,0
2026-08-12 14:00:00+00:00,33.0,63.01,0.0,1002.5407595,7.408,237,66,36.3,40,0.0,976.3,11.4,118,0,29.4,84,0.3,977.6,1.6,297,85,31.3,72,0.6,976.5,1.4,90,41,,,,0
2026-08-12 15:00:00+00:00,33.0,66.85,0.0,1003.048718,11.112,222,95,35.9,42,0.0,977.4,10.5,121,0,27.9,92,0.3,978.4,1.8,323,95,30.7,76,0.6,977.3,1.9,112,52,,,,0
2026-08-12 16:00:00+00:00,32.0,72.86500000000001,0.0,1004.064635,9.26,225,99,35.4,45,0.0,978.2,9.2,132,0,27.9,93,0.0,979.0,0.8,243,85,30.1,79,0.6,978.0,2.1,121,64,,,,0
2026-08-12 17:00:00+00:00,32.0,70.72,0.0,1004.064635,7.408,182,94,34.9,46,0.0,978.5,7.4,151,5,28.8,91,0.0,979.5,2.9,187,65,29.6,83,0.6,978.6,2.3,129,72,,,,0
2026-08-12 18:00:00+00:00,32.0,70.72,0.0,1004.064635,7.408,171,50,34.4,48,0.0,979.0,6.5,161,5,29.4,89,0.0,979.6,4.7,184,49,29.1,85,0.6,979.0,2.5,135,75,,,,0
2026-08-12 19:00:00+00:00,31.0,77.11,0.0,1004.5725935,5.556,185,43,34.0,49,0.0,978.7,6.8,148,6,29.3,89,0.0,979.4,4.7,203,41,28.8,87,0.2,979.1,2.5,135,71,,,,0
2026-08-12 20:00:00+00:00,31.0,79.38,0.0,1004.5725935,5.556,211,44,33.6,50,0.0,978.3,6.4,137,10,28.9,89,0.0,978.9,4.8,228,38,28.4,89,0.2,978.8,2.5,135,63,,,,0
2026-08-12 21:00:00+00:00,29.0,86.475,0.0,1004.064635,10.186,245,24,33.2,52,0.0,977.9,6.9,133,10,28.4,90,0.0,978.4,5.5,247,38,28.1,91,0.2,978.6,2.3,129,51,,,,0
2026-08-12 22:00:00+00:00,29.0,81.515,0.0,1003.048718,11.112,275,46,32.8,53,0.0,977.6,7.4,137,95,27.6,93,0.0,978.3,6.2,249,47,27.8,92,0.2,978.2,1.8,127,39,,,,0
2026-08-12 23:00:00+00:00,29.0,79.1,0.0,1003.048718,8.334,270,73,32.5,54,0.0,977.4,7.9,141,99,26.8,96,0.0,978.2,6.3,246,59,27.8,92,0.2,978.0,1.8,127,29,,,,0
2026-08-13 00:00:00+00:00,28.0,86.38,0.0,1003.048718,11.112,257,67,32.2,55,0.0,977.7,4.9,144,100,26.5,97,0.0,978.2,5.8,248,63,28.0,91,0.2,977.8,1.3,124,23,,,,0
2026-08-13 01:00:00+00:00,28.0,88.94,0.6,1003.048718,10.186,250,41,32.3,55,0.0,978.2,3.4,148,64,27.3,94,0.2,978.3,4.3,265,48,28.5,88,0.1,977.9,0.8,117,21,,,,0
2026-08-13 02:00:00+00:00,28.5,86.435,0.0,1004.064635,11.112,289,23,32.9,53,0.0,978.3,2.3,129,7,28.7,88,0.2,978.4,3.4,302,24,29.3,84,0.1,978.0,0.4,180,22,,,,0
2026-08-13 03:00:00+00:00,29.5,76.89,0.0,1004.064635,8.334,327,8,34.0,50,0.0,978.5,3.6,90,5,30.1,82,0.2,978.6,3.7,331,8,30.2,79,0.1,978.2,0.7,270,25,,,,0
2026-08-13 04:00:00+00:00,31.5,72.78,0.0,1004.064635,6.482,329,8,35.3,46,0.0,978.5,5.0,90,5,31.4,77,0.0,978.9,3.2,333,11,31.2,74,0.1,978.5,1.5,284,28,,,,0
2026-08-13 05:00:00+00:00,33.0,66.85,0.0,1004.064635,7.408,352,9,36.8,42,0.0,978.4,4.4,99,0,32.7,71,0.0,979.1,2.3,309,22,32.1,69,0.1,978.5,1.8,281,32,,,,0
2026-08-13 06:00:00+00:00,33.5,65.03999999999999,0.2,1004.064635,8.334,315,13,37.9,39,0.0,978.1,3.1,111,10,33.4,68,0.0,979.1,2.3,288,30,32.9,65,0.1,978.4,2.6,286,36,,,,0
2026-08-13 07:00:00+00:00,34.0,63.23,0.0,1003.5566765,11.112,265,50,38.9,36,0.0,977.3,3.6,90,54,33.4,68,0.5,978.7,3.0,284,28,33.5,62,0.0,978.1,3.4,288,40,,,,0
2026-08-13 08:00:00+00:00,34.0,63.23,1.1,1002.5407595,14.816,241,66,38.4,36,0.1,976.3,3.5,66,93,32.8,71,0.5,978.0,3.8,287,24,34.0,59,0.0,977.4,3.9,292,44,,,,0
2026-08-13 09:00:00+00:00,33.5,65.27,0.3,1002.0328010000001,14.816,239,20,37.1,39,0.0,975.4,5.5,32,100,32.2,74,0.5,977.4,4.0,297,27,34.5,56,0.0,976.8,4.8,297,49,,,,0
2026-08-13 10:00:00+00:00,27.5,91.61500000000001,0.2,1001.5248425,16.668,295,34,37.0,40,0.0,975.0,4.9,17,100,31.6,78,0.1,976.8,2.9,330,48,34.8,54,0.0,976.1,5.3,298,53,,,,0
2026-08-13 11:00:00+00:00,29.0,83.93,0.0,1001.016884,12.038,290,18,36.9,40,0.0,974.9,2.9,7,100,30.9,83,0.1,976.3,4.0,27,77,35.1,53,0.0,975.5,5.6,297,57,,,,0
2026-08-13 12:00:00+00:00,30.0,84.04,0.2,1001.016884,3.704,59,92,36.6,40,0.0,975.4,3.9,292,100,30.3,87,0.1,976.2,5.1,45,93,35.2,52,0.0,975.3,6.0,295,60,,,,0
2026-08-13 13:00:00+00:00,30.5,81.71000000000001,0.0,1001.016884,0.0,34,70,36.2,40,0.0,975.4,5.0,270,100,29.9,89,0.0,976.5,3.1,54,82,35.1,52,0.0,975.2,5.8,292,62,,,,0
2026-08-13 14:00:00+00:00,31.0,79.38,0.0,1002.0328010000001,5.556,163,44,35.8,41,0.0,976.0,6.5,276,100,29.7,90,0.0,977.3,1.1,162,59,34.8,53,0.0,975.5,4.8,283,62,,,,0
2026-08-13 15:00:00+00:00,31.0,79.38,0.0,1002.0328010000001,7.408,216,49,35.2,43,0.0,976.4,11.5,266,100,29.6,91,0.0,977.8,3.2,207,47,34.3,54,0.0,976.0,4.3,275,62,,,,0
2026-08-13 16:00:00+00:00,30.0,89.1,0.0,1002.5407595,5.556,213,52,34.5,46,0.0,977.3,11.7,259,11,29.8,91,0.0,978.0,3.6,217,61,33.8,56,0.0,976.3,3.7,259,62,,,,0
2026-08-13 17:00:00+00:00,30.0,89.1,0.0,1003.048718,3.704,211,98,34.0,49,0.0,977.7,11.2,255,100,30.1,90,0.0,977.9,3.1,225,86,33.4,58,0.0,976.7,3.5,246,61,,,,0
2026-08-13 18:00:00+00:00,30.0,89.1,0.0,1003.048718,4.63,212,99,33.8,51,0.0,977.6,8.8,251,16,30.2,89,0.0,977.8,3.1,234,98,33.0,59,0.0,976.9,3.7,241,61,,,,0
2026-08-13 19:00:00+00:00,30.0,86.57,0.0,1003.048718,6.482,225,96,33.6,51,0.0,977.1,8.4,250,100,29.9,89,0.0,977.6,3.7,241,81,32.7,60,0.0,976.9,4.0,243,61,,,,0
2026-08-13 20:00:00+00:00,30.0,84.04,0.0,1002.0328010000001,6.482,227,66,33.4,52,0.0,976.4,8.3,270,100,29.5,88,0.0,977.3,4.8,243,52,32.3,61,0.0,976.9,4.8,257,60,,,,0
2026-08-13 21:00:00+00:00,30.0,84.04,0.0,1002.0328010000001,7.408,243,27,33.2,52,0.0,976.1,6.1,270,100,29.0,89,0.0,977.0,5.2,245,36,32.0,62,0.0,976.7,5.8,266,59,,,,0
2026-08-13 22:00:00+00:00,29.5,86.53,0.0,1002.0328010000001,1.852,247,74,33.0,52,0.0,976.1,6.5,270,100,28.2,92,0.0,977.0,4.2,239,50,31.8,63,0.0,976.6,6.8,273,58,,,,0
2026-08-13 23:00:00+00:00,29.0,89.02,0.0,1002.0328010000001,8.334,255,57,32.9,51,0.0,976.5,5.4,262,100,27.3,95,0.0,976.9,2.5,225,77,31.5,64,0.0,976.4,7.6,278,58,,,,0
2026-08-14 00:00:00+00:00,29.0,89.02,0.0,1002.0328010000001,10.186,207,98,32.4,52,0.0,976.8,8.0,280,100,26.8,97,0.0,977.2,2.2,180,98,31.4,65,0.0,976.5,8.0,280,58,,,,0
2026-08-14 01:00:00+00:00,29.0,89.02,1.6,1002.5407595,8.334,99,99,32.3,52,0.0,977.6,7.7,281,100,26.9,96,1.1,977.8,3.4,162,100,31.3,66,0.4,976.8,7.8,283,59,,,,0
2026-08-14 02:00:00+00:00,29.0,89.02,1.1,1003.048718,11.112,149,100,32.5,51,0.0,978.1,9.2,281,100,27.3,94,1.1,978.6,5.5,157,100,31.2,68,0.4,977.2,7.2,288,61,,,,0
2026-08-14 03:00:00+00:00,29.5,86.53,0.3,1003.5566765,15.742,163,100,33.5,49,0.1,978.7,9.6,283,100,27.8,91,1.1,979.4,5.8,158,100,31.3,70,0.4,977.8,6.0,295,64,,,,0
2026-08-14 04:00:00+00:00,29.5,86.53,0.1,1004.064635,17.594,286,100,34.6,46,0.1,978.9,9.4,288,6,28.7,87,0.2,979.7,3.6,174,100,31.3,71,0.4,978.3,5.0,300,66,,,,0
2026-08-14 05:00:00+00:00,30.0,84.04,0.0,1004.064635,13.89,279,99,34.6,46,0.0,978.9,7.4,284,100,29.7,83,0.2,979.9,2.5,262,100,31.4,72,0.4,978.6,3.8,311,68,,,,0
2026-08-14 06:00:00+00:00,30.0,84.04,0.1,1005.080552,12.964,288,100,35.2,45,0.0,978.7,5.1,315,100,30.4,80,0.2,979.9,4.0,297,100,31.4,73,0.4,978.8,2.9,330,69,,,,0
2026-08-14 07:00:00+00:00,30.0,84.04,1.0,1005.080552,10.186,347,100,36.4,42,0.0,978.1,3.7,349,100,30.5,80,0.5,979.7,2.6,326,100,31.5,73,0.5,978.7,2.2,360,69,,,,0
2026-08-14 08:00:00+00:00,30.0,84.04,0.4,1005.080552,8.334,72,100,36.3,42,0.0,977.4,4.8,27,100,30.4,81,0.5,979.5,3.1,54,100,31.7,72,0.5,978.3,2.6,56,68,,,,0
2026-08-14 09:00:00+00:00,27.0,83.87,0.4,1004.064635,12.964,19,100,36.8,41,0.0,976.7,8.5,62,100,30.3,82,0.5,979.1,5.6,75,100,31.9,71,0.5,977.9,4.0,80,67,,,,0
2026-08-14 10:00:00+00:00,27.5,86.34,5.4,1003.048718,8.334,186,100,35.2,48,0.0,976.5,13.7,87,100,30.3,81,2.0,978.5,6.0,73,100,32.0,70,0.5,977.5,5.8,90,65,,,,0
2026-08-14 11:00:00+00:00,28.0,83.82,1.0,1003.048718,11.112,176,100,34.0,54,0.0,976.3,12.2,114,100,30.2,80,2.0,977.8,5.6,63,100,32.1,69,0.5,977.1,7.2,96,64,,,,0
2026-08-14 12:00:00+00:00,28.0,83.82,0.2,1002.0328010000001,6.482,69,100,33.8,54,0.0,976.8,8.2,131,100,30.0,80,2.0,977.5,5.2,56,100,32.1,69,0.5,976.9,7.7,101,63,,,,0
2026-08-14 13:00:00+00:00,28.0,83.82,0.0,1002.0328010000001,6.482,81,100,33.5,55,0.0,976.9,5.6,140,100,29.5,82,0.0,977.8,5.3,62,95,31.9,69,0.0,977.0,7.5,107,62,,,,0
2026-08-14 14:00:00+00:00,28.0,83.82,0.0,1003.048718,9.26,75,99,33.3,55,0.0,977.0,3.6,127,100,28.9,86,0.0,978.3,5.2,74,89,31.7,70,0.0,977.1,6.4,117,62,,,,0
2026-08-14 15:00:00+00:00,27.5,86.34,0.0,1003.048718,10.186,95,92,33.2,56,0.0,977.3,2.7,113,100,28.4,89,0.0,978.7,5.1,86,86,31.4,72,0.0,977.4,5.1,135,61,,,,0
2026-08-14 16:00:00+00:00,27.0,88.86,0.0,1004.064635,7.408,142,96,33.1,56,0.0,977.7,4.0,95,100,28.1,90,0.0,978.8,3.8,107,90,31.0,73,0.0,977.7,4.3,156,61,,,,0
2026-08-14 17:00:00+00:00,27.0,91.575,0.0,1004.064635,7.408,169,99,32.9,57,0.0,977.9,5.1,129,79,28.0,90,0.0,978.8,2.7,157,97,30.7,74,0.0,977.9,4.3,180,61,,,,0
2026-08-14 18:00:00+00:00,27.0,94.29,0.0,1003.048718,6.482,185,96,31.8,61,0.0,978.3,7.6,172,58,27.9,90,0.0,978.8,3.7,191,99,30.4,75,0.0,978.1,4.6,198,62,,,,0
2026-08-14 19:00:00+00:00,27.0,94.29,0.0,1003.5566765,4.63,195,95,31.3,63,0.0,978.0,6.2,173,100,27.7,92,0.0,978.8,3.2,207,91,30.1,76,0.4,978.2,4.2,211,64,,,,0
2026-08-14 20:00:00+00:00,27.0,94.29,0.0,1003.5566765,1.852,246,79,31.1,64,0.0,977.8,5.2,168,100,27.5,93,0.0,978.8,2.5,225,78,29.7,77,0.4,978.1,3.8,221,68,,,,0
2026-08-14 21:00:00+00:00,27.0,94.29,0.0,1003.048718,6.482,204,63,30.8,65,0.0,977.4,4.9,163,100,27.3,95,0.0,978.7,2.6,236,71,29.4,78,0.4,978.0,3.2,243,72,,,,0
2026-08-14 22:00:00+00:00,27.0,94.29,0.0,1004.064635,6.482,180,41,30.7,65,0.0,977.4,6.0,163,100,27.0,96,0.0,978.7,4.6,219,76,29.1,79,0.4,977.9,3.3,264,76,,,,0
2026-08-14 23:00:00+00:00,27.0,94.29,0.0,1003.048718,0.0,197,84,30.5,65,0.0,977.4,6.6,171,100,26.6,96,0.0,978.8,7.2,207,88,29.0,79,0.4,977.9,3.4,288,78,,,,0
2026-08-15 00:00:00+00:00,27.0,94.29,0.0,1003.048718,0.0,215,97,30.3,66,0.0,977.8,6.7,196,100,26.6,96,0.0,979.0,8.4,200,96,29.0,79,0.4,977.9,4.0,297,79,,,,0
2026-08-15 01:00:00+00:00,27.0,94.29,1.0,1004.064635,0.0,220,100,30.3,65,0.0,978.3,5.2,196,94,26.8,96,0.3,979.4,6.2,187,98,29.3,78,0.6,978.1,4.7,302,77,,,,0
2026-08-15 02:00:00+00:00,27.5,94.31,1.0,1005.080552,9.26,63,100,31.2,62,0.0,978.8,3.9,202,100,27.4,95,0.3,979.8,3.6,143,96,29.8,76,0.6,978.5,4.9,306,73,,,,0
2026-08-15 03:00:00+00:00,29.0,89.02,0.5,1005.080552,7.408,97,100,32.5,57,0.0,979.2,3.3,221,100,28.2,92,0.3,980.2,3.3,84,95,30.5,73,0.6,978.9,5.4,307,68,,,,0
2026-08-15 04:00:00+00:00,30.5,81.71000000000001,0.1,1005.080552,8.334,87,100,34.1,51,0.0,979.2,4.8,222,100,29.5,85,0.0,980.3,3.1,21,96,31.2,71,0.6,979.2,5.9,308,63,,,,0
2026-08-15 05:00:00+00:00,31.0,77.11,0.0,1005.080552,12.964,297,97,35.8,45,0.0,979.1,4.9,234,100,31.1,76,0.0,980.3,6.0,335,97,31.8,69,0.6,979.5,6.2,306,58,,,,0
2026-08-15 06:00:00+00:00,32.0,72.86500000000001,0.1,1005.080552,13.89,314,95,37.2,42,0.0,978.6,1.9,248,30,32.2,70,0.0,980.0,8.3,326,92,32.2,67,0.6,979.4,6.5,304,54,,,,0
2026-08-15 07:00:00+00:00,32.5,68.785,0.6,1004.5725935,13.89,318,88,38.0,40,0.1,977.7,1.8,323,89,32.4,70,0.7,979.4,7.9,330,75,32.5,66,0.0,979.1,7.1,300,51,,,,0
2026-08-15 08:00:00+00:00,33.0,66.85,0.9,1003.5566765,18.52,360,87,37.2,41,0.3,976.4,4.5,331,100,32.1,74,0.7,978.6,6.4,344,53,32.8,65,0.0,978.3,7.9,294,49,,,,0
2026-08-15 09:00:00+00:00,33.0,66.85,0.2,1003.048718,16.668,345,18,36.6,43,0.2,975.6,6.9,332,100,31.8,76,0.7,977.8,5.5,349,42,33.0,64,0.0,977.4,8.8,289,47,,,,0
2026-08-15 10:00:00+00:00,33.5,65.03999999999999,0.1,1002.0328010000001,15.742,320,38,36.4,42,0.1,975.2,5.6,320,100,31.8,75,0.1,977.1,6.4,333,54,33.1,64,0.0,976.6,9.7,285,45,,,,0
2026-08-15 11:00:00+00:00,34.0,63.23,0.0,1001.016884,14.816,306,62,36.2,43,0.1,975.0,5.9,322,100,32.0,72,0.1,976.5,8.7,315,77,33.1,64,0.0,975.9,10.2,280,43,,,,0
2026-08-15 12:00:00+00:00,33.0,68.88,0.0,1000.5089255,13.89,320,86,35.3,48,0.0,975.3,6.9,81,100,31.9,72,0.1,976.2,9.8,306,94,33.1,64,0.0,975.5,10.5,278,42,,,,0
2026-08-15 13:00:00+00:00,32.0,70.72,0.0,1001.016884,13.89,265,89,35.2,48,0.0,975.4,4.1,105,100,31.4,76,0.0,976.4,7.7,298,96,32.9,65,0.0,975.5,10.5,274,41,,,,0
2026-08-15 14:00:00+00:00,32.0,72.86500000000001,0.0,1002.0328010000001,11.112,234,87,35.3,46,0.0,975.7,2.5,172,100,30.6,81,0.0,977.1,4.3,275,92,32.5,65,0.0,975.7,10.1,270,40,,,,0
2026-08-15 15:00:00+00:00,32.0,70.72,0.0,1002.0328010000001,9.26,236,94,35.2,46,0.0,976.2,7.4,194,100,30.0,86,0.0,977.6,3.8,229,88,32.1,67,0.0,976.2,9.8,264,40,,,,0
2026-08-15 16:00:00+00:00,31.0,79.38,0.0,1002.0328010000001,8.334,241,90,34.6,49,0.0,976.9,8.0,198,100,29.6,88,0.0,977.9,5.4,217,88,31.6,68,0.0,976.6,9.5,259,40,,,,0
2026-08-15 17:00:00+00:00,30.5,81.71000000000001,0.0,1002.0328010000001,8.334,229,91,34.3,49,0.0,977.0,6.3,204,93,29.3,89,0.0,977.9,6.7,216,88,31.2,70,0.0,977.1,9.0,254,39,,,,0
2026-08-15 18:00:00+00:00,30.0,79.24,0.0,1003.048718,10.186,221,98,33.6,52,0.0,977.0,7.3,213,100,29.0,89,0.0,977.9,7.7,221,89,30.8,71,0.0,977.3,8.4,250,37,,,,0
2026-08-15 19:00:00+00:00,30.0,79.24,0.0,1003.048718,9.26,227,88,33.5,53,0.0,976.6,6.8,212,100,28.8,89,0.0,977.6,7.6,225,92,30.4,73,0.0,977.2,7.8,248,34,,,,0
2026-08-15 20:00:00+00:00,29.0,83.93,0.0,1002.0328010000001,11.112,247,86,33.1,54,0.0,975.9,5.0,210,100,28.7,88,0.0,977.1,7.0,235,96,30.0,75,0.0,977.1,6.6,248,30,,,,0
2026-08-15 21:00:00+00:00,29.0,83.93,0.1,1001.5248425,13.89,297,98,33.0,54,0.0,975.7,2.9,210,100,28.5,88,0.0,976.7,7.0,249,98,29.6,78,0.0,976.8,5.4,250,25,,,,0
2026-08-15 22:00:00+00:00,29.0,83.93,2.9,1001.016884,12.964,339,98,32.8,55,0.0,975.4,2.3,162,100,28.2,88,0.4,976.4,8.3,265,94,29.3,80,0.0,976.6,4.1,255,21,,,,0
2026-08-15 23:00:00+00:00,29.0,83.93,0.3,1001.016884,13.89,246,99,32.5,56,0.0,975.3,3.8,163,99,27.9,88,0.4,976.3,10.2,278,87,29.1,81,0.0,976.4,3.3,264,17,,,,0
2026-08-16 00:00:00+00:00,29.0,83.93,0.0,1001.016884,15.742,271,77,32.9,52,0.0,975.6,8.7,265,73,27.8,87,0.4,976.3,11.9,284,84,29.2,81,0.0,976.3,2.9,270,15,,,,0
2026-08-16 01:00:00+00:00,28.0,83.82,0.1,1001.5248425,12.964,289,98,32.6,53,0.0,976.2,10.9,276,82,28.1,85,0.1,976.7,11.8,282,88,29.7,79,0.1,976.4,3.3,276,14,,,,0
2026-08-16 02:00:00+00:00,28.5,81.46,0.2,1002.5407595,12.964,268,100,32.6,52,0.0,977.0,15.2,284,100,28.7,82,0.1,977.4,10.9,278,95,30.4,76,0.1,976.5,4.4,279,14,,,,0
2026-08-16 03:00:00+00:00,29.0,79.1,0.1,1003.048718,15.742,269,99,32.9,51,0.0,977.3,18.7,295,100,29.5,79,0.1,977.8,9.7,274,100,31.3,72,0.1,976.8,5.9,284,14,,,,0
2026-08-16 04:00:00+00:00,30.0,74.68,0.0,1003.048718,16.668,280,98,33.8,48,0.0,977.4,18.8,306,100,30.5,75,0.0,978.0,8.8,282,100,32.2,67,0.1,977.1,7.1,285,16,,,,0
2026-08-16 05:00:00+00:00,30.5,72.605,0.0,1003.048718,17.594,284,99,33.8,47,0.0,977.1,20.5,309,100,31.7,70,0.0,978.0,8.2,293,98,33.0,64,0.1,977.2,8.1,283,18,,,,0
2026-08-16 06:00:00+00:00,31.0,70.53,0.0,1003.048718,17.594,301,89,33.7,48,0.0,976.6,19.1,313,100,32.6,67,0.0,977.8,8.1,302,97,33.5,61,0.1,977.3,8.8,279,22,,,,0
2026-08-16 07:00:00+00:00,32.0,66.65,0.2,1002.0328010000001,15.742,310,98,34.1,47,0.0,976.0,15.9,309,100,33.1,65,0.1,977.3,7.9,300,97,33.8,60,0.1,977.0,8.7,275,28,,,,0
2026-08-16 08:00:00+00:00,32.0,66.65,0.0,1002.0328010000001,16.668,310,98,35.5,42,0.0,975.2,12.7,305,100,33.2,64,0.1,976.8,7.6,289,98,34.0,59,0.1,976.6,8.3,268,36,,,,0
2026-08-16 09:00:00+00:00,32.5,64.83,0.0,1002.0328010000001,14.816,270,98,37.4,37,0.0,974.5,11.0,311,77,33.2,64,0.1,976.3,7.3,281,99,34.0,58,0.1,976.0,8.1,257,45,,,,0
2026-08-16 10:00:00+00:00,33.0,63.01,0.1,1001.016884,13.89,269,99,38.4,33,0.0,974.0,12.0,311,27,33.0,66,0.1,976.1,6.9,276,99,34.0,58,0.1,975.6,8.2,247,54,,,,0
2026-08-16 11:00:00+00:00,33.0,63.01,0.1,1001.016884,15.742,272,99,37.8,34,0.0,974.0,14.7,287,98,32.5,70,0.1,975.9,5.8,270,100,33.9,59,0.1,975.2,8.1,238,62,,,,0
2026-08-16 12:00:00+00:00,33.0,63.01,0.1,1001.016884,14.816,280,99,37.8,33,0.0,974.6,13.4,256,100,32.0,74,0.1,976.1,4.7,261,100,33.8,59,0.1,975.0,8.4,230,67,,,,0
2026-08-16 13:00:00+00:00,32.5,64.83,0.0,1001.016884,10.186,280,98,37.0,35,0.0,974.7,11.5,256,100,31.1,79,0.0,976.5,3.3,229,100,33.6,59,0.0,975.0,8.7,225,70,,,,0
2026-08-16 14:00:00+00:00,32.0,70.72,0.4,1001.5248425,7.408,197,100,36.4,37,0.0,975.3,8.3,252,100,30.2,84,0.0,977.1,4.0,180,99,33.3,60,0.0,975.3,9.2,222,72,,,,0
2026-08-16 15:00:00+00:00,32.0,70.72,0.3,1002.0328010000001,6.482,156,99,35.8,40,0.0,975.9,8.9,230,100,29.4,87,0.0,977.5,5.2,164,99,33.0,61,0.0,975.7,9.2,219,72,,,,0
2026-08-16 16:00:00+00:00,32.0,70.72,0.0,1002.0328010000001,7.408,183,100,35.0,43,0.0,976.4,11.5,224,100,29.2,88,0.0,977.7,5.5,169,99,32.7,62,0.0,976.1,9.5,217,72,,,,0
2026-08-16 17:00:00+00:00,31.5,72.78,0.0,1002.0328010000001,7.408,205,99,34.5,46,0.0,976.8,9.4,227,22,29.3,87,0.0,977.7,5.4,184,99,32.3,63,0.0,976.5,9.5,217,70,,,,0
2026-08-16 18:00:00+00:00,32.0,70.72,0.0,1003.048718,9.26,204,97,34.2,47,0.0,977.2,7.1,255,30,29.2,86,0.0,977.6,5.2,205,98,31.9,64,0.0,976.7,9.5,217,68,,,,0
2026-08-16 19:00:00+00:00,31.0,72.685,0.0,1002.0328010000001,11.112,214,96,33.9,48,0.0,976.9,8.0,265,43,28.9,86,0.0,977.4,4.8,228,94,31.5,66,0.1,976.7,8.9,220,65,,,,0
2026-08-16 20:00:00+00:00,30.0,79.24,0.0,1002.0328010000001,12.038,301,91,33.3,50,0.0,976.3,11.3,261,12,28.5,85,0.0,977.1,5.2,258,89,31.0,68,0.1,976.6,8.7,225,60,,,,0
2026-08-16 21:00:00+00:00,29.5,81.58500000000001,0.0,1001.5248425,12.964,249,69,32.7,53,0.0,975.8,12.2,272,23,28.2,85,0.0,976.9,6.8,270,84,30.4,71,0.1,976.5,8.0,234,55,,,,0
2026-08-16 22:00:00+00:00,29.0,79.1,0.0,1001.016884,15.742,252,52,32.5,54,0.0,975.7,11.4,283,10,28.0,84,0.0,976.9,8.7,265,80,30.0,73,0.1,976.3,7.7,242,50,,,,0
2026-08-16 23:00:00+00:00,28.5,81.46,0.0,1001.016884,15.742,253,71,32.2,55,0.0,975.9,10.5,286,11,28.0,83,0.0,976.9,11.0,259,75,29.7,74,0.1,976.2,7.3,250,44,,,,0
2026-08-17 00:00:00+00:00,28.0,83.82,0.0,1002.0328010000001,12.964,257,63,31.7,57,0.0,976.6,11.9,275,2,28.2,82,0.0,977.1,12.1,260,69,29.6,75,0.1,976.3,7.3,259,39,,,,0
2026-08-17 01:00:00+00:00,28.0,83.82,0.0,1002.5407595,15.742,266,47,31.5,58,0.0,977.1,13.3,272,3,28.5,80,0.0,977.5,11.9,272,59,29.9,74,0.3,976.5,7.6,265,34,,,,0
2026-08-17 02:00:00+00:00,28.0,83.82,0.0,1003.048718,13.89,275,53,31.9,56,0.0,977.6,15.3,278,0,29.0,78,0.0,978.1,11.5,290,47,30.4,72,0.3,977.0,7.9,273,28,,,,0
2026-08-17 03:00:00+00:00,28.5,81.46,0.0,1003.048718,15.742,311,49,32.7,53,0.0,978.2,16.6,275,10,29.6,76,0.0,978.6,12.0,303,36,31.1,70,0.3,977.5,8.4,277,23,,,,0
2026-08-17 04:00:00+00:00,30.0,74.815,0.0,1003.5566765,17.594,296,13,33.8,49,0.0,978.3,14.7,281,28,30.7,72,0.0,978.9,12.5,303,25,31.9,67,0.3,977.9,8.4,280,18,,,,0
2026-08-17 05:00:00+00:00,31.5,66.655,0.0,1004.064635,21.298000000000002,289,20,35.4,45,0.0,978.1,14.4,283,26,31.9,67,0.0,979.1,12.9,300,16,32.6,64,0.3,978.3,8.5,282,14,,,,0
2026-08-17 06:00:00+00:00,32.5,64.83,0.0,1004.064635,20.372,296,18,36.4,42,0.0,977.7,14.3,280,27,32.4,65,0.0,979.1,11.9,299,16,33.1,62,0.3,978.4,8.5,282,12,,,,0
2026-08-17 07:00:00+00:00,33.0,63.01,0.0,1004.064635,19.446,294,13,37.4,39,0.0,977.1,13.1,279,0,31.5,70,1.2,978.8,8.7,308,32,33.5,60,0.1,978.2,8.0,278,12,,,,0
2026-08-17 08:00:00+00:00,33.0,63.01,0.1,1003.048718,15.742,294,41,38.2,37,0.0,976.1,14.1,283,12,29.9,78,1.2,978.3,5.5,337,56,33.8,59,0.1,977.7,7.2,270,12,,,,0
2026-08-17 09:00:00+00:00,34.0,59.59,1.8,1002.5407595,14.816,129,14,38.2,37,0.0,975.2,14.5,284,61,28.6,84,1.2,977.8,4.3,360,75,34.1,57,0.1,977.1,6.3,257,14,,,,0
2026-08-17 10:00:00+00:00,34.0,59.59,0.1,1002.0328010000001,17.594,119,59,37.6,37,0.0,974.8,13.4,290,100,28.3,87,0.3,977.5,4.8,318,84,34.3,56,0.1,976.5,6.1,242,17,,,,0
2026-08-17 11:00:00+00:00,34.0,59.59,0.2,1001.5248425,12.964,177,59,38.1,35,0.0,975.1,10.5,266,91,28.3,89,0.3,977.2,9.4,288,88,34.4,55,0.1,976.0,6.1,225,21,,,,0
2026-08-17 12:00:00+00:00,34.0,59.59,0.6,1001.016884,12.038,284,96,37.3,37,0.0,975.5,12.5,252,25,28.3,90,0.3,977.2,12.4,280,84,34.5,54,0.1,975.8,6.4,218,24,,,,0
2026-08-17 13:00:00+00:00,34.0,59.59,1.7,1001.016884,13.89,174,59,36.5,40,0.0,975.6,9.1,279,100,28.1,92,0.3,977.4,9.4,274,68,34.4,54,0.0,975.9,6.5,214,28,,,,0
2026-08-17 14:00:00+00:00,33.0,63.01,0.0,1002.0328010000001,12.964,152,53,34.6,48,0.3,976.0,7.3,11,100,27.8,93,0.3,977.9,4.0,260,45,34.1,54,0.0,976.2,6.8,212,33,,,,0
2026-08-17 15:00:00+00:00,32.0,66.65,0.0,1002.5407595,11.112,197,34,32.2,59,0.2,977.2,13.4,85,100,27.8,93,0.3,978.3,1.9,202,27,33.8,54,0.0,976.7,6.8,212,39,,,,0
2026-08-17 16:00:00+00:00,32.0,66.65,0.0,1003.048718,11.112,190,35,32.1,60,0.0,978.0,9.7,112,100,28.1,90,0.0,978.6,2.3,231,22,33.5,55,0.0,977.3,6.8,212,44,,,,0
2026-08-17 17:00:00+00:00,31.5,68.59,0.0,1003.048718,10.186,202,27,32.5,58,0.0,977.6,7.4,141,100,28.7,86,0.0,978.9,4.7,266,23,33.1,55,0.0,977.6,6.7,216,50,,,,0
2026-08-17 18:00:00+00:00,31.0,70.53,0.0,1004.064635,12.038,278,20,32.5,57,0.0,977.8,7.2,180,74,29.0,83,0.0,979.0,6.8,273,23,32.8,56,0.0,977.9,6.6,221,54,,,,0
2026-08-17 19:00:00+00:00,30.0,74.68,0.0,1003.5566765,15.742,223,6,32.3,57,0.0,977.7,9.2,191,0,28.7,82,0.0,978.8,6.5,267,17,32.4,57,0.0,977.9,6.9,227,58,,,,0
2026-08-17 20:00:00+00:00,29.5,72.43,0.0,1003.048718,14.816,232,7,31.9,58,0.0,977.4,9.7,184,0,28.1,83,0.0,978.4,5.5,259,9,32.0,59,0.0,977.7,7.3,237,63,,,,0
2026-08-17 21:00:00+00:00,29.0,74.51,0.0,1003.048718,15.742,252,6,31.6,59,0.0,977.0,7.9,180,30,27.7,83,0.0,978.2,5.4,250,12,31.6,60,0.0,977.5,7.9,246,68,,,,0
2026-08-17 22:00:00+00:00,29.0,74.51,0.0,1003.048718,12.038,254,12,31.5,60,0.0,976.8,7.6,155,0,27.7,82,0.0,978.0,6.6,257,34,31.2,62,0.0,977.3,8.6,255,71,,,,0
2026-08-17 23:00:00+00:00,29.0,74.51,0.0,1003.048718,12.038,252,5,31.3,61,0.0,976.9,9.1,173,18,27.7,80,0.0,977.9,8.6,268,66,31.1,63,0.0,977.2,9.5,261,72,,,,0
2026-08-18 00:00:00+00:00,28.0,78.96,0.0,1003.048718,12.038,271,88,31.7,57,0.0,977.2,7.7,242,100,28.0,79,0.0,978.0,10.1,272,89,31.1,63,0.0,977.2,9.7,268,71,,,,0
2026-08-18 01:00:00+00:00,28.0,78.96,0.0,1003.5566765,12.038,282,95,31.9,56,0.0,978.0,11.9,284,100,28.3,78,0.0,978.4,10.1,272,95,31.4,62,0.0,977.4,9.7,274,66,,,,0
2026-08-18 02:00:00+00:00,28.0,78.96,0.0,1004.064635,12.964,281,66,31.7,56,0.0,978.8,14.4,283,100,28.8,77,0.0,979.2,9.4,268,92,32.0,60,0.0,977.8,9.7,285,57,,,,0
2026-08-18 03:00:00+00:00,29.5,72.43,0.0,1004.5725935,12.964,264,91,32.8,51,0.0,979.1,13.9,280,100,29.5,75,0.0,979.7,8.6,268,85,32.8,58,0.0,978.4,9.5,295,46,,,,0
2026-08-18 04:00:00+00:00,31.5,64.61,0.0,1005.080552,16.668,277,89,34.2,46,0.0,979.1,15.3,289,100,30.5,71,0.0,980.2,8.0,275,74,33.6,56,0.0,978.8,9.3,306,36,,,,0
2026-08-18 05:00:00+00:00,32.0,62.78,0.0,1005.080552,14.816,281,46,35.5,42,0.0,978.9,14.9,302,100,31.6,67,0.0,980.5,7.5,287,59,34.2,53,0.0,979.2,9.4,313,27,,,,0
2026-08-18 06:00:00+00:00,33.0,61.18,0.0,1005.080552,12.964,293,68,36.4,39,0.0,978.8,11.7,313,100,32.5,63,0.0,980.5,7.1,294,49,34.7,52,0.0,979.3,8.7,318,21,,,,0
2026-08-18 07:00:00+00:00,33.0,59.35,0.0,1005.080552,17.594,288,86,37.4,36,0.0,978.2,10.5,319,100,33.0,61,0.1,980.1,6.1,298,47,34.9,51,0.0,979.0,7.1,319,19,,,,0
2026-08-18 08:00:00+00:00,34.0,56.13,0.1,1005.080552,19.446,277,69,38.2,34,0.0,977.5,9.3,332,100,33.2,60,0.1,979.4,4.8,297,50,35.0,51,0.0,978.5,5.1,315,19,,,,0
2026-08-18 09:00:00+00:00,33.5,57.74,0.1,1003.5566765,14.816,272,46,37.7,35,0.0,976.7,8.0,18,100,33.2,60,0.1,978.7,3.4,288,51,35.0,51,0.0,977.8,2.6,304,21,,,,0
2026-08-18 10:00:00+00:00,34.0,56.13,0.0,1003.048718,14.816,250,23,36.3,39,0.0,976.4,13.0,62,100,33.0,61,0.2,978.2,2.5,262,48,34.9,51,0.0,977.1,1.3,214,24,,,,0
2026-08-18 11:00:00+00:00,34.0,56.13,0.1,1002.0328010000001,11.112,249,25,35.2,44,0.0,976.5,16.6,88,100,32.5,63,0.2,977.7,3.3,229,43,34.8,51,0.0,976.6,3.3,174,28,,,,0
2026-08-18 12:00:00+00:00,34.0,56.13,0.5,1002.0328010000001,10.186,274,35,34.9,44,0.0,976.8,9.7,112,100,31.7,67,0.2,977.6,3.9,214,43,34.6,52,0.0,976.4,4.5,166,31,,,,0
2026-08-18 13:00:00+00:00,33.5,57.74,0.1,1002.5407595,10.186,127,38,34.7,43,0.0,977.1,2.5,172,100,30.3,73,0.2,978.2,3.4,212,53,34.3,53,0.0,976.6,5.0,159,35,,,,0
2026-08-18 14:00:00+00:00,33.0,59.35,0.0,1003.048718,9.26,98,46,34.7,42,0.0,977.6,2.9,83,100,28.7,81,0.2,979.3,2.3,231,68,33.9,54,0.0,977.0,4.7,157,40,,,,0
2026-08-18 15:00:00+00:00,32.5,64.83,1.0,1003.5566765,10.186,129,84,34.6,43,0.0,978.3,6.4,128,100,27.5,87,0.2,979.9,1.9,248,76,33.4,56,0.0,977.6,3.9,146,46,,,,0
2026-08-18 16:00:00+00:00,31.5,68.59,0.9,1004.5725935,14.816,131,52,33.8,48,0.0,979.1,9.6,160,100,27.2,90,1.2,980.1,2.1,239,71,32.9,58,0.0,978.2,3.1,135,50,,,,0
2026-08-18 17:00:00+00:00,30.0,74.68,0.2,1005.080552,11.112,159,39,33.0,53,0.0,979.2,11.4,162,100,27.3,92,1.2,980.1,2.8,220,59,32.4,60,0.0,978.8,2.6,124,54,,,,0
2026-08-18 18:00:00+00:00,29.0,79.1,0.0,1005.080552,11.112,185,40,31.5,62,0.0,979.4,10.7,160,100,27.4,93,1.2,979.9,3.1,216,50,31.9,62,0.0,979.0,2.2,99,55,,,,0
2026-08-18 19:00:00+00:00,29.0,79.1,0.0,1005.080552,6.482,326,42,31.5,60,0.0,979.0,8.7,173,100,27.3,93,0.0,979.7,2.3,219,49,31.4,65,0.0,979.1,2.2,81,53,,,,0
2026-08-18 20:00:00+00:00,29.0,79.1,0.0,1004.5725935,4.63,276,77,31.4,59,0.0,978.7,6.9,189,100,27.2,92,0.0,979.3,1.0,225,50,30.8,68,0.0,978.8,2.3,51,47,,,,0
2026-08-18 21:00:00+00:00,29.0,79.1,0.0,1004.064635,0.0,277,42,31.3,58,0.0,978.4,4.5,166,100,27.1,91,0.0,979.0,0.8,297,55,30.3,71,0.0,978.6,3.1,36,41,,,,0
2026-08-18 22:00:00+00:00,29.0,79.1,0.0,1004.064635,3.704,236,41,31.2,58,0.1,978.0,4.2,200,26,27.2,91,0.0,978.7,1.9,292,63,29.8,74,0.0,978.3,3.9,22,34,,,,0
2026-08-18 23:00:00+00:00,28.5,81.46,0.0,1003.048718,8.334,214,50,31.4,57,0.1,978.2,2.9,187,100,27.3,92,0.0,978.6,3.4,288,75,29.5,76,0.0,978.0,4.5,14,28,,,,0
2026-08-19 00:00:00+00:00,28.0,83.82,0.0,1003.5566765,7.408,275,80,31.3,55,0.0,978.1,3.3,229,100,27.6,91,0.0,978.6,4.6,288,83,29.4,77,0.0,978.0,5.1,8,25,,,,0
2026-08-19 01:00:00+00:00,28.0,83.82,0.0,1004.064635,6.482,272,90,31.5,54,0.0,978.6,4.8,243,26,28.2,87,0.0,979.2,5.4,290,86,29.6,76,0.1,978.2,5.4,4,24,,,,0
2026-08-19 02:00:00+00:00,28.5,81.46,0.0,1005.080552,10.186,296,92,31.8,53,0.0,979.2,5.8,270,100,29.0,81,0.0,980.1,5.6,297,87,30.1,74,0.1,978.6,5.1,356,25,,,,0
2026-08-19 03:00:00+00:00,30.0,70.35,0.0,1005.5885105,15.742,306,88,32.0,52,0.0,979.5,5.4,266,100,29.8,76,0.0,980.8,6.0,303,88,30.8,71,0.1,979.0,5.1,352,28,,,,0
2026-08-19 04:00:00+00:00,31.0,66.44,0.0,1006.0964690000001,17.594,316,94,32.4,50,0.0,979.5,5.8,277,100,30.7,71,0.0,981.1,6.6,319,89,31.6,67,0.1,979.5,4.9,343,30,,,,0
2026-08-19 05:00:00+00:00,31.5,64.61,0.0,1006.0964690000001,16.668,333,69,33.4,46,0.0,979.7,6.5,276,100,31.6,67,0.0,981.1,7.4,337,90,32.2,64,0.1,979.8,4.7,337,33,,,,0
2026-08-19 06:00:00+00:00,32.0,62.78,0.0,1006.0964690000001,11.112,340,91,34.6,43,0.0,979.8,7.4,247,100,32.4,63,0.0,981.0,8.1,347,91,32.7,62,0.1,979.9,4.3,336,36,,,,0
2026-08-19 07:00:00+00:00,33.0,59.35,0.1,1005.5885105,11.112,358,87,36.0,40,0.0,979.3,9.4,238,7,32.9,60,0.1,980.5,7.0,348,90,33.1,60,0.0,979.6,3.9,338,38,,,,0
2026-08-19 08:00:00+00:00,33.5,56.005,0.2,1005.080552,7.408,342,95,37.0,37,0.0,978.5,10.3,234,29,33.2,58,0.1,979.7,4.8,347,89,33.3,59,0.0,979.1,3.8,343,40,,,,0
2026-08-19 09:00:00+00:00,34.0,56.13,0.2,1004.064635,8.334,339,86,37.3,36,0.0,977.6,11.5,229,48,33.1,59,0.1,979.2,2.9,353,89,33.6,57,0.0,978.5,3.3,354,43,,,,0
2026-08-19 10:00:00+00:00,34.5,54.620000000000005,0.1,1003.048718,9.26,315,88,37.3,35,0.0,976.9,8.0,234,90,32.1,67,0.0,979.0,2.4,27,92,33.7,57,0.0,978.0,3.0,14,45,,,,0
2026-08-19 11:00:00+00:00,34.5,57.985,0.0,1003.048718,12.038,278,87,37.1,35,0.0,976.3,3.7,281,100,30.7,78,0.0,979.1,3.3,49,97,33.7,56,0.0,977.5,2.9,30,48,,,,0
2026-08-19 12:00:00+00:00,34.0,56.13,0.0,1003.048718,9.26,87,100,36.6,37,0.0,977.0,4.7,351,100,29.5,87,0.0,979.3,3.5,66,100,33.6,57,0.0,977.3,3.1,45,52,,,,0
2026-08-19 13:00:00+00:00,34.0,54.49,3.2,1003.048718,8.334,109,93,35.7,41,0.0,977.3,6.8,32,40,28.7,92,2.4,979.6,2.9,83,100,33.3,59,0.1,977.5,3.2,63,57,,,,0
2026-08-19 14:00:00+00:00,33.0,59.35,1.2,1004.064635,8.334,163,94,34.5,47,0.0,978.1,10.2,58,53,28.1,95,2.4,980.0,2.3,129,98,32.7,62,0.1,977.8,4.0,85,65,,,,0
2026-08-19 15:00:00+00:00,32.0,68.685,0.2,1004.5725935,8.334,164,98,33.4,53,0.0,979.2,10.6,80,14,27.7,97,2.4,980.2,3.0,166,97,32.1,66,0.1,978.3,5.2,102,72,,,,0
2026-08-19 16:00:00+00:00,31.5,72.78,0.0,1005.080552,11.112,160,95,33.1,53,0.0,979.9,9.9,109,32,28.0,97,0.0,980.4,5.1,176,98,31.5,70,0.1,978.9,6.5,109,79,,,,0
2026-08-19 17:00:00+00:00,30.5,77.03999999999999,0.0,1005.080552,9.26,119,95,32.5,55,0.6,980.2,12.5,134,10,28.5,96,0.0,980.4,7.6,180,99,30.8,73,0.1,979.3,7.4,113,85,,,,0
2026-08-19 18:00:00+00:00,30.0,79.24,0.0,1005.080552,10.186,164,100,31.4,60,0.0,980.0,12.4,144,11,28.7,95,0.0,980.3,7.6,185,100,30.3,76,0.1,979.6,7.6,115,87,,,,0
2026-08-19 19:00:00+00:00,30.0,79.24,0.1,1005.080552,8.334,163,100,31.0,62,0.0,979.7,8.0,153,19,28.3,95,0.4,980.2,3.6,217,99,29.8,78,0.2,979.6,7.1,114,86,,,,0
2026-08-19 20:00:00+00:00,30.0,79.24,0.1,1005.080552,11.112,316,100,30.9,62,0.0,979.4,5.2,155,55,27.5,96,0.4,980.0,5.6,315,96,29.3,80,0.2,979.5,5.5,113,83,,,,0
2026-08-19 21:00:00+00:00,30.0,79.24,0.3,1005.080552,10.186,277,100,30.9,62,0.0,979.1,3.1,135,94,26.9,96,0.4,979.9,10.2,328,95,28.8,81,0.2,979.3,4.1,105,77,,,,0
2026-08-19 22:00:00+00:00,26.0,94.245,0.1,1005.080552,16.668,342,99,30.8,63,0.0,978.9,4.6,108,89,26.7,96,0.2,979.8,10.4,326,96,28.5,82,0.2,978.9,2.2,81,71,,,,0
2026-08-19 23:00:00+00:00,25.5,97.12,0.0,1005.080552,3.704,286,100,30.7,63,0.0,979.0,5.4,94,42,26.7,96,0.2,979.7,8.7,315,98,28.3,82,0.2,978.8,1.8,37,64,,,,0
2026-08-20 00:00:00+00:00,26.0,94.24,0.0,1004.064635,6.482,287,100,30.4,65,0.0,979.3,3.6,37,21,26.8,95,0.2,979.8,7.3,303,100,28.4,81,0.2,978.7,2.5,360,58,,,,0
2026-08-20 01:00:00+00:00,27.0,88.86,1.3,1005.080552,4.63,297,100,30.2,67,0.0,979.7,4.9,17,65,26.8,94,0.4,980.3,7.3,290,100,29.0,78,0.2,978.9,3.3,347,51,,,,0
2026-08-20 02:00:00+00:00,27.5,86.34,0.3,1006.0964690000001,5.556,271,100,30.7,65,0.0,980.0,6.2,7,72,26.8,92,0.4,980.9,8.0,280,100,29.9,74,0.2,979.1,4.5,346,42,,,,0
2026-08-20 03:00:00+00:00,28.5,81.46,0.1,1006.0964690000001,10.186,266,100,30.9,66,1.6,980.2,7.2,354,97,27.2,89,0.4,981.4,8.0,275,100,31.0,69,0.2,979.5,5.2,344,32,,,,0
2026-08-20 04:00:00+00:00,29.5,76.89,0.0,1006.0964690000001,11.112,252,100,30.9,66,2.6,980.3,5.8,356,88,28.3,84,0.0,981.7,6.5,276,97,32.1,64,0.2,979.8,6.0,343,24,,,,0
2026-08-20 05:00:00+00:00,30.5,70.56,0.0,1007.112386,13.89,274,100,33.0,56,0.8,980.1,7.3,11,54,29.8,77,0.0,981.8,4.2,290,93,33.1,60,0.2,980.1,6.4,344,19,,,,0
2026-08-20 06:00:00+00:00,31.5,64.61,0.0,1006.6044275,12.964,318,95,33.9,52,0.0,979.8,8.6,22,58,31.0,71,0.0,981.6,3.1,306,91,33.8,57,0.2,980.0,6.6,347,17,,,,0
2026-08-20 07:00:00+00:00,32.5,61.065,0.0,1006.0964690000001,13.89,297,91,34.4,49,0.0,979.2,9.7,39,45,32.1,65,0.0,980.9,3.6,315,93,34.1,55,0.2,979.8,6.5,354,21,,,,0
2026-08-20 08:00:00+00:00,33.0,59.35,0.0,1005.080552,11.112,312,93,34.9,47,0.0,978.5,10.5,49,42,33.0,61,0.0,979.9,4.3,318,97,34.2,55,0.2,979.2,6.8,360,30,,,,0
2026-08-20 09:00:00+00:00,34.0,59.59,0.0,1004.064635,12.038,298,100,35.6,45,0.0,977.8,11.6,36,35,33.1,61,0.0,979.1,4.3,312,100,34.2,55,0.2,978.5,6.6,9,41,,,,0
2026-08-20 10:00:00+00:00,34.0,59.59,0.0,1003.5566765,11.112,299,99,36.3,43,0.0,976.9,12.4,22,45,31.8,70,0.0,978.7,2.5,262,100,34.1,55,0.2,977.9,6.8,18,53,,,,0
2026-08-20 11:00:00+00:00,34.0,59.59,0.0,1003.048718,12.038,288,95,35.8,44,0.0,976.2,13.6,22,67,29.7,84,0.0,978.5,5.2,196,99,33.9,55,0.2,977.4,6.9,28,63,,,,0
2026-08-20 12:00:00+00:00,34.0,59.59,0.1,1002.5407595,12.038,172,98,35.4,46,0.0,976.3,11.9,25,100,28.1,95,0.0,978.4,8.0,185,98,33.8,56,0.2,977.1,6.5,34,70,,,,0
2026-08-20 13:00:00+00:00,33.5,61.3,1.3,1003.048718,11.112,176,98,34.5,49,0.0,976.5,10.0,41,100,27.6,98,0.8,978.7,7.3,189,97,33.6,57,0.0,977.2,5.9,38,73,,,,0
2026-08-20 14:00:00+00:00,32.5,64.83,0.6,1003.5566765,10.186,202,98,33.9,52,0.0,977.2,8.2,61,100,27.5,98,0.8,979.1,5.5,203,97,33.3,58,0.0,977.5,4.8,48,75,,,,0
2026-08-20 15:00:00+00:00,31.5,70.745,0.2,1004.064635,8.334,209,94,33.5,54,0.0,978.3,7.3,79,100,27.6,97,0.8,979.4,4.3,222,94,32.9,59,0.0,977.8,3.9,56,75,,,,0
2026-08-20 16:00:00+00:00,31.0,74.84,0.0,1004.064635,5.556,220,92,33.2,55,0.0,978.8,6.2,100,100,27.9,97,0.0,979.5,4.1,232,88,32.6,60,0.0,978.3,3.0,76,74,,,,0
2026-08-20 17:00:00+00:00,31.0,74.84,0.0,1004.064635,5.556,223,83,33.0,56,0.0,978.7,6.4,106,100,28.4,96,0.0,979.5,4.1,232,80,32.2,62,0.0,978.6,2.2,99,73,,,,0
2026-08-20 18:00:00+00:00,31.0,77.11,0.0,1004.064635,3.704,246,73,32.1,60,0.0,978.5,5.6,75,23,28.7,95,0.0,979.4,4.2,239,74,31.9,63,0.0,978.8,2.1,121,73,,,,0
2026-08-20 19:00:00+00:00,31.0,74.84,0.0,1004.064635,6.482,280,91,31.8,61,0.0,978.3,5.5,79,71,28.6,94,0.0,979.2,4.7,247,73,31.5,65,0.0,978.8,2.0,135,74,,,,0
2026-08-20 20:00:00+00:00,30.0,79.24,0.2,1004.064635,10.186,262,84,31.6,62,0.0,978.0,5.1,94,19,28.2,92,0.0,978.8,5.6,255,74,31.1,66,0.0,978.6,1.6,153,75,,,,0
2026-08-20 21:00:00+00:00,30.0,79.24,0.0,1003.5566765,11.112,274,82,31.4,63,0.0,977.7,4.1,105,35,27.8,92,0.0,978.6,6.1,270,74,30.7,68,0.0,978.3,1.4,180,76,,,,0
2026-08-20 22:00:00+00:00,29.5,76.89,0.0,1003.048718,14.816,290,52,31.3,63,0.0,977.6,2.2,99,24,27.4,94,0.0,978.6,6.9,298,74,30.3,70,0.0,978.1,1.3,214,76,,,,0
2026-08-20 23:00:00+00:00,29.0,79.1,0.0,1003.048718,12.964,281,55,31.3,63,0.0,977.7,1.3,146,25,27.0,97,0.0,978.6,9.3,324,74,30.1,71,0.0,977.9,1.6,243,76,,,,0
2026-08-21 00:00:00+00:00,29.0,79.1,0.0,1003.048718,11.112,321,73,31.3,63,0.0,978.0,1.6,243,24,27.0,97,0.0,978.8,11.4,332,70,30.1,71,0.0,977.9,2.2,261,73,,,,0
2026-08-21 01:00:00+00:00,28.5,79.03,0.0,1003.5566765,13.89,307,65,30.5,66,1.0,978.5,2.3,252,15,27.4,94,0.1,979.3,10.6,325,57,30.3,70,0.0,978.1,3.3,276,68,,,,0
2026-08-21 02:00:00+00:00,29.0,74.51,0.0,1004.5725935,12.964,290,48,31.1,65,3.0,979.1,5.5,238,10,28.1,88,0.1,980.0,8.8,305,41,30.7,68,0.0,978.4,4.6,288,60,,,,0
2026-08-21 03:00:00+00:00,29.5,72.43,0.0,1005.5885105,18.52,286,33,32.6,57,0.8,979.4,8.6,237,26,29.1,82,0.1,980.5,8.4,290,33,31.2,66,0.0,978.9,6.1,298,51,,,,0
2026-08-21 04:00:00+00:00,31.0,66.44,0.0,1006.0964690000001,21.298000000000002,290,13,34.0,51,0.0,979.7,7.2,233,32,30.5,74,0.0,980.7,9.3,298,41,31.8,63,0.0,979.3,7.8,304,41,,,,0
2026-08-21 05:00:00+00:00,31.5,64.61,0.0,1006.0964690000001,25.002000000000002,296,9,36.0,44,0.0,979.6,4.6,252,21,32.1,66,0.0,980.6,11.5,309,57,32.3,61,0.0,979.5,8.8,305,34,,,,0
2026-08-21 06:00:00+00:00,33.0,59.35,0.0,1005.5885105,15.742,314,33,36.9,41,0.0,979.1,4.3,294,27,33.3,60,0.0,980.3,12.7,315,72,32.7,59,0.0,979.6,9.3,306,29,,,,0
2026-08-21 07:00:00+00:00,33.5,57.74,0.0,1004.064635,16.668,316,89,37.6,38,0.0,977.9,9.0,337,46,33.8,57,0.1,979.5,12.5,314,86,33.0,58,0.0,979.2,8.8,305,27,,,,0
2026-08-21 08:00:00+00:00,34.0,59.59,0.0,1003.5566765,19.446,315,100,38.1,37,0.0,976.5,13.6,349,100,33.9,57,0.1,978.6,11.2,310,98,33.3,57,0.0,978.5,7.9,300,27,,,,0
2026-08-21 09:00:00+00:00,35.0,53.11,0.0,1003.048718,20.372,307,100,38.3,37,0.0,975.6,15.5,359,100,33.7,58,0.1,977.8,10.3,306,99,33.6,56,0.0,977.8,6.3,294,29,,,,0
2026-08-21 10:00:00+00:00,35.0,54.745000000000005,0.1,1002.0328010000001,15.742,307,93,37.9,37,0.0,975.2,12.6,357,100,33.5,60,0.2,977.2,9.5,307,79,33.8,56,0.0,977.0,4.9,287,32,,,,0
2026-08-21 11:00:00+00:00,34.0,57.86,0.6,1002.0328010000001,16.668,309,31,36.1,44,0.3,975.3,12.3,353,100,33.1,64,0.2,976.8,8.7,312,48,33.9,55,0.0,976.3,3.6,270,34,,,,0
2026-08-21 12:00:00+00:00,34.0,56.13,0.0,1001.016884,16.668,308,27,35.7,43,0.0,975.7,12.2,326,100,32.5,68,0.2,976.6,7.7,311,23,33.9,55,0.0,975.9,2.9,263,37,,,,0
2026-08-21 13:00:00+00:00,33.0,63.01,0.0,1001.5248425,12.038,256,34,35.5,43,0.0,975.9,10.4,316,100,31.7,71,0.0,976.8,6.9,298,9,33.9,55,0.0,975.9,2.2,270,40,,,,0
2026-08-21 14:00:00+00:00,32.0,66.65,0.0,1002.0328010000001,12.038,244,18,35.2,43,0.0,976.4,8.6,327,100,30.7,75,0.0,977.5,6.9,276,2,33.7,55,0.0,976.1,1.9,292,44,,,,0
2026-08-21 15:00:00+00:00,32.0,66.65,0.0,1003.048718,9.26,257,5,34.8,45,0.0,977.1,3.3,354,100,29.9,78,0.0,977.9,6.9,264,3,33.5,55,0.0,976.5,2.1,329,48,,,,0
2026-08-21 16:00:00+00:00,32.0,70.72,0.0,1003.048718,6.482,247,13,34.4,47,0.0,977.5,1.8,11,100,29.3,81,0.0,978.1,5.1,266,16,33.3,55,0.0,977.0,3.0,346,52,,,,0
2026-08-21 17:00:00+00:00,32.0,70.72,0.0,1003.048718,4.63,228,13,34.0,49,0.0,977.6,2.7,113,100,28.9,84,0.0,978.4,2.7,293,37,33.0,55,0.0,977.3,3.6,354,55,,,,0
2026-08-21 18:00:00+00:00,32.0,70.72,0.0,1003.048718,3.704,293,65,33.3,52,0.0,977.6,4.7,122,100,28.3,87,0.0,978.5,2.3,342,56,32.7,56,0.0,977.5,3.6,354,57,,,,0
2026-08-21 19:00:00+00:00,31.0,74.84,0.1,1003.048718,3.704,186,52,32.7,55,0.0,977.6,3.1,126,64,27.3,89,0.5,978.6,3.3,354,69,32.4,57,0.0,977.5,3.0,346,57,,,,0
2026-08-21 20:00:00+00:00,31.0,74.84,0.0,1002.5407595,8.334,183,100,32.5,56,0.0,977.3,6.9,137,100,26.2,91,0.5,978.5,4.0,350,80,31.9,59,0.0,977.3,1.5,315,56,,,,0
2026-08-21 21:00:00+00:00,29.5,79.16999999999999,2.8,1002.5407595,15.742,27,98,31.9,59,0.0,977.1,9.0,151,100,25.4,93,0.5,978.4,4.9,343,88,31.5,61,0.0,977.1,1.9,248,55,,,,0
2026-08-21 22:00:00+00:00,26.5,86.24000000000001,2.8,1003.048718,12.964,168,32,31.7,60,0.0,976.9,9.4,184,92,25.3,95,2.1,978.4,5.3,332,95,31.0,63,0.0,977.0,3.6,225,53,,,,0
2026-08-21 23:00:00+00:00,27.0,88.86,0.2,1003.048718,9.26,217,44,31.6,59,0.0,976.9,9.8,197,100,25.6,96,2.1,978.3,5.6,320,100,30.7,65,0.0,976.9,5.1,219,51,,,,0
2026-08-22 00:00:00+00:00,27.0,88.86,0.1,1003.048718,12.038,234,91,30.5,62,0.0,977.3,9.0,241,58,26.1,96,2.1,978.5,6.1,310,97,30.4,66,0.0,976.9,5.9,218,49,,,,0
2026-08-22 01:00:00+00:00,27.0,88.86,0.2,1004.064635,12.964,309,80,30.8,61,0.6,977.8,6.4,254,7,26.8,94,0.2,978.9,5.5,302,77,30.3,67,0.2,977.2,5.9,223,48,,,,0
2026-08-22 02:00:00+00:00,27.0,83.7,0.0,1004.064635,12.964,225,52,31.7,55,0.2,978.3,8.3,270,7,27.8,91,0.2,979.5,5.0,291,50,30.2,68,0.2,977.8,5.6,230,47,,,,0
2026-08-22 03:00:00+00:00,28.5,81.46,0.0,1004.064635,15.742,291,34,32.7,52,0.4,978.8,10.1,287,14,28.8,86,0.2,979.9,4.9,287,35,30.2,69,0.2,978.4,5.2,245,46,,,,0
2026-08-22 04:00:00+00:00,29.5,76.89,0.0,1005.080552,25.002000000000002,283,14,34.2,47,0.0,978.9,8.2,299,6,30.0,79,0.0,980.2,6.4,297,48,30.3,70,0.2,979.0,4.7,261,44,,,,0
2026-08-22 05:00:00+00:00,31.5,64.61,0.0,1005.080552,22.224,269,19,35.6,44,0.0,978.8,8.7,343,5,31.3,70,0.0,980.4,8.7,308,73,30.4,70,0.2,979.4,4.7,274,42,,,,0
2026-08-22 06:00:00+00:00,32.5,61.065,0.0,1005.080552,17.594,311,87,36.8,40,0.0,978.2,10.8,2,5,32.3,64,0.0,980.3,10.4,314,89,30.7,70,0.2,979.5,4.5,284,40,,,,0
2026-08-22 07:00:00+00:00,33.0,59.35,0.0,1004.5725935,14.816,305,95,37.6,38,0.2,977.3,12.3,7,11,33.0,61,0.0,979.6,10.4,314,83,31.1,69,0.2,979.1,3.8,287,36,,,,0
2026-08-22 08:00:00+00:00,34.0,56.13,0.1,1004.064635,21.298000000000002,303,48,38.2,36,0.0,976.5,9.7,358,56,33.4,60,0.0,978.4,9.2,312,67,31.7,67,0.2,978.5,2.6,286,32,,,,0
2026-08-22 09:00:00+00:00,34.0,56.13,0.0,1003.048718,17.594,310,30,37.0,40,0.1,975.6,17.6,325,100,33.3,61,0.0,977.7,7.9,313,56,32.4,65,0.2,977.7,1.1,270,26,,,,0
2026-08-22 10:00:00+00:00,34.0,56.13,0.2,1002.0328010000001,16.668,312,34,31.4,63,0.6,975.4,16.1,27,100,32.5,66,0.7,977.3,7.3,327,58,33.1,62,0.2,976.9,0.8,153,21,,,,0
2026-08-22 11:00:00+00:00,34.0,56.13,0.1,1001.016884,14.816,340,52,33.1,52,0.2,975.2,9.7,92,100,31.1,74,0.7,977.3,7.5,343,65,33.6,61,0.2,976.2,2.3,129,17,,,,0
2026-08-22 12:00:00+00:00,34.0,56.13,1.1,1001.5248425,10.186,311,81,35.3,43,0.4,975.4,5.4,90,0,29.9,80,0.7,977.4,6.9,354,67,33.8,60,0.2,975.8,3.3,131,15,,,,0
2026-08-22 13:00:00+00:00,33.5,59.57,0.2,1002.0328010000001,8.334,138,22,35.0,43,0.0,975.8,5.2,124,0,28.9,85,0.2,977.6,4.4,351,57,33.6,61,0.0,975.9,4.1,135,14,,,,0
2026-08-22 14:00:00+00:00,32.5,64.83,0.1,1002.0328010000001,8.334,173,31,34.6,45,0.0,976.5,2.4,117,58,28.1,88,0.2,978.0,1.3,304,41,33.2,63,0.0,976.3,5.1,141,14,,,,0
2026-08-22 15:00:00+00:00,32.0,68.685,0.0,1002.5407595,11.112,187,22,34.0,48,0.1,977.5,2.9,30,100,27.7,90,0.2,978.4,2.9,210,29,32.6,65,0.0,976.8,5.7,145,15,,,,0
2026-08-22 16:00:00+00:00,31.0,77.11,0.0,1003.048718,11.112,200,47,33.4,52,0.3,978.0,7.6,115,100,27.9,89,0.0,978.8,4.7,189,25,31.9,68,0.0,977.3,6.3,149,16,,,,0
2026-08-22 17:00:00+00:00,30.5,81.71000000000001,0.0,1003.5566765,12.964,197,17,32.6,55,0.4,977.9,7.4,141,63,28.4,86,0.0,979.1,6.1,180,26,31.3,70,0.0,977.9,6.9,152,20,,,,0
2026-08-22 18:00:00+00:00,30.0,84.04,0.0,1004.064635,11.112,171,3,32.4,57,0.1,978.3,9.5,171,100,28.7,85,0.0,979.3,7.2,180,27,30.8,72,0.0,978.1,7.4,151,25,,,,0
2026-08-22 19:00:00+00:00,30.0,84.04,0.0,1004.064635,10.186,173,33,31.6,59,0.3,978.1,7.6,177,100,28.3,87,0.0,979.1,7.8,193,29,30.4,73,0.0,978.2,7.8,146,34,,,,0
2026-08-22 20:00:00+00:00,29.5,86.53,0.1,1004.064635,9.26,198,46,31.2,60,0.0,977.8,5.2,196,11,27.7,90,0.0,978.7,8.7,210,32,30.1,74,0.0,978.1,7.9,141,46,,,,0
2026-08-22 21:00:00+00:00,29.0,89.02,0.0,1003.5566765,10.186,213,34,30.7,62,0.6,977.6,4.3,180,5,27.2,92,0.0,978.5,8.0,216,36,29.8,75,0.0,977.9,8.4,133,60,,,,0
2026-08-22 22:00:00+00:00,29.0,86.475,0.0,1003.048718,10.186,223,20,30.8,61,0.0,977.6,5.5,203,5,26.9,91,0.1,978.5,3.4,198,40,29.5,76,0.0,977.7,8.5,126,74,,,,0
2026-08-22 23:00:00+00:00,29.0,81.515,0.0,1003.048718,8.334,255,23,30.7,61,0.0,977.6,6.3,204,6,26.7,90,0.1,978.7,4.5,76,44,29.4,76,0.0,977.5,8.4,121,84,,,,0
2026-08-23 00:00:00+00:00,29.0,79.1,0.7,1003.5566765,9.26,36,64,30.2,62,0.0,978.4,4.8,207,10,26.8,88,0.1,979.0,8.5,62,48,29.3,76,0.0,977.6,8.0,117,88,,,,0
2026-08-23 01:00:00+00:00,29.0,79.1,4.5,1004.064635,12.038,155,34,30.4,60,0.0,979.1,2.0,225,6,27.2,87,0.9,979.4,6.6,61,48,29.4,76,0.2,977.9,7.0,111,85,,,,0
2026-08-23 02:00:00+00:00,28.0,83.82,0.7,1005.080552,12.038,214,65,31.3,56,0.0,979.8,3.3,276,6,27.8,87,0.9,980.0,1.9,68,48,29.6,75,0.2,978.5,5.6,105,77,,,,0
2026-08-23 03:00:00+00:00,28.0,81.38999999999999,0.1,1005.5885105,9.26,275,41,32.7,51,0.0,980.4,6.0,295,5,28.4,86,0.9,980.5,2.2,261,52,29.9,74,0.2,979.1,3.6,96,66,,,,0
2026-08-23 04:00:00+00:00,29.0,74.51,0.0,1006.6044275,14.816,337,54,34.2,45,0.0,980.5,7.4,299,0,28.8,84,0.7,981.0,4.8,283,68,30.2,74,0.2,979.8,2.1,59,54,,,,0
2026-08-23 05:00:00+00:00,26.5,88.82,1.6,1007.112386,14.816,318,75,35.7,41,0.0,980.2,8.9,302,16,29.2,81,0.7,981.5,7.7,298,88,30.5,73,0.2,980.3,2.2,9,43,,,,0
2026-08-23 06:00:00+00:00,27.5,86.34,0.2,1007.112386,9.26,297,100,36.7,39,0.0,979.6,9.9,316,0,29.7,78,0.7,981.7,10.1,305,95,30.7,72,0.2,980.4,3.0,346,35,,,,0
2026-08-23 07:00:00+00:00,28.5,81.46,0.0,1006.0964690000001,15.742,298,100,37.5,36,0.0,978.6,11.3,329,25,30.7,73,0.0,981.1,11.0,308,74,30.9,71,1.2,980.1,3.9,338,31,,,,0
2026-08-23 08:00:00+00:00,30.0,74.68,0.1,1005.5885105,15.742,302,56,37.2,37,0.3,977.7,12.3,345,79,31.9,68,0.0,980.0,11.5,311,40,31.1,71,1.2,979.5,4.5,331,29,,,,0
2026-08-23 09:00:00+00:00,31.5,68.59,0.1,1004.064635,13.89,309,28,36.9,37,0.1,977.1,9.8,8,100,32.7,65,0.0,979.0,11.2,315,17,31.3,70,1.2,978.8,5.5,328,28,,,,0
2026-08-23 10:00:00+00:00,33.0,64.92999999999999,0.1,1003.048718,14.816,317,13,37.3,35,0.0,976.5,8.1,32,100,32.9,64,0.0,978.2,10.5,319,17,31.4,70,1.2,978.0,5.7,325,28,,,,0
2026-08-23 11:00:00+00:00,33.5,65.03999999999999,0.0,1002.0328010000001,13.89,323,10,37.1,36,0.0,976.2,8.5,36,100,32.9,66,0.0,977.5,9.1,326,28,31.5,69,1.2,977.4,6.2,324,28,,,,0
2026-08-23 12:00:00+00:00,33.0,66.85,0.0,1002.0328010000001,14.816,324,26,37.5,34,0.0,976.3,9.7,345,100,32.5,68,0.0,977.3,7.6,329,34,31.5,69,1.2,977.1,5.9,322,28,,,,0
2026-08-23 13:00:00+00:00,32.5,68.785,0.0,1002.0328010000001,10.186,299,14,36.5,38,0.0,976.5,9.1,18,32,31.9,73,0.0,977.8,5.9,322,28,31.4,69,0.1,977.2,5.4,318,28,,,,0
2026-08-23 14:00:00+00:00,32.0,70.72,0.0,1003.048718,8.334,276,23,35.0,47,0.0,977.2,9.3,62,49,30.9,79,0.0,978.9,4.1,308,18,31.2,69,0.1,977.6,4.3,312,27,,,,0
2026-08-23 15:00:00+00:00,31.0,72.685,0.0,1004.064635,6.482,266,14,34.0,52,0.0,978.0,8.4,80,6,30.1,83,0.0,979.8,3.0,284,12,31.0,70,0.1,978.1,3.7,299,27,,,,0
2026-08-23 16:00:00+00:00,30.0,74.68,0.0,1005.080552,4.63,279,19,33.4,55,0.0,978.6,7.5,107,6,29.5,84,0.1,980.2,1.4,270,10,30.7,70,0.1,978.6,2.6,286,27,,,,0
2026-08-23 17:00:00+00:00,30.0,74.68,0.0,1005.080552,3.704,97,2,33.3,55,0.0,978.8,8.2,139,10,29.0,84,0.1,980.3,1.0,135,13,30.4,71,0.1,979.1,2.5,262,27,,,,0
2026-08-23 18:00:00+00:00,29.5,76.89,0.0,1005.080552,3.704,292,23,32.8,57,0.0,979.0,6.2,126,12,28.6,84,0.1,980.3,1.6,117,22,30.1,72,0.1,979.4,2.4,243,27,,,,0
2026-08-23 19:00:00+00:00,29.0,79.1,0.1,1004.5725935,3.704,283,69,32.4,58,0.0,978.8,5.9,128,11,28.1,86,0.0,980.0,0.8,117,46,29.7,74,0.0,979.4,2.6,236,26,,,,0
2026-08-23 20:00:00+00:00,29.0,79.1,0.0,1004.064635,1.852,265,79,31.9,60,0.0,978.5,4.8,132,15,27.7,89,0.0,979.4,1.1,270,77,29.2,76,0.0,979.3,2.6,236,24,,,,0
2026-08-23 21:00:00+00:00,29.0,79.1,0.0,1004.064635,4.63,270,94,31.8,61,0.0,978.2,1.8,143,31,27.3,92,0.0,979.0,3.3,276,99,28.7,79,0.0,979.2,2.4,243,22,,,,0
2026-08-23 22:00:00+00:00,29.0,79.1,0.5,1004.064635,3.704,228,100,31.7,61,0.1,977.9,2.6,124,78,26.9,94,2.5,979.1,5.8,270,100,28.2,81,0.0,978.9,2.3,252,21,,,,0
2026-08-23 23:00:00+00:00,29.0,79.1,3.3,1004.064635,4.63,274,100,31.6,62,0.0,978.0,3.3,131,92,26.4,95,2.5,979.4,8.6,268,96,27.9,83,0.0,978.8,2.2,261,20,,,,0
2026-08-24 00:00:00+00:00,29.0,79.1,1.3,1004.064635,7.408,266,93,31.2,63,0.0,978.8,3.3,96,97,26.2,96,2.5,979.6,9.7,268,91,27.8,84,0.0,978.8,2.2,279,22,,,,0
2026-08-24 01:00:00+00:00,29.0,83.93,1.2,1004.5725935,5.556,270,96,31.2,63,0.0,979.1,3.4,108,100,26.5,95,0.8,980.0,7.2,276,93,28.1,83,0.3,979.0,2.4,297,26,,,,0
2026-08-24 02:00:00+00:00,29.0,86.475,0.3,1005.080552,4.63,283,99,31.4,62,0.0,979.6,2.4,153,100,27.0,93,0.8,980.3,3.4,302,97,28.6,81,0.3,979.3,3.6,315,32,,,,0
2026-08-24 03:00:00+00:00,30.0,86.57,0.0,1005.080552,6.482,360,97,31.6,60,0.0,979.9,1.1,360,100,27.5,91,0.8,980.5,2.9,353,100,29.3,79,0.3,979.7,4.9,324,39,,,,0
2026-08-24 04:00:00+00:00,31.0,81.765,0.0,1005.5885105,10.186,270,94,31.9,57,0.0,980.3,3.8,17,100,28.1,89,0.0,980.9,3.2,333,100,29.9,76,0.3,980.0,5.8,330,46,,,,0
2026-08-24 05:00:00+00:00,31.5,77.195,0.0,1005.080552,14.816,308,76,32.0,56,0.0,980.2,5.7,35,100,28.8,86,0.0,981.1,4.8,297,100,30.5,74,0.3,980.3,6.9,332,53,,,,0
2026-08-24 06:00:00+00:00,31.0,72.7,0.1,1005.080552,18.52,285,100,31.3,59,0.0,980.1,5.1,45,100,29.5,82,0.0,981.1,6.0,287,100,30.8,73,0.3,980.3,7.6,335,59,,,,0
2026-08-24 07:00:00+00:00,24.0,94.16,0.1,1006.0964690000001,23.150000000000002,246,100,31.3,58,0.0,979.6,5.2,34,100,30.2,76,0.0,980.5,4.8,297,99,30.8,74,1.2,980.0,7.6,335,63,,,,0
2026-08-24 08:00:00+00:00,24.5,94.18,0.0,1005.5885105,8.334,275,100,31.8,55,0.0,979.0,5.9,14,100,31.0,70,0.0,979.6,3.7,331,97,30.6,75,1.2,979.5,7.7,332,67,,,,0
2026-08-24 09:00:00+00:00,26.0,91.50999999999999,0.0,1004.064635,0.0,336,97,32.4,51,0.0,978.3,6.2,36,100,31.5,66,0.0,978.9,4.0,355,96,30.3,77,1.2,978.9,7.1,330,71,,,,0
2026-08-24 10:00:00+00:00,26.5,94.265,0.0,1003.5566765,3.704,311,89,33.2,50,0.0,977.4,5.9,47,100,31.6,67,0.0,978.3,5.2,348,97,29.9,80,1.2,978.3,6.8,328,74,,,,0
2026-08-24 11:00:00+00:00,27.5,91.61500000000001,0.0,1003.048718,0.0,273,67,33.4,51,0.0,977.0,6.6,22,100,31.3,71,0.0,977.9,6.4,333,99,29.5,82,1.2,977.8,6.2,324,77,,,,0
2026-08-24 12:00:00+00:00,28.5,88.97999999999999,0.0,1002.0328010000001,0.0,325,99,32.7,53,0.0,977.2,5.4,8,100,30.9,75,0.0,977.8,6.5,326,100,29.2,83,1.2,977.5,5.2,326,80,,,,0
2026-08-24 13:00:00+00:00,29.0,89.02,0.0,1002.5407595,7.408,11,98,32.4,55,0.0,977.5,3.1,36,100,30.4,79,0.0,978.2,3.1,324,100,29.0,84,1.8,977.6,4.0,333,84,,,,0
2026-08-24 14:00:00+00:00,29.0,89.02,0.0,1003.048718,1.852,141,100,32.4,55,0.0,978.2,3.1,126,100,29.8,83,0.0,979.0,1.8,143,100,28.7,84,1.8,977.9,2.9,360,87,,,,0
2026-08-24 15:00:00+00:00,29.0,89.02,0.0,1004.5725935,4.63,146,100,32.3,53,0.0,978.7,5.4,172,100,29.3,86,0.0,979.7,5.4,143,100,28.4,84,1.8,978.3,2.5,45,91,,,,0
2026-08-24 16:00:00+00:00,29.0,89.02,0.0,1005.080552,5.556,148,100,32.1,53,0.0,978.9,4.7,189,100,28.9,88,0.0,979.9,5.9,142,96,28.1,84,1.8,978.8,3.7,79,95,,,,0
2026-08-24 17:00:00+00:00,28.5,88.97999999999999,0.0,1005.080552,8.334,146,100,32.0,53,0.0,979.2,3.3,193,100,28.7,89,0.0,979.8,4.9,144,91,27.9,84,1.8,979.2,5.0,90,98,,,,0
2026-08-24 18:00:00+00:00,28.0,88.94,0.0,1005.080552,5.556,140,98,31.5,55,0.0,979.5,4.6,162,100,28.5,90,0.0,979.7,3.9,146,88,27.7,84,1.8,979.5,6.1,93,100,,,,0
2026-08-24 19:00:00+00:00,28.0,88.94,0.0,1004.064635,5.556,163,96,31.2,57,0.0,979.1,5.4,172,100,28.2,91,0.0,979.5,3.0,166,91,27.6,84,0.1,979.6,6.5,96,100,,,,0
2026-08-24 20:00:00+00:00,28.0,88.94,0.0,1004.064635,7.408,209,99,30.9,58,0.0,978.5,4.0,207,100,28.0,92,0.0,979.3,2.3,198,96,27.4,83,0.1,979.4,6.2,97,100,,,,0
2026-08-24 21:00:00+00:00,27.0,94.29,0.0,1004.064635,7.408,240,100,30.6,60,0.0,978.4,4.7,212,100,27.7,93,0.0,979.2,2.6,236,100,27.3,82,0.1,979.3,5.8,94,100,,,,0
2026-08-24 22:00:00+00:00,27.0,94.29,0.0,1004.064635,6.482,239,100,30.0,62,0.3,978.3,6.6,221,100,27.2,94,0.0,979.3,2.9,263,100,27.3,81,0.1,979.1,5.0,90,100,,,,0
2026-08-24 23:00:00+00:00,27.0,94.29,0.0,1004.064635,5.556,248,100,29.6,64,0.2,978.5,6.1,220,100,26.6,96,0.0,979.6,3.3,283,100,27.4,80,0.1,979.0,4.3,85,100,,,,0
2026-08-25 00:00:00+00:00,27.0,94.29,0.0,1004.064635,4.63,290,100,29.3,65,0.0,978.9,5.1,225,100,26.2,97,0.0,979.9,3.5,294,100,27.6,79,0.1,979.1,4.0,80,100,,,,0
2026-08-25 01:00:00+00:00,27.0,94.29,1.2,1004.5725935,10.186,180,100,29.3,65,0.0,979.5,3.1,225,100,26.2,98,1.9,980.2,3.9,292,100,28.0,77,0.1,979.2,3.9,68,96,,,,0
2026-08-25 02:00:00+00:00,26.0,94.24,0.9,1006.0964690000001,13.89,270,99,30.0,62,0.0,980.0,0.4,180,39,26.4,98,1.9,980.6,3.8,287,100,28.7,75,0.1,979.4,3.9,56,89,,,,0
2026-08-25 03:00:00+00:00,25.0,88.7,0.5,1006.0964690000001,7.408,283,99,31.4,58,0.0,980.5,1.6,63,76,27.0,95,1.9,980.9,3.1,291,97,29.5,72,0.1,979.8,4.3,42,82,,,,0
2026-08-25 04:00:00+00:00,26.0,88.78,0.1,1006.0964690000001,4.63,27,98,33.2,52,0.0,980.7,2.8,50,100,28.2,87,0.0,981.2,1.8,323,91,30.3,69,0.1,980.1,5.0,30,75,,,,0
2026-08-25 05:00:00+00:00,27.0,88.86,0.0,1006.0964690000001,10.186,78,99,34.8,47,0.0,980.4,4.5,14,100,29.8,77,0.0,981.4,1.8,37,83,30.9,68,0.1,980.3,5.6,27,69,,,,0
2026-08-25 06:00:00+00:00,28.5,83.875,0.0,1006.0964690000001,0.0,79,73,36.3,42,0.0,980.0,4.8,13,73,31.1,69,0.0,981.3,3.4,58,75,31.3,67,0.1,980.3,5.8,22,65,,,,0
2026-08-25 07:00:00+00:00,29.5,81.58500000000001,0.0,1006.0964690000001,2.778,71,52,37.4,38,0.0,979.3,7.1,30,14,32.0,64,0.1,980.8,4.0,63,64,31.3,68,0.0,980.1,5.7,18,64,,,,0
2026-08-25 08:00:00+00:00,31.5,72.78,0.0,1005.080552,7.408,47,88,37.9,37,0.0,978.2,11.9,29,16,32.5,61,0.1,980.0,4.2,59,52,31.1,70,0.0,979.7,5.4,20,66,,,,0
2026-08-25 09:00:00+00:00,32.0,75.01,0.0,1004.064635,12.038,58,36,38.0,37,0.0,976.9,17.6,31,39,32.4,62,0.1,979.4,4.0,63,48,30.8,72,0.0,979.2,4.9,17,69,,,,0
2026-08-25 10:00:00+00:00,32.5,70.815,0.0,1003.5566765,7.408,72,59,37.6,37,0.0,976.2,18.2,27,28,31.4,71,0.0,979.2,4.2,70,60,30.4,75,0.0,978.8,4.2,20,72,,,,0
2026-08-25 11:00:00+00:00,32.5,68.785,0.0,1003.048718,10.186,69,45,37.4,36,0.0,976.3,16.8,23,11,29.7,85,0.0,979.0,4.3,85,80,30.0,77,0.0,978.4,3.5,24,74,,,,0
2026-08-25 12:00:00+00:00,30.5,74.76,0.0,1003.5566765,12.964,99,95,35.6,44,0.0,977.6,9.7,39,11,28.4,95,0.0,979.0,4.0,95,95,29.8,79,0.0,978.2,3.1,21,75,,,,0
2026-08-25 13:00:00+00:00,29.0,81.81,0.5,1004.064635,12.038,156,98,34.5,49,0.0,978.3,8.8,71,10,28.0,98,0.4,979.3,3.2,117,100,29.6,80,0.1,978.1,2.6,16,73,,,,0
2026-08-25 14:00:00+00:00,27.0,94.29,0.2,1004.064635,8.334,175,100,33.2,56,0.0,978.8,10.1,94,15,27.9,97,0.4,979.7,2.7,157,100,29.5,81,0.1,978.3,1.9,22,70,,,,0
2026-08-25 15:00:00+00:00,28.0,86.38,0.0,1004.5725935,12.038,177,100,32.2,61,0.0,979.7,9.3,106,91,27.8,96,0.4,980.1,3.3,186,100,29.4,81,0.1,978.6,1.5,14,67,,,,0
2026-08-25 16:00:00+00:00,28.0,88.94,0.0,1005.080552,5.556,161,77,32.0,62,0.0,980.1,8.5,118,64,27.8,95,0.0,980.3,3.8,197,99,29.3,82,0.1,978.8,0.7,360,63,,,,0
2026-08-25 17:00:00+00:00,28.0,88.94,0.0,1005.080552,4.63,171,95,31.6,64,0.0,980.2,9.0,127,53,27.8,95,0.0,980.4,4.1,195,98,29.2,82,0.1,979.1,0.4,360,59,,,,0
2026-08-25 18:00:00+00:00,28.0,88.94,0.0,1005.080552,3.704,198,98,31.0,65,0.0,980.0,7.9,141,94,27.8,94,0.0,980.3,4.2,200,95,29.1,82,0.1,979.2,0.4,270,56,,,,0
2026-08-25 19:00:00+00:00,28.0,88.94,0.0,1005.080552,3.704,225,93,30.7,65,0.0,979.6,6.9,133,100,27.6,94,0.0,980.1,4.2,211,90,28.9,82,0.0,979.2,0.7,270,54,,,,0
2026-08-25 20:00:00+00:00,28.0,88.94,0.0,1004.5725935,1.852,220,91,30.5,66,0.0,979.2,6.0,123,100,27.3,95,0.0,979.7,4.1,218,84,28.6,82,0.0,979.0,1.1,252,51,,,,0
2026-08-25 21:00:00+00:00,27.0,94.29,0.0,1004.064635,3.704,215,83,30.2,66,0.0,978.9,6.5,109,18,27.1,95,0.0,979.4,3.8,229,81,28.3,83,0.0,978.8,1.5,256,49,,,,0
2026-08-25 22:00:00+00:00,27.0,94.29,0.0,1004.064635,0.0,249,69,29.9,67,0.0,978.8,9.0,127,22,27.1,95,0.0,979.2,2.7,247,84,28.1,82,0.0,978.7,1.4,270,47,,,,0
2026-08-25 23:00:00+00:00,27.0,94.29,0.0,1004.064635,0.0,266,51,29.8,67,0.0,978.6,4.6,135,91,27.3,96,0.0,979.1,2.2,279,90,27.9,82,0.0,978.5,1.8,270,46,,,,0
2026-08-26 00:00:00+00:00,28.0,86.38,0.0,1004.064635,5.556,320,93,30.2,66,0.0,978.8,0.7,90,100,27.4,96,0.0,979.2,2.0,315,95,28.0,81,0.0,978.5,2.2,270,46,,,,0
2026-08-26 01:00:00+00:00,28.0,83.82,1.2,1004.5725935,4.63,167,98,30.5,65,0.0,979.1,1.1,108,100,27.3,96,2.4,979.6,1.5,315,97,28.4,79,0.0,978.6,2.5,270,46,,,,0
2026-08-26 02:00:00+00:00,28.0,88.94,9.0,1005.080552,4.63,274,98,30.6,66,0.2,979.4,1.1,252,100,27.1,96,2.4,980.2,0.7,270,97,28.9,77,0.0,978.9,2.9,270,47,,,,0
2026-08-26 03:00:00+00:00,29.5,79.16999999999999,1.7,1005.080552,6.482,187,98,29.9,71,1.4,980.0,1.9,202,100,27.1,95,2.4,980.6,0.8,207,98,29.7,75,0.0,979.2,3.3,276,49,,,,0
2026-08-26 04:00:00+00:00,30.0,74.68,0.4,1006.0964690000001,4.63,102,95,30.7,68,1.0,980.4,3.9,146,100,27.5,94,0.2,980.9,1.1,162,99,30.4,72,0.0,979.5,3.3,276,51,,,,0
2026-08-26 05:00:00+00:00,31.5,72.78,0.2,1006.0964690000001,7.408,112,77,32.2,62,0.0,980.2,4.2,149,100,28.0,92,0.2,981.1,1.5,135,100,31.0,70,0.0,979.7,3.3,283,54,,,,0
2026-08-26 06:00:00+00:00,32.0,72.86500000000001,0.1,1005.080552,12.964,83,84,33.3,57,0.0,979.5,4.3,114,92,28.7,89,0.2,980.9,1.5,135,100,31.5,68,0.0,979.7,3.3,283,57,,,,0
2026-08-26 07:00:00+00:00,33.0,66.85,0.1,1005.080552,11.112,214,84,34.7,52,0.0,978.7,4.0,117,87,29.9,83,0.2,980.2,0.7,180,100,31.8,67,0.0,979.4,3.1,291,62,,,,0
2026-08-26 08:00:00+00:00,33.0,66.85,0.0,1004.064635,9.26,208,97,35.8,46,0.0,977.8,5.9,101,56,31.3,76,0.2,979.3,1.5,256,99,32.0,66,0.0,978.8,2.3,309,68,,,,0
2026-08-26 09:00:00+00:00,34.0,61.41,0.0,1003.048718,11.112,274,99,36.3,44,0.0,976.8,10.1,86,100,31.9,73,0.2,978.4,2.9,263,99,32.1,65,0.0,978.1,1.9,338,74,,,,0
2026-08-26 10:00:00+00:00,33.5,65.03999999999999,0.1,1002.0328010000001,21.298000000000002,280,100,35.9,45,0.0,976.3,13.0,95,100,31.2,78,0.1,978.1,3.6,264,99,32.1,64,0.0,977.5,2.2,360,81,,,,0
2026-08-26 11:00:00+00:00,31.0,72.945,0.2,1002.0328010000001,18.52,283,99,35.3,47,0.0,976.3,13.1,127,100,29.8,86,0.1,978.0,4.5,256,100,32.1,64,0.0,977.0,2.4,27,87,,,,0
2026-08-26 12:00:00+00:00,31.5,74.92500000000001,0.3,1002.0328010000001,8.334,244,99,34.3,50,0.0,976.6,10.9,117,100,28.6,93,0.1,978.0,4.7,247,100,32.0,64,0.0,976.7,2.3,39,91,,,,0
2026-08-26 13:00:00+00:00,32.0,70.72,0.1,1002.0328010000001,9.26,195,97,33.6,52,0.0,976.6,8.4,133,100,28.2,95,0.5,978.0,5.1,225,98,31.9,65,0.0,976.7,1.8,53,94,,,,0
2026-08-26 14:00:00+00:00,32.0,70.72,0.1,1002.0328010000001,7.408,173,98,33.3,53,0.0,976.8,6.0,147,100,28.0,96,0.5,978.1,6.3,204,96,31.6,66,0.0,976.9,1.1,108,95,,,,0
2026-08-26 15:00:00+00:00,31.0,79.38,0.0,1002.0328010000001,2.778,185,95,33.3,53,0.0,977.6,6.0,155,100,28.0,96,0.5,978.3,7.4,194,95,31.2,68,0.0,977.3,2.3,162,95,,,,0
2026-08-26 16:00:00+00:00,30.0,84.04,0.0,1003.048718,9.26,188,98,33.0,54,0.0,978.0,9.1,162,100,28.2,95,0.0,978.5,7.6,199,96,30.9,70,0.0,977.7,3.6,180,95,,,,0
2026-08-26 17:00:00+00:00,30.0,84.04,0.0,1003.5566765,8.334,198,98,32.3,57,0.0,978.3,12.0,164,100,28.5,94,0.0,978.7,7.7,208,99,30.6,72,0.0,977.9,5.1,184,95,,,,0
2026-08-26 18:00:00+00:00,30.0,84.04,0.0,1004.064635,8.334,216,100,31.3,60,0.0,978.4,11.5,178,100,28.7,93,0.0,978.8,7.7,217,100,30.3,73,0.0,978.1,5.8,187,95,,,,0
2026-08-26 19:00:00+00:00,29.0,83.93,0.0,1003.5566765,6.482,219,95,31.0,60,0.0,978.4,10.2,198,100,28.5,93,0.0,978.6,7.9,223,99,30.1,74,0.0,978.1,5.8,187,95,,,,0
2026-08-26 20:00:00+00:00,29.0,83.93,0.0,1003.048718,8.334,229,84,30.6,60,0.0,978.2,10.2,198,38,28.1,93,0.0,978.1,7.9,231,97,29.9,75,0.0,977.9,5.4,180,95,,,,0
2026-08-26 21:00:00+00:00,29.0,83.93,0.0,1003.048718,8.334,233,95,30.2,60,0.0,978.1,9.7,195,5,27.9,93,0.0,977.8,7.8,236,95,29.7,75,0.0,977.7,4.7,176,94,,,,0
2026-08-26 22:00:00+00:00,29.0,83.93,0.0,1002.5407595,6.482,234,98,30.0,60,0.0,977.8,9.4,182,81,27.9,92,0.0,977.5,7.4,247,93,29.6,76,0.0,977.4,3.8,163,94,,,,0
2026-08-26 23:00:00+00:00,29.0,83.93,0.0,1002.0328010000001,2.778,242,96,30.0,59,0.0,977.7,7.8,193,100,28.2,91,0.0,977.4,6.9,261,91,29.6,76,0.0,977.2,3.2,153,92,,,,0
2026-08-27 00:00:00+00:00,28.5,86.435,0.0,1002.5407595,9.26,257,88,30.4,60,0.0,977.9,4.7,184,100,28.5,90,0.0,977.4,6.5,270,90,29.7,75,0.0,977.1,2.4,153,90,,,,0
2026-08-27 01:00:00+00:00,28.0,88.94,0.0,1003.048718,7.408,253,63,30.6,59,0.0,978.1,4.0,170,81,28.8,89,0.0,977.8,4.7,270,93,30.1,74,0.0,977.2,1.8,180,86,,,,0
2026-08-27 02:00:00+00:00,28.0,88.94,0.0,1003.048718,9.26,264,99,31.3,57,0.0,978.4,3.3,167,63,29.3,88,0.0,978.4,2.5,262,98,30.7,72,0.0,977.4,2.0,225,81,,,,0
2026-08-27 03:00:00+00:00,29.5,81.58500000000001,0.0,1003.5566765,12.038,260,99,31.7,55,0.0,978.8,5.9,166,100,29.9,84,0.0,978.9,0.8,243,100,31.4,69,0.0,977.7,3.5,246,75,,,,0
2026-08-27 04:00:00+00:00,31.0,70.53,0.0,1004.064635,14.816,104,88,33.0,51,0.0,979.3,9.4,187,46,31.1,75,0.0,979.1,0.5,315,97,32.1,67,0.0,978.0,4.8,257,69,,,,0
2026-08-27 05:00:00+00:00,32.0,66.65,0.0,1004.064635,14.816,117,82,32.7,51,0.0,979.2,10.5,188,100,32.5,64,0.0,979.2,1.6,333,92,32.8,64,0.0,978.2,6.2,260,65,,,,0
2026-08-27 06:00:00+00:00,33.0,63.01,0.0,1004.064635,9.26,338,89,32.3,53,0.0,978.7,8.7,185,100,33.3,57,0.0,979.2,1.5,346,89,33.3,62,0.0,978.1,6.6,261,63,,,,0
2026-08-27 07:00:00+00:00,34.5,59.705,0.0,1003.048718,7.408,321,94,34.6,45,0.0,978.2,7.9,177,94,32.9,59,0.1,978.8,2.5,90,92,33.7,60,0.0,977.9,6.2,260,64,,,,0
2026-08-27 08:00:00+00:00,34.0,59.59,0.0,1003.048718,12.038,60,100,35.9,41,0.0,977.4,10.0,150,44,32.0,66,0.1,978.1,6.5,109,96,34.1,58,0.0,977.3,4.9,253,67,,,,0
2026-08-27 09:00:00+00:00,34.5,59.805,0.0,1002.0328010000001,15.742,109,94,34.9,46,0.0,976.4,15.0,138,89,31.2,72,0.1,977.5,8.5,118,98,34.4,56,0.0,976.7,3.4,238,72,,,,0
2026-08-27 10:00:00+00:00,34.5,58.17,0.0,1002.0328010000001,12.038,128,88,32.8,54,0.0,975.7,13.8,147,100,30.9,74,0.0,977.0,6.9,137,92,34.6,54,0.0,976.1,2.4,207,77,,,,0
2026-08-27 11:00:00+00:00,30.5,70.44,0.0,1002.0328010000001,19.446,120,89,32.4,55,0.0,975.8,12.7,165,100,30.7,75,0.0,976.5,6.1,180,82,34.7,54,0.0,975.6,3.0,166,82,,,,0
2026-08-27 12:00:00+00:00,31.0,66.44,0.0,1001.016884,11.112,202,95,32.0,55,0.0,976.1,9.2,154,100,30.5,77,0.0,976.3,7.2,207,77,34.6,54,0.0,975.3,3.7,151,85,,,,0
2026-08-27 13:00:00+00:00,31.0,68.485,0.0,1001.016884,8.334,207,98,32.0,55,0.0,976.2,8.4,137,100,30.0,80,0.0,976.5,6.9,208,82,34.3,56,0.0,975.4,4.7,148,87,,,,0
2026-08-27 14:00:00+00:00,30.0,74.68,0.0,1001.5248425,11.112,193,98,31.8,56,0.0,976.7,9.6,146,100,29.5,83,0.0,977.1,5.7,198,91,33.7,59,0.0,975.6,6.0,147,89,,,,0
2026-08-27 15:00:00+00:00,29.5,72.43,0.0,1002.0328010000001,11.112,176,80,31.6,57,0.0,977.1,9.4,173,100,29.1,85,0.0,977.5,5.1,188,93,32.9,64,0.0,976.0,7.3,147,90,,,,0
2026-08-27 16:00:00+00:00,29.0,81.515,0.0,1002.0328010000001,8.334,184,95,31.4,58,0.0,977.5,10.1,174,100,29.0,86,0.0,977.8,6.1,183,78,32.2,68,0.0,976.4,8.1,148,91,,,,0
2026-08-27 17:00:00+00:00,29.0,83.93,0.0,1003.048718,8.334,175,75,31.1,58,0.0,977.6,10.7,160,100,29.0,87,0.0,978.0,7.9,180,56,31.5,72,0.0,976.7,8.7,150,91,,,,0
2026-08-27 18:00:00+00:00,29.0,83.93,0.0,1003.048718,10.186,176,43,30.6,60,0.0,977.8,11.4,169,72,28.9,87,0.0,978.1,8.6,182,44,31.1,74,0.0,976.9,8.7,150,91,,,,0
2026-08-27 19:00:00+00:00,29.0,83.93,0.0,1003.048718,8.334,183,37,30.2,61,0.0,977.5,9.7,176,100,28.6,87,0.0,977.9,8.0,188,53,30.8,75,0.0,976.9,7.9,150,91,,,,0
2026-08-27 20:00:00+00:00,29.0,83.93,0.0,1002.0328010000001,7.408,185,41,30.2,60,0.0,977.0,9.1,198,100,28.2,88,0.0,977.5,6.8,198,72,30.6,75,0.0,976.8,6.3,149,90,,,,0
2026-08-27 21:00:00+00:00,29.0,89.02,0.0,1002.0328010000001,5.556,218,71,30.2,59,0.0,976.3,8.7,204,100,27.8,88,0.0,977.3,6.4,223,86,30.4,75,0.0,976.6,4.5,151,89,,,,0
2026-08-27 22:00:00+00:00,29.0,86.475,0.0,1002.0328010000001,7.408,252,80,30.1,58,0.0,975.8,7.8,214,95,27.2,89,0.0,977.3,8.9,256,87,30.4,74,0.0,976.5,2.4,153,88,,,,0
2026-08-27 23:00:00+00:00,29.0,83.93,0.0,1002.0328010000001,13.89,268,32,30.1,57,0.0,975.8,6.1,225,100,26.7,91,0.0,977.3,13.7,273,81,30.5,72,0.0,976.4,0.4,180,86,,,,0
2026-08-28 00:00:00+00:00,29.0,79.1,0.0,1002.0328010000001,14.816,253,84,30.4,56,0.0,976.8,5.8,266,100,26.6,91,0.0,977.5,16.5,280,76,30.8,70,0.0,976.4,1.8,307,84,,,,0
2026-08-28 01:00:00+00:00,29.0,79.1,0.5,1003.048718,12.038,306,47,30.8,53,0.0,977.6,6.0,295,75,27.2,89,0.2,978.0,14.2,286,73,31.4,67,0.0,976.6,3.6,307,81,,,,0
2026-08-28 02:00:00+00:00,29.5,74.725,0.0,1004.064635,15.742,346,95,31.9,49,0.0,978.1,11.8,301,48,28.3,85,0.2,978.6,10.1,297,69,32.2,63,0.0,977.0,6.0,303,77,,,,0
2026-08-28 03:00:00+00:00,30.0,70.35,0.0,1004.064635,12.964,314,64,33.2,46,0.0,978.5,15.3,300,21,29.5,80,0.2,979.1,7.7,311,66,33.2,59,0.0,977.3,8.1,302,72,,,,0
2026-08-28 04:00:00+00:00,31.0,62.56,0.0,1004.064635,16.668,298,45,34.7,43,0.0,978.7,16.1,297,64,30.6,74,0.0,979.4,8.4,313,63,34.1,55,0.0,977.7,10.3,299,68,,,,0
2026-08-28 05:00:00+00:00,31.0,64.5,0.0,1004.064635,16.668,302,70,36.2,39,0.0,978.5,16.7,295,63,31.7,68,0.0,979.5,10.5,311,60,35.0,51,0.0,978.0,11.9,299,64,,,,0
2026-08-28 06:00:00+00:00,32.5,61.065,0.0,1004.064635,13.89,306,70,37.7,34,0.0,977.8,17.1,295,22,32.6,62,0.0,979.4,11.8,308,56,35.5,48,0.0,978.0,13.0,298,62,,,,0
2026-08-28 07:00:00+00:00,32.5,61.065,0.0,1004.064635,12.964,308,38,39.0,30,0.0,977.0,15.8,300,20,33.4,58,0.0,978.8,11.8,308,49,35.8,46,0.0,977.7,13.4,297,61,,,,0
2026-08-28 08:00:00+00:00,33.5,57.74,0.0,1003.048718,16.668,306,21,39.9,27,0.0,975.8,14.1,310,18,33.9,55,0.0,978.0,11.8,308,42,35.9,45,0.0,977.3,13.2,296,61,,,,0
2026-08-28 09:00:00+00:00,34.0,56.13,0.0,1002.5407595,18.52,304,20,40.5,25,0.0,974.8,14.8,313,22,34.2,53,0.0,977.2,11.3,307,33,35.9,44,0.0,976.7,12.7,295,62,,,,0
2026-08-28 10:00:00+00:00,34.0,56.13,0.0,1001.5248425,20.372,295,36,40.7,24,0.0,974.0,16.5,316,15,34.2,54,0.0,976.6,11.1,306,22,35.7,44,0.0,976.0,12.2,294,63,,,,0
2026-08-28 11:00:00+00:00,34.5,53.065,0.0,1001.016884,16.668,297,11,40.5,24,0.0,973.7,19.4,317,10,33.9,56,0.0,976.2,10.9,304,11,35.5,44,0.0,975.5,11.2,291,65,,,,0
2026-08-28 12:00:00+00:00,34.5,53.065,0.0,1001.016884,19.446,295,2,39.2,27,0.0,974.3,18.1,311,10,33.3,59,0.0,976.0,10.0,300,5,35.3,44,0.0,975.3,10.2,288,67,,,,0
2026-08-28 13:00:00+00:00,33.5,57.74,0.0,1001.016884,16.668,283,11,38.3,28,0.0,974.9,16.2,302,28,32.4,64,0.0,976.2,7.4,293,10,35.1,44,0.0,975.3,9.3,283,71,,,,0
2026-08-28 14:00:00+00:00,33.0,59.35,0.0,1001.016884,9.26,267,5,37.6,30,0.0,975.2,11.4,294,28,31.2,70,0.0,976.8,4.3,270,21,34.7,45,0.0,975.6,7.9,273,77,,,,0
2026-08-28 15:00:00+00:00,31.0,70.53,0.0,1002.0328010000001,5.556,230,12,37.0,32,0.0,976.1,6.7,286,36,30.2,75,0.0,977.2,3.4,238,30,34.4,46,0.0,976.0,6.6,261,83,,,,0
2026-08-28 16:00:00+00:00,31.5,68.59,0.0,1002.5407595,7.408,220,38,36.5,33,0.0,976.5,4.1,308,7,29.8,77,0.0,977.6,3.4,238,33,33.9,47,0.0,976.4,6.1,242,89,,,,0
2026-08-28 17:00:00+00:00,32.0,66.65,0.0,1003.048718,7.408,219,65,35.8,35,0.0,976.9,2.9,7,5,29.6,78,0.0,977.9,4.1,255,34,33.5,48,0.0,976.8,6.1,230,92,,,,0
2026-08-28 18:00:00+00:00,31.5,66.545,0.0,1003.048718,8.334,246,43,35.2,37,0.0,977.1,2.9,263,11,29.3,78,0.0,977.9,5.1,266,40,33.1,49,0.0,977.1,6.4,223,91,,,,0
2026-08-28 19:00:00+00:00,30.5,68.395,0.0,1003.048718,10.186,246,38,34.7,38,0.0,976.9,6.8,273,18,29.0,78,0.0,977.8,6.1,267,55,32.7,50,0.0,977.1,6.6,225,85,,,,0
2026-08-28 20:00:00+00:00,30.0,70.35,0.0,1002.0328010000001,11.112,248,59,34.2,39,0.0,976.3,9.2,281,14,28.6,78,0.0,977.5,7.2,264,75,32.1,51,0.0,977.0,7.0,235,74,,,,0
2026-08-28 21:00:00+00:00,29.5,72.43,0.0,1002.0328010000001,11.112,250,95,33.7,40,0.0,975.8,10.9,276,14,28.3,78,0.0,977.3,8.4,263,90,31.5,52,0.0,976.9,7.8,248,61,,,,0
2026-08-28 22:00:00+00:00,28.0,78.96,0.0,1002.0328010000001,11.112,262,63,33.3,41,0.0,975.7,12.2,272,50,28.2,78,0.0,977.2,10.1,266,96,31.0,53,0.0,976.8,8.8,258,47,,,,0
2026-08-28 23:00:00+00:00,28.0,78.96,0.0,1002.0328010000001,12.038,256,48,32.8,43,0.0,975.9,13.3,272,69,28.2,78,0.0,977.3,11.9,268,98,30.7,54,0.0,976.7,10.1,266,36,,,,0
2026-08-29 00:00:00+00:00,28.0,78.96,0.0,1002.0328010000001,14.816,263,97,32.3,46,0.0,976.5,13.3,272,53,28.3,78,0.0,977.4,13.3,270,96,30.7,54,0.0,976.7,10.8,270,29,,,,0
2026-08-29 01:00:00+00:00,28.0,78.96,0.0,1003.048718,13.89,267,99,32.1,47,0.0,977.1,14.9,277,100,28.5,77,0.0,977.8,14.0,271,93,31.1,53,0.0,976.9,11.2,272,27,,,,0
2026-08-29 02:00:00+00:00,28.5,72.25,0.0,1003.048718,17.594,271,98,32.6,44,0.0,977.7,18.0,282,100,28.9,75,0.0,978.2,14.0,271,87,31.8,52,0.0,977.1,11.5,274,28,,,,0
2026-08-29 03:00:00+00:00,29.5,68.19999999999999,0.0,1003.048718,22.224,271,78,33.7,40,0.0,978.2,17.7,283,86,29.5,72,0.0,978.6,13.7,273,76,32.8,51,0.0,977.6,11.9,275,31,,,,0
2026-08-29 04:00:00+00:00,30.5,64.4,0.0,1004.064635,24.076,271,85,35.0,36,0.0,978.4,17.0,287,100,30.6,68,0.0,979.0,13.0,276,53,33.7,49,0.0,977.9,12.0,277,36,,,,0
2026-08-29 05:00:00+00:00,31.5,60.84,0.0,1004.064635,21.298000000000002,275,59,36.6,32,0.0,978.1,15.8,294,100,32.0,62,0.0,979.3,12.6,283,24,34.6,47,0.0,978.1,12.0,277,40,,,,0
2026-08-29 06:00:00+00:00,32.5,57.5,0.0,1004.064635,21.298000000000002,282,29,37.6,31,0.0,977.7,14.2,300,100,33.2,58,0.0,979.2,12.0,286,10,35.1,46,0.0,978.1,11.6,277,42,,,,0
2026-08-29 07:00:00+00:00,33.0,59.35,0.0,1003.5566765,18.52,282,0,38.7,28,0.0,976.7,12.7,305,100,34.0,55,0.0,978.5,11.5,284,25,35.4,45,0.0,977.7,11.3,277,43,,,,0
2026-08-29 08:00:00+00:00,34.0,56.13,0.0,1003.048718,16.668,279,4,39.7,26,0.0,975.8,12.8,308,26,34.5,52,0.0,977.5,10.9,278,54,35.6,44,0.0,977.1,10.9,278,43,,,,0
2026-08-29 09:00:00+00:00,34.0,56.13,0.0,1002.0328010000001,15.742,276,69,40.3,24,0.0,974.9,13.5,312,16,34.7,51,0.0,976.7,10.5,274,73,35.6,44,0.0,976.4,10.1,276,43,,,,0
2026-08-29 10:00:00+00:00,35.0,53.11,0.0,1001.016884,15.742,276,59,40.5,23,0.0,974.2,13.8,313,12,34.6,52,0.0,976.2,9.7,272,69,35.6,43,0.0,975.7,9.4,277,43,,,,0
2026-08-29 11:00:00+00:00,35.0,51.555,0.0,1000.5089255,15.742,279,86,40.3,23,0.0,973.9,13.8,311,83,34.1,54,0.0,976.0,9.0,272,56,35.5,43,0.0,975.1,8.7,275,43,,,,0
2026-08-29 12:00:00+00:00,35.0,50.0,0.0,1000.0009670000001,15.742,268,47,39.0,26,0.0,974.5,13.5,295,100,33.5,57,0.0,975.9,7.6,270,50,35.3,43,0.0,974.8,7.9,273,45,,,,0
2026-08-29 13:00:00+00:00,34.0,52.85,0.0,1000.0009670000001,8.334,267,87,38.1,28,0.0,974.9,13.4,290,100,32.6,63,0.0,976.1,5.2,254,63,35.1,44,0.0,974.9,7.2,270,48,,,,0
2026-08-29 14:00:00+00:00,34.0,56.13,0.0,1000.5089255,5.556,180,98,37.5,29,0.0,975.4,11.8,282,100,31.5,70,0.0,976.6,3.9,214,84,34.7,45,0.0,975.1,6.2,263,52,,,,0
2026-08-29 15:00:00+00:00,33.5,57.74,0.0,1001.5248425,4.63,186,100,36.9,30,0.0,976.2,11.5,272,100,30.7,75,0.0,977.0,4.7,189,99,34.3,46,0.0,975.6,5.6,255,57,,,,0
2026-08-29 16:00:00+00:00,32.5,64.83,0.0,1002.0328010000001,8.334,176,100,36.3,32,0.0,976.4,9.4,268,5,30.3,76,0.0,977.1,5.2,196,100,33.9,47,0.0,976.0,4.8,243,62,,,,0
2026-08-29 17:00:00+00:00,32.0,66.65,0.0,1002.0328010000001,7.408,191,96,35.8,34,0.0,976.5,7.2,264,25,30.1,75,0.0,977.2,5.9,218,100,33.5,49,0.0,976.4,4.9,234,66,,,,0
2026-08-29 18:00:00+00:00,32.0,66.65,0.0,1002.0328010000001,8.334,247,94,34.8,38,0.0,976.9,9.2,249,100,29.9,74,0.0,977.2,6.7,234,96,33.1,50,0.0,976.7,4.8,228,69,,,,0
2026-08-29 19:00:00+00:00,31.0,70.53,0.0,1002.0328010000001,10.186,245,96,33.9,42,0.0,976.6,12.1,253,100,29.5,75,0.0,977.1,7.2,243,72,32.8,51,0.0,976.7,5.1,231,71,,,,0
2026-08-29 20:00:00+00:00,31.0,70.53,0.0,1002.0328010000001,10.186,249,38,33.5,43,0.0,976.3,12.2,256,100,29.1,76,0.0,976.7,7.9,254,39,32.4,53,0.0,976.6,5.4,233,72,,,,0
2026-08-29 21:00:00+00:00,30.5,66.34,0.0,1001.5248425,12.038,255,10,33.1,44,0.0,976.1,12.5,252,100,28.8,76,0.0,976.6,8.7,263,16,32.0,54,0.0,976.4,5.8,240,72,,,,0
2026-08-29 22:00:00+00:00,30.0,66.24,0.0,1001.016884,14.816,263,5,32.7,44,0.0,975.9,13.0,256,67,28.5,75,0.0,976.6,10.1,268,11,31.7,56,0.0,976.3,6.8,245,72,,,,0
2026-08-29 23:00:00+00:00,29.0,70.16,0.0,1001.5248425,12.038,261,26,32.4,44,0.0,976.0,13.0,265,100,28.3,74,0.0,976.8,11.5,274,16,31.5,57,0.0,976.1,7.2,252,72,,,,0
2026-08-30 00:00:00+00:00,29.0,70.16,0.0,1002.0328010000001,13.89,271,1,31.7,45,0.0,976.7,14.4,273,100,28.3,73,0.0,977.1,12.3,275,27,31.5,57,0.0,976.2,7.8,257,72,,,,0
2026-08-30 01:00:00+00:00,28.0,69.97,0.0,1002.5407595,13.89,269,26,31.3,46,0.0,977.5,15.5,274,22,28.5,73,0.0,977.6,12.3,273,45,31.7,56,0.0,976.5,8.4,263,72,,,,0
2026-08-30 02:00:00+00:00,28.5,68.0,0.0,1003.5566765,13.89,265,66,31.6,46,0.0,978.1,15.9,276,36,28.8,72,0.0,978.3,11.9,270,68,32.1,55,0.0,977.1,8.6,270,72,,,,0
2026-08-30 03:00:00+00:00,29.0,66.03,0.0,1004.064635,16.668,268,79,32.6,43,0.0,978.7,14.9,277,100,29.4,71,0.0,978.8,11.5,270,86,32.6,53,0.0,977.6,9.4,274,71,,,,0
2026-08-30 04:00:00+00:00,30.0,64.28999999999999,0.0,1004.064635,14.816,269,99,34.2,39,0.0,979.0,14.0,282,100,30.5,68,0.0,979.3,11.2,276,95,33.1,52,0.0,978.1,9.9,280,71,,,,0
2026-08-30 05:00:00+00:00,31.0,60.72,0.0,1004.5725935,13.89,274,95,35.7,36,0.0,979.0,13.3,289,56,31.8,63,0.0,979.6,10.7,284,98,33.6,50,0.0,978.6,10.0,285,71,,,,0
2026-08-30 06:00:00+00:00,32.0,59.12,0.0,1005.080552,13.89,287,100,36.7,33,0.0,978.7,11.3,297,100,32.7,60,0.0,979.7,10.2,288,100,33.9,49,0.0,978.8,10.1,287,71,,,,0
2026-08-30 07:00:00+00:00,32.0,59.12,0.0,1004.064635,13.89,282,100,37.9,31,0.0,978.1,9.8,298,100,32.9,59,0.0,979.4,8.9,284,100,34.1,48,0.0,978.6,9.4,288,72,,,,0
2026-08-30 08:00:00+00:00,33.0,55.88,0.0,1004.064635,16.668,270,100,38.7,29,0.0,977.6,8.7,300,100,32.7,59,0.0,978.9,7.6,270,100,34.2,48,0.0,978.2,8.3,288,74,,,,0
2026-08-30 09:00:00+00:00,34.0,52.85,0.0,1003.5566765,14.816,259,100,39.1,28,0.0,976.7,7.9,300,87,32.6,59,0.0,978.4,6.7,254,100,34.2,48,0.0,977.7,7.1,285,76,,,,0
2026-08-30 10:00:00+00:00,34.0,52.85,0.0,1003.048718,12.038,242,97,39.3,28,0.0,975.9,5.9,308,70,32.8,58,0.0,977.9,6.6,241,99,34.2,48,0.0,977.2,5.5,281,78,,,,0
2026-08-30 11:00:00+00:00,34.0,52.85,0.1,1002.0328010000001,8.334,241,98,38.9,29,0.0,975.6,3.1,339,86,33.1,57,0.0,977.5,6.9,231,99,34.1,48,0.0,976.7,4.0,270,80,,,,0
2026-08-30 12:00:00+00:00,34.0,52.85,0.1,1002.0328010000001,8.334,233,98,38.1,30,0.0,976.1,2.5,352,100,33.0,58,0.0,977.3,7.1,221,98,34.0,49,0.0,976.5,3.3,257,81,,,,0
2026-08-30 13:00:00+00:00,33.0,55.88,0.0,1002.0328010000001,6.482,207,98,37.2,32,0.0,976.5,6.5,109,100,32.4,62,0.0,977.7,6.3,204,98,33.7,50,0.0,976.6,3.1,234,81,,,,0
2026-08-30 14:00:00+00:00,33.0,59.35,0.0,1002.5407595,8.334,190,100,36.3,35,0.0,977.3,10.9,117,100,31.4,67,0.0,978.4,5.8,180,99,33.4,52,0.0,976.8,3.4,212,81,,,,0
2026-08-30 15:00:00+00:00,32.0,62.78,0.0,1003.048718,7.408,173,99,35.5,38,0.0,978.1,10.5,139,100,30.6,71,0.0,978.8,5.9,166,98,33.0,54,0.0,977.0,4.2,200,80,,,,0
2026-08-30 16:00:00+00:00,32.0,64.715,0.0,1004.064635,7.408,172,96,34.9,40,0.0,978.3,10.2,162,97,30.2,73,0.0,978.9,6.2,173,96,32.6,56,0.0,977.4,5.2,192,79,,,,0
2026-08-30 17:00:00+00:00,31.5,68.59,0.0,1004.064635,10.186,166,95,34.5,41,0.0,978.2,10.8,165,57,30.0,75,0.0,978.8,6.9,189,93,32.2,57,0.0,977.7,5.9,191,78,,,,0
2026-08-30 18:00:00+00:00,31.0,70.53,0.0,1003.5566765,10.186,207,91,33.6,43,0.0,978.4,11.5,180,86,29.8,75,0.0,978.6,7.2,207,87,31.9,58,0.0,977.8,6.4,196,78,,,,0
2026-08-30 19:00:00+00:00,31.0,68.485,0.0,1003.048718,13.89,234,78,33.1,45,0.0,977.9,11.2,178,97,29.4,74,0.0,978.3,7.4,227,73,31.7,58,0.0,977.8,6.9,208,78,,,,0
2026-08-30 20:00:00+00:00,30.0,70.35,0.0,1003.048718,14.816,254,73,32.7,47,0.0,977.7,10.1,178,100,29.1,73,0.0,978.0,8.0,252,55,31.5,57,0.0,977.7,7.4,223,79,,,,0
2026-08-30 21:00:00+00:00,29.0,70.16,0.0,1003.048718,14.816,262,41,32.5,47,0.0,977.5,9.4,203,100,28.7,72,0.0,977.9,9.7,266,46,31.3,57,0.0,977.6,8.9,238,81,,,,0
2026-08-30 22:00:00+00:00,29.0,70.16,0.0,1003.048718,14.816,257,14,32.2,47,0.0,977.2,11.7,227,99,28.4,72,0.0,978.0,11.5,270,55,31.2,55,0.0,977.5,10.4,250,82,,,,0
2026-08-30 23:00:00+00:00,29.0,70.16,0.0,1003.048718,12.964,258,28,32.2,45,0.0,977.2,11.3,263,33,28.2,71,0.0,978.2,13.0,272,73,31.1,55,0.0,977.4,12.1,258,83,,,,0
2026-08-31 00:00:00+00:00,28.0,69.97,0.0,1003.5566765,12.964,267,95,31.8,45,0.0,977.8,13.8,276,26,28.1,71,0.0,978.5,14.0,271,86,31.1,54,0.0,977.5,13.1,262,83,,,,0
2026-08-31 01:00:00+00:00,28.0,69.97,0.0,1004.064635,14.816,269,86,31.3,47,0.0,978.5,14.8,269,21,28.2,70,0.0,978.9,14.0,271,89,31.2,54,0.0,977.8,13.4,265,83,,,,0
2026-08-31 02:00:00+00:00,28.0,69.97,0.0,1004.064635,15.742,268,95,31.4,48,0.0,978.8,16.9,272,48,28.4,69,0.0,979.4,13.3,273,87,31.3,54,0.0,978.3,13.0,268,82,,,,0
2026-08-31 03:00:00+00:00,28.0,69.97,0.0,1005.080552,18.52,273,84,32.4,46,0.0,979.0,16.5,280,27,29.0,67,0.0,979.9,12.6,275,84,31.5,54,0.0,978.8,12.2,272,81,,,,0
2026-08-31 04:00:00+00:00,28.5,68.0,0.0,1005.080552,21.298000000000002,278,95,34.0,42,0.0,979.3,14.8,284,40,30.1,63,0.0,980.1,12.5,282,81,31.7,54,0.0,979.4,11.6,275,80,,,,0
2026-08-31 05:00:00+00:00,30.5,64.4,0.0,1005.080552,22.224,285,89,35.5,38,0.0,979.2,13.1,286,100,31.6,59,0.0,980.3,12.8,292,77,31.9,55,0.0,979.7,10.5,278,78,,,,0
2026-08-31 06:00:00+00:00,31.0,60.72,0.0,1005.080552,20.372,294,80,36.6,35,0.0,978.8,12.2,284,100,32.8,55,0.0,980.1,12.7,295,75,32.0,55,0.0,979.8,9.8,278,77,,,,0
2026-08-31 07:00:00+00:00,32.5,55.760000000000005,0.2,1004.5725935,15.742,291,89,37.9,32,0.0,977.9,11.8,282,100,33.4,53,0.1,979.5,11.0,289,78,32.0,55,0.0,979.5,9.1,277,75,,,,0
2026-08-31 08:00:00+00:00,33.5,54.365,0.2,1004.064635,12.038,284,96,38.7,30,0.0,976.8,10.9,279,95,33.6,51,0.1,978.5,9.4,277,83,32.1,56,0.0,978.9,8.3,270,73,,,,0
2026-08-31 09:00:00+00:00,34.0,52.85,0.2,1003.048718,13.89,268,85,39.2,29,0.0,975.8,10.7,282,79,33.7,51,0.1,977.7,8.4,263,88,32.1,56,0.0,978.1,7.6,262,71,,,,0
2026-08-31 10:00:00+00:00,33.0,55.88,0.1,1002.0328010000001,12.038,261,98,39.4,28,0.0,974.9,11.3,287,100,33.6,52,0.1,977.2,8.4,260,93,32.1,57,0.0,977.5,7.2,252,69,,,,0
2026-08-31 11:00:00+00:00,33.0,55.88,0.0,1001.5248425,10.186,266,92,39.2,29,0.0,974.6,11.6,306,100,33.3,55,0.1,976.8,8.7,265,97,32.0,58,0.0,976.8,6.6,241,68,,,,0
2026-08-31 12:00:00+00:00,33.0,55.88,0.0,1001.016884,11.112,271,95,37.7,32,0.0,975.3,12.0,309,100,32.9,58,0.1,976.7,7.9,267,97,31.9,58,0.0,976.5,6.4,232,69,,,,0
2026-08-31 13:00:00+00:00,33.0,55.88,0.0,1002.0328010000001,10.186,267,95,36.9,33,0.0,975.9,8.9,317,86,32.2,63,0.0,977.2,5.4,266,89,31.8,58,0.0,976.5,6.1,220,73,,,,0
2026-08-31 14:00:00+00:00,32.0,59.12,0.0,1002.0328010000001,6.482,273,97,36.4,35,0.0,976.8,4.3,318,61,31.4,68,0.0,978.0,2.5,262,76,31.6,59,0.0,976.7,6.1,208,79,,,,0
2026-08-31 15:00:00+00:00,32.0,59.12,0.0,1003.048718,6.482,261,61,35.8,37,0.0,977.7,2.9,83,16,30.7,73,0.0,978.6,1.1,180,70,31.4,59,0.0,977.2,6.0,197,86,,,,0
2026-08-31 16:00:00+00:00,31.0,62.56,0.0,1003.5566765,4.63,153,73,35.2,40,0.0,978.4,9.2,121,16,30.3,76,0.0,978.9,3.1,159,78,31.2,59,0.0,977.6,6.2,187,93,,,,0
2026-08-31 17:00:00+00:00,31.0,66.44,0.0,1004.064635,4.63,138,100,34.0,45,0.0,978.5,12.4,144,16,30.1,77,0.0,979.1,5.6,165,92,30.9,60,0.0,978.1,6.5,180,98,,,,0
2026-08-31 18:00:00+00:00,31.0,66.44,0.0,1004.064635,4.63,195,99,33.1,47,0.0,978.6,11.4,167,65,29.8,78,0.0,979.0,6.5,174,98,30.7,60,0.0,978.2,6.5,177,100,,,,0
2026-08-31 19:00:00+00:00,30.5,68.395,0.1,1004.064635,8.334,228,67,32.7,48,0.0,978.3,9.8,172,75,29.3,79,0.0,978.8,5.2,192,88,30.5,61,0.0,978.2,6.1,180,97,,,,0
2026-08-31 20:00:00+00:00,30.0,66.24,0.0,1003.5566765,9.26,262,13,32.5,48,0.0,978.0,7.9,177,90,28.7,79,0.0,978.5,4.0,243,71,30.1,62,0.0,978.1,5.9,191,91,,,,0
2026-08-31 21:00:00+00:00,29.5,68.19999999999999,0.0,1003.048718,8.334,264,21,32.3,48,0.0,977.8,6.2,187,81,28.3,79,0.0,978.2,6.1,273,56,29.7,63,0.0,977.9,5.2,205,84,,,,0
2026-08-31 22:00:00+00:00,29.0,70.16,0.0,1003.048718,9.26,255,24,32.2,49,0.0,977.6,5.8,210,100,28.1,77,0.0,978.1,8.4,280,47,29.5,64,0.0,977.6,5.4,222,75,,,,0
2026-08-31 23:00:00+00:00,29.0,70.16,0.0,1003.048718,9.26,262,77,32.3,48,0.0,977.9,8.6,255,100,28.0,75,0.0,978.2,10.2,280,41,29.3,65,0.0,977.5,5.7,235,68,,,,0
2026-09-01 00:00:00+00:00,28.0,72.155,0.0,1003.048718,11.112,270,73,31.7,47,0.0,978.3,15.5,288,100,28.1,73,0.0,978.4,11.3,279,41,29.4,65,0.0,977.6,5.8,248,63,,,,0
2026-09-01 01:00:00+00:00,27.5,81.6,0.0,1004.064635,14.816,275,91,31.2,49,0.0,979.2,13.6,292,100,28.4,72,0.0,979.0,11.7,279,53,29.7,64,0.0,978.0,5.9,259,60,,,,0
2026-09-01 02:00:00+00:00,28.0,72.155,0.0,1004.5725935,15.742,270,82,31.5,49,0.0,980.1,11.8,293,64,28.8,72,0.0,979.7,11.6,277,72,30.3,62,0.0,978.4,6.5,270,59,,,,0
2026-09-01 03:00:00+00:00,28.0,69.97,0.0,1005.080552,14.816,273,65,32.5,47,0.0,980.7,11.5,290,14,29.4,70,0.0,980.4,10.9,278,84,31.1,60,0.0,979.0,6.6,279,59,,,,0
2026-09-01 04:00:00+00:00,29.5,66.13499999999999,0.0,1006.0964690000001,14.816,280,13,33.9,43,0.0,980.9,11.1,295,34,30.3,66,0.0,980.8,10.4,284,83,31.8,57,0.0,979.6,6.8,288,60,,,,0
2026-09-01 05:00:00+00:00,31.0,62.67999999999999,0.0,1006.0964690000001,17.594,291,20,35.3,39,0.0,980.8,10.1,305,100,31.4,61,0.0,981.2,9.7,297,75,32.5,55,0.0,980.0,6.9,298,60,,,,0
2026-09-01 06:00:00+00:00,32.0,59.12,0.1,1006.0964690000001,16.668,311,98,36.6,36,0.0,980.4,7.7,311,36,32.2,58,0.0,981.3,8.4,310,67,33.0,53,0.0,980.3,6.7,306,59,,,,0
2026-09-01 07:00:00+00:00,33.0,55.88,0.0,1006.0964690000001,12.038,320,63,38.1,33,0.0,979.7,4.6,315,13,32.5,57,0.2,980.9,5.5,337,59,33.4,52,0.0,980.2,5.6,320,58,,,,0
2026-09-01 08:00:00+00:00,33.0,55.88,0.2,1005.080552,8.334,336,70,38.5,32,0.0,979.0,4.5,104,45,32.5,57,0.2,980.3,5.4,37,51,33.7,50,0.0,979.8,4.9,343,56,,,,0
2026-09-01 09:00:00+00:00,33.0,55.88,0.3,1005.080552,10.186,38,38,35.8,40,0.0,978.5,18.2,115,100,32.4,58,0.2,979.8,7.4,61,43,33.9,49,0.0,979.4,4.9,17,55,,,,0
2026-09-01 10:00:00+00:00,33.0,55.88,1.4,1004.064635,9.26,65,64,33.9,47,0.0,977.9,15.8,111,100,32.2,61,0.6,979.5,6.6,61,34,34.1,49,0.0,978.9,6.1,40,53,,,,0
2026-09-01 11:00:00+00:00,33.5,54.365,0.2,1004.064635,5.556,38,29,34.8,44,0.0,977.6,12.1,102,100,31.9,65,0.6,979.3,4.1,38,25,34.1,49,0.0,978.5,7.8,56,51,,,,0
2026-09-01 12:00:00+00:00,33.5,56.1,1.5,1004.064635,5.556,3,29,35.5,40,0.0,978.2,9.4,94,86,31.5,69,0.6,979.5,3.0,14,20,33.9,50,0.0,978.4,8.9,63,49,,,,0
2026-09-01 13:00:00+00:00,33.0,59.35,0.1,1004.064635,6.482,56,44,35.2,41,0.0,978.7,11.3,97,37,30.8,73,0.0,980.2,2.1,31,20,33.4,52,0.0,978.6,9.2,69,46,,,,0
2026-09-01 14:00:00+00:00,31.0,70.665,0.0,1005.080552,11.112,85,27,33.4,53,0.0,979.7,18.8,107,22,30.1,77,0.0,981.2,2.9,90,24,32.8,56,0.0,979.1,8.7,73,43,,,,0
2026-09-01 15:00:00+00:00,27.5,83.75999999999999,0.0,1006.0964690000001,20.372,99,23,30.8,65,0.0,981.0,18.7,124,61,29.2,81,0.0,981.9,4.0,100,27,31.9,60,0.0,979.6,8.0,80,40,,,,0
2026-09-01 16:00:00+00:00,27.0,83.7,0.0,1007.112386,14.816,90,27,30.7,65,0.0,981.6,13.7,125,84,28.3,87,0.0,982.1,4.3,90,27,31.1,65,0.0,980.2,7.2,87,37,,,,0
2026-09-01 17:00:00+00:00,27.0,83.7,0.0,1007.112386,12.038,90,24,30.4,65,0.0,981.5,10.2,132,100,27.3,93,0.0,982.1,4.9,73,26,30.3,68,0.0,980.6,6.5,93,35,,,,0
2026-09-01 18:00:00+00:00,27.0,83.7,0.0,1007.112386,8.334,124,35,30.1,65,0.0,981.4,9.2,138,97,26.5,97,0.0,981.8,4.8,63,24,29.8,71,0.0,980.9,6.2,100,35,,,,0
2026-09-01 19:00:00+00:00,27.0,83.7,0.1,1006.0964690000001,6.482,92,19,29.8,66,0.0,981.1,10.4,134,96,26.1,97,0.0,981.4,4.2,59,19,29.4,72,0.0,980.9,5.9,104,38,,,,0
2026-09-01 20:00:00+00:00,27.0,83.7,0.0,1006.0964690000001,5.556,119,23,29.5,66,0.0,980.7,9.7,135,93,26.0,94,0.0,980.8,2.9,60,12,29.1,73,0.0,980.5,5.9,104,43,,,,0
2026-09-01 21:00:00+00:00,27.0,86.28,0.0,1005.5885105,5.556,96,10,29.0,68,0.1,980.3,8.7,135,15,25.8,92,0.0,980.5,1.6,63,16,28.9,73,0.0,980.1,5.5,101,50,,,,0
2026-09-01 22:00:00+00:00,27.0,88.86,0.0,1005.080552,1.852,90,5,28.9,68,0.0,980.0,7.0,145,12,25.5,92,0.0,980.6,1.5,135,39,28.7,73,0.0,979.7,5.5,101,56,,,,0
2026-09-01 23:00:00+00:00,27.0,88.86,0.0,1005.080552,0.0,82,6,28.9,68,0.0,979.8,6.1,140,12,25.2,94,0.0,980.7,3.0,166,72,28.7,73,0.0,979.4,5.1,98,62,,,,0
2026-09-02 00:00:00+00:00,27.5,86.34,0.0,1005.080552,2.778,118,71,29.2,68,0.0,979.9,4.6,141,12,25.2,93,0.0,981.0,3.7,169,94,28.8,72,0.0,979.3,4.7,99,65,,,,0
2026-09-02 01:00:00+00:00,28.0,86.38,0.1,1005.5885105,1.852,322,68,29.5,68,0.1,980.5,4.2,160,12,25.9,89,0.1,981.3,2.1,149,94,29.1,71,0.0,979.4,4.0,100,66,,,,0
2026-09-02 02:00:00+00:00,28.0,86.38,0.0,1006.0964690000001,4.63,20,43,30.4,64,2.5,980.8,1.5,76,17,26.9,83,0.1,981.6,2.1,59,82,29.6,70,0.0,979.6,3.3,103,65,,,,0
2026-09-02 03:00:00+00:00,28.0,88.94,0.0,1007.112386,0.0,37,91,32.1,55,0.3,981.2,5.2,16,12,27.9,79,0.1,981.9,3.8,41,76,30.2,68,0.0,980.0,2.4,117,62,,,,0
2026-09-02 04:00:00+00:00,29.0,83.93,0.0,1007.112386,9.26,63,32,33.2,49,0.1,981.5,8.0,36,16,28.6,77,0.1,982.3,4.7,58,82,30.8,66,0.0,980.4,1.5,135,60,,,,0
2026-09-02 05:00:00+00:00,29.0,79.1,0.0,1007.112386,12.038,55,37,34.3,45,0.0,981.7,9.7,39,25,29.3,76,0.1,982.6,5.9,79,93,31.4,64,0.0,980.6,1.3,146,59,,,,0
2026-09-02 06:00:00+00:00,30.0,79.24,0.3,1007.112386,7.408,44,100,35.0,42,0.0,981.6,12.5,39,72,29.6,76,0.1,982.6,6.5,84,100,31.7,63,0.0,980.8,1.0,135,59,,,,0
2026-09-02 07:00:00+00:00,28.5,86.435,10.2,1007.112386,11.112,73,99,35.7,40,0.0,980.7,16.1,51,40,29.4,78,4.7,982.0,5.0,69,100,31.9,62,0.0,980.6,1.5,104,62,,,,0
2026-09-02 08:00:00+00:00,28.0,86.38,2.1,1006.6044275,12.038,19,90,35.3,43,0.0,979.9,21.1,67,45,29.0,82,4.7,981.1,4.5,29,97,32.1,60,0.0,980.2,3.0,76,67,,,,0
2026-09-02 09:00:00+00:00,29.0,74.51,0.6,1005.5885105,16.668,357,82,33.1,51,0.0,979.4,22.7,75,100,28.8,83,4.7,980.3,5.4,8,90,32.2,59,0.0,979.8,4.9,73,74,,,,0
2026-09-02 10:00:00+00:00,29.0,74.51,0.1,1004.5725935,13.89,9,83,32.7,52,0.0,979.1,18.9,76,95,29.3,79,0.0,979.7,6.8,18,76,32.2,58,0.0,979.3,7.0,69,79,,,,0
2026-09-02 11:00:00+00:00,29.0,76.805,0.0,1004.064635,12.964,18,80,32.6,53,0.0,979.1,19.1,92,22,30.0,72,0.0,979.3,8.6,33,58,32.1,58,0.0,978.9,8.6,68,83,,,,0
2026-09-02 12:00:00+00:00,29.0,79.1,0.0,1004.064635,12.038,37,37,31.5,58,0.0,979.1,14.1,84,23,30.3,68,0.0,979.1,9.7,42,45,31.9,58,0.0,978.8,9.2,69,84,,,,0
2026-09-02 13:00:00+00:00,29.0,79.1,0.1,1004.064635,11.112,39,53,30.7,61,0.0,979.4,12.6,87,10,29.6,71,0.0,979.6,8.9,50,42,31.5,60,0.0,978.9,9.1,72,80,,,,0
2026-09-02 14:00:00+00:00,28.5,81.46,0.0,1004.5725935,11.112,48,51,29.7,66,0.0,979.7,13.8,96,10,28.5,77,0.0,980.4,7.4,61,44,30.9,63,0.0,979.2,8.1,77,72,,,,0
2026-09-02 15:00:00+00:00,28.0,83.82,0.0,1005.080552,11.112,73,16,29.1,70,0.0,980.3,11.3,97,5,27.6,83,0.0,981.0,6.4,74,43,30.3,66,0.0,979.6,6.9,84,63,,,,0
2026-09-02 16:00:00+00:00,27.5,86.34,0.0,1006.0964690000001,12.038,86,27,29.0,70,0.0,980.6,9.0,95,5,27.4,86,0.0,981.0,5.8,83,35,29.6,70,0.0,980.0,5.8,97,53,,,,0
2026-09-02 17:00:00+00:00,27.0,88.86,0.0,1006.0964690000001,7.408,103,16,28.8,70,0.0,980.6,8.7,95,31,27.3,89,0.0,980.8,5.4,86,25,29.0,73,0.0,980.3,5.4,110,47,,,,0
2026-09-02 18:00:00+00:00,27.0,88.86,0.0,1006.0964690000001,4.63,105,21,28.4,74,0.0,980.7,9.4,97,34,27.2,91,0.0,980.5,5.0,90,19,28.5,75,0.0,980.5,4.8,117,45,,,,0
2026-09-02 19:00:00+00:00,27.0,88.86,0.0,1005.080552,5.556,82,26,28.3,74,0.0,980.4,9.6,103,79,26.7,92,0.2,980.3,4.7,86,21,28.2,76,0.0,980.5,4.8,117,50,,,,0
2026-09-02 20:00:00+00:00,27.0,88.86,0.1,1005.080552,3.704,91,28,28.2,75,0.0,979.8,7.3,110,95,26.1,93,0.2,980.0,4.8,77,27,28.0,77,0.0,980.3,4.6,108,59,,,,0
2026-09-02 21:00:00+00:00,27.0,88.86,0.0,1005.080552,3.704,88,29,28.1,75,0.0,979.4,6.0,115,100,25.7,94,0.2,979.8,4.6,72,34,27.8,77,0.0,980.0,4.4,99,72,,,,0
2026-09-02 22:00:00+00:00,27.0,88.86,0.1,1005.080552,2.778,90,2,28.2,74,0.0,979.3,6.6,119,100,25.5,96,0.1,979.7,3.9,68,44,27.8,76,0.0,979.7,4.7,90,84,,,,0
2026-09-02 23:00:00+00:00,27.0,88.86,0.1,1004.5725935,0.0,84,37,28.2,74,0.0,979.2,6.4,117,75,25.4,98,0.1,979.7,3.1,69,56,27.8,76,0.0,979.5,5.1,82,94,,,,0
2026-09-03 00:00:00+00:00,27.0,88.86,0.0,1004.5725935,0.0,68,54,28.5,73,0.0,979.5,6.1,93,100,25.6,98,0.1,979.9,2.7,67,63,27.9,75,0.0,979.5,5.5,79,99,,,,0
2026-09-03 01:00:00+00:00,27.0,88.86,0.2,1005.080552,1.852,61,38,28.4,74,0.6,979.9,4.0,90,100,26.1,96,0.1,980.3,3.9,68,63,28.2,74,0.0,979.7,5.9,79,99,,,,0
2026-09-03 02:00:00+00:00,28.0,83.82,0.1,1006.0964690000001,0.0,72,30,28.9,71,4.0,980.3,6.9,81,24,26.9,92,0.1,981.0,5.5,67,58,28.6,73,0.0,980.1,6.2,80,94,,,,0
2026-09-03 03:00:00+00:00,28.0,83.82,0.0,1006.0964690000001,4.63,69,56,29.8,68,2.0,980.8,11.5,94,48,27.7,88,0.1,981.4,6.6,68,52,29.1,72,0.0,980.6,6.6,81,88,,,,0
2026-09-03 04:00:00+00:00,29.0,83.93,0.1,1007.112386,6.482,87,17,28.8,72,1.0,981.0,14.2,99,100,28.8,83,0.1,981.8,6.8,72,44,29.7,70,0.0,981.1,6.9,81,80,,,,0
2026-09-03 05:00:00+00:00,29.5,79.16999999999999,0.1,1007.112386,11.112,78,14,28.2,76,1.4,981.3,11.8,113,100,30.1,77,0.1,982.1,7.1,75,35,30.2,69,0.0,981.4,7.2,84,73,,,,0
2026-09-03 06:00:00+00:00,30.5,72.605,0.1,1006.6044275,12.964,89,27,28.3,75,1.2,981.1,9.4,94,100,31.0,72,0.1,982.0,6.9,81,30,30.5,68,0.0,981.4,7.6,85,68,,,,0
2026-09-03 07:00:00+00:00,32.0,66.65,0.5,1006.0964690000001,12.964,73,42,28.3,75,0.1,980.6,10.1,96,100,31.4,69,0.6,981.2,6.5,84,33,30.6,68,0.0,981.1,7.6,85,64,,,,0
2026-09-03 08:00:00+00:00,32.0,66.65,0.3,1005.080552,14.816,90,49,28.5,74,0.0,979.6,10.1,94,100,31.4,67,0.6,980.1,6.1,87,40,30.7,67,0.0,980.5,7.9,87,61,,,,0
2026-09-03 09:00:00+00:00,32.0,66.65,0.9,1004.064635,15.742,99,38,28.5,74,0.0,978.8,9.7,90,100,31.1,68,0.6,979.3,6.1,90,48,30.7,67,0.0,979.7,7.9,87,58,,,,0
2026-09-03 10:00:00+00:00,31.5,70.745,0.2,1003.5566765,12.038,93,28,28.4,74,0.0,977.9,8.6,92,100,30.1,73,0.1,979.0,6.5,93,57,30.6,67,0.0,978.8,7.9,87,56,,,,0
2026-09-03 11:00:00+00:00,30.5,77.03999999999999,0.2,1003.048718,9.26,88,54,28.3,74,0.0,977.3,7.2,84,100,28.8,81,0.1,978.9,7.6,95,68,30.5,68,0.0,978.2,7.9,90,56,,,,0
2026-09-03 12:00:00+00:00,31.0,70.53,0.3,1003.048718,7.408,110,91,28.9,72,0.0,977.7,7.2,84,100,27.8,88,0.1,979.0,7.7,101,77,30.3,68,0.0,977.9,7.6,93,57,,,,0
2026-09-03 13:00:00+00:00,31.0,70.53,0.1,1003.048718,8.334,126,73,29.1,72,0.0,977.7,6.5,90,100,27.2,92,0.3,979.2,7.0,111,83,30.1,69,0.0,978.0,7.2,96,61,,,,0
2026-09-03 14:00:00+00:00,30.0,74.68,0.1,1004.064635,9.26,153,77,29.3,72,0.0,978.4,7.2,90,100,26.9,95,0.3,979.7,5.9,128,88,29.8,69,0.0,978.4,6.6,103,67,,,,0
2026-09-03 15:00:00+00:00,30.0,79.24,0.0,1004.064635,7.408,138,84,29.4,72,0.0,979.3,8.1,103,100,26.9,97,0.3,980.1,5.1,141,92,29.5,70,0.0,978.9,6.5,109,75,,,,0
2026-09-03 16:00:00+00:00,30.0,79.24,0.0,1005.080552,7.408,138,93,29.2,73,0.0,979.9,8.2,113,53,27.3,96,0.0,980.4,4.1,142,95,29.1,71,0.0,979.6,6.1,118,83,,,,0
2026-09-03 17:00:00+00:00,30.0,79.24,0.0,1005.5885105,5.556,126,96,28.9,75,0.0,980.0,9.8,114,18,27.9,93,0.0,980.6,2.8,130,97,28.8,72,0.0,980.0,5.9,128,90,,,,0
2026-09-03 18:00:00+00:00,29.0,83.93,0.0,1006.0964690000001,2.778,103,99,28.7,75,0.0,980.0,10.6,125,26,28.2,92,0.0,980.7,2.2,99,98,28.6,73,0.0,980.3,5.9,133,94,,,,0
2026-09-03 19:00:00+00:00,29.0,83.93,0.3,1005.5885105,0.0,254,98,28.4,76,0.0,979.7,10.9,134,35,27.9,93,0.2,980.5,2.6,74,97,28.4,74,0.0,980.3,5.9,137,95,,,,0
2026-09-03 20:00:00+00:00,29.0,83.93,0.1,1005.080552,3.704,311,98,28.0,77,0.0,979.3,10.0,128,100,27.4,95,0.2,979.9,3.7,61,95,28.3,74,0.0,980.1,5.9,137,94,,,,0
2026-09-03 21:00:00+00:00,29.0,83.93,0.0,1005.080552,7.408,46,95,27.8,78,0.0,979.2,8.3,124,100,26.9,97,0.2,979.7,4.8,48,93,28.2,75,0.0,979.7,5.6,140,92,,,,0
2026-09-03 22:00:00+00:00,29.0,83.93,0.0,1005.080552,9.26,84,96,27.5,79,1.3,979.1,7.6,121,100,26.7,97,0.0,979.7,6.0,33,92,28.1,75,0.0,979.4,5.4,138,89,,,,0
2026-09-03 23:00:00+00:00,29.0,83.93,0.0,1004.064635,9.26,75,91,27.5,79,1.5,979.2,6.5,124,100,26.6,97,0.0,979.9,7.8,22,91,28.0,76,0.0,979.2,5.1,141,87,,,,0
2026-09-04 00:00:00+00:00,28.5,83.875,0.0,1004.5725935,8.334,52,88,27.5,79,0.9,979.6,7.1,120,100,26.5,96,0.0,980.2,8.6,22,91,28.0,76,0.0,979.2,4.6,135,86,,,,0
2026-09-04 01:00:00+00:00,28.0,83.82,0.8,1005.080552,7.408,85,70,27.8,79,0.2,980.2,7.7,118,100,26.4,95,1.3,980.6,8.0,36,91,28.0,76,1.1,979.5,3.6,127,86,,,,0
2026-09-04 02:00:00+00:00,28.0,83.82,0.8,1005.5885105,9.26,91,80,27.8,80,0.0,980.9,8.4,115,100,26.4,93,1.3,981.2,7.9,60,91,28.0,77,1.1,980.1,3.1,111,87,,,,0
2026-09-04 03:00:00+00:00,29.0,79.1,0.3,1006.6044275,10.186,81,95,28.0,78,0.0,981.4,10.4,110,100,26.5,91,1.3,981.7,8.5,78,91,28.0,77,1.1,980.8,2.5,82,88,,,,0
2026-09-04 04:00:00+00:00,29.0,79.1,0.1,1007.112386,11.112,89,93,28.5,74,0.0,981.9,13.1,99,100,27.1,90,0.1,982.0,9.0,85,92,28.1,78,1.1,981.4,3.1,54,89,,,,0
2026-09-04 05:00:00+00:00,30.5,72.605,0.0,1007.112386,11.112,84,95,31.0,63,0.0,981.9,15.5,102,80,27.8,88,0.1,982.2,9.0,88,94,28.1,78,1.1,982.0,3.9,34,90,,,,0
2026-09-04 06:00:00+00:00,31.0,70.53,0.1,1007.112386,13.89,99,94,32.2,57,0.0,981.7,16.9,102,95,28.4,87,0.1,982.2,8.6,88,96,28.1,79,1.1,982.2,4.5,29,91,,,,0
2026-09-04 07:00:00+00:00,31.0,70.53,2.6,1007.112386,14.816,90,87,32.2,55,0.0,981.5,17.4,120,100,28.7,86,1.0,982.0,8.0,85,97,28.1,80,0.3,982.1,4.7,23,91,,,,0
2026-09-04 08:00:00+00:00,32.0,66.65,0.4,1006.0964690000001,12.964,107,84,30.7,61,0.0,981.1,17.3,149,100,28.9,85,1.0,981.6,7.3,79,97,28.1,81,0.3,981.6,4.3,24,92,,,,0
2026-09-04 09:00:00+00:00,31.0,70.53,1.1,1005.080552,10.186,83,97,29.1,68,0.2,980.3,12.6,160,100,28.9,84,1.0,981.1,6.8,72,98,28.1,82,0.3,981.1,3.9,22,92,,,,0
2026-09-04 10:00:00+00:00,30.0,74.815,0.5,1004.5725935,12.038,46,98,28.2,72,0.2,979.9,1.1,270,100,28.7,83,0.0,980.6,6.2,69,99,28.1,83,0.3,980.5,3.2,27,92,,,,0
2026-09-04 11:00:00+00:00,24.0,100.0,0.0,1005.5885105,13.89,50,98,28.8,69,0.0,980.1,6.2,339,100,28.4,83,0.0,980.0,5.8,68,99,28.0,84,0.3,980.1,2.9,30,91,,,,0
2026-09-04 12:00:00+00:00,25.0,94.2,0.0,1005.080552,5.556,75,100,30.0,61,0.0,980.4,4.2,59,100,28.1,83,0.0,979.9,5.6,63,100,28.0,84,0.3,979.9,2.9,30,90,,,,0
2026-09-04 13:00:00+00:00,26.0,88.78,0.0,1005.080552,2.778,49,100,29.6,63,0.0,980.5,7.0,69,100,27.7,85,0.3,980.5,6.2,54,100,27.9,84,0.2,980.1,3.4,32,88,,,,0
2026-09-04 14:00:00+00:00,26.0,88.78,0.1,1005.5885105,7.408,60,100,29.1,66,0.0,980.7,7.2,72,100,27.2,89,0.3,981.7,7.1,49,100,27.9,83,0.2,980.5,4.1,38,85,,,,0
2026-09-04 15:00:00+00:00,26.0,94.24,0.2,1007.112386,8.334,54,100,28.7,69,0.0,981.4,8.5,54,100,26.9,92,0.3,982.5,7.9,43,100,27.8,82,0.2,981.0,4.6,39,81,,,,0
2026-09-04 16:00:00+00:00,26.0,94.24,0.5,1008.128303,7.408,27,100,28.7,69,0.0,981.9,8.7,48,100,26.7,94,2.8,983.0,8.2,38,100,27.8,81,0.2,981.6,5.6,40,78,,,,0
2026-09-04 17:00:00+00:00,27.0,94.29,1.3,1008.128303,9.26,60,100,28.7,69,0.0,981.9,9.1,56,100,26.7,95,2.8,983.2,8.1,32,100,27.7,81,0.2,982.1,6.4,43,75,,,,0
2026-09-04 18:00:00+00:00,26.0,97.12,4.1,1008.128303,8.334,41,99,27.9,70,0.0,982.3,11.0,67,100,26.6,95,2.8,983.2,8.1,32,100,27.6,80,0.2,982.4,6.9,43,74,,,,0
2026-09-04 19:00:00+00:00,26.0,100.0,0.8,1008.128303,5.556,44,100,26.9,76,1.0,981.8,9.9,71,100,26.3,95,1.3,983.0,8.2,41,100,27.5,80,0.0,982.4,7.1,45,75,,,,0
2026-09-04 20:00:00+00:00,26.0,100.0,0.6,1007.112386,5.556,34,100,26.5,77,1.0,981.2,9.0,53,100,26.0,94,1.3,982.4,9.3,54,100,27.3,80,0.0,982.2,7.1,45,77,,,,0
2026-09-04 21:00:00+00:00,26.0,94.24,2.0,1006.6044275,4.63,67,99,25.9,80,1.3,981.0,9.3,28,100,25.7,94,1.3,982.1,10.1,63,100,27.1,80,0.0,981.9,6.9,43,80,,,,0
2026-09-04 22:00:00+00:00,26.0,94.24,2.7,1006.0964690000001,6.482,69,100,25.5,78,1.6,980.8,11.7,9,100,25.5,95,1.5,981.9,11.1,65,100,27.0,80,0.0,981.6,6.9,43,83,,,,0
2026-09-04 23:00:00+00:00,26.0,94.24,2.2,1006.0964690000001,6.482,72,100,24.8,81,0.9,980.8,15.2,5,100,25.5,96,1.5,981.9,11.9,65,100,26.8,80,0.0,981.3,6.9,43,86,,,,0
2026-09-05 00:00:00+00:00,26.0,94.24,1.2,1006.6044275,7.408,72,100,25.3,80,0.6,981.2,12.4,22,100,25.4,97,1.5,982.0,11.9,65,100,26.8,80,0.0,981.2,6.9,43,87,,,,0
2026-09-05 01:00:00+00:00,26.0,94.24,2.3,1007.112386,5.556,72,98,25.2,81,1.0,982.0,11.7,34,100,25.3,97,2.3,982.4,10.5,63,100,26.9,80,2.4,981.5,6.9,43,87,,,,0
2026-09-05 02:00:00+00:00,26.0,94.24,0.5,1008.128303,6.482,75,99,25.3,81,0.9,982.6,11.5,44,100,25.1,97,2.3,982.9,8.6,57,100,27.2,80,2.4,981.8,6.9,43,85,,,,0
2026-09-05 03:00:00+00:00,26.0,94.24,0.4,1008.128303,9.26,62,99,26.3,78,1.0,983.2,12.8,50,100,25.3,96,2.3,983.4,7.2,53,100,27.5,80,2.4,982.3,7.1,45,83,,,,0
2026-09-05 04:00:00+00:00,27.0,94.29,0.7,1008.128303,10.186,85,100,27.3,75,1.3,983.6,13.0,44,96,26.3,92,0.6,983.8,6.9,51,100,27.7,80,2.4,982.7,7.1,45,81,,,,0
2026-09-05 05:00:00+00:00,26.0,94.245,0.5,1009.14422,20.372,48,100,29.2,70,0.1,983.5,13.3,41,68,27.6,87,0.6,984.2,6.7,54,100,28.0,80,2.4,983.0,7.4,43,79,,,,0
2026-09-05 06:00:00+00:00,25.0,94.2,0.4,1009.14422,9.26,58,100,30.3,66,0.0,983.0,12.9,36,82,28.4,85,0.6,984.2,6.6,49,100,28.1,80,2.4,983.1,7.4,43,77,,,,0
2026-09-05 07:00:00+00:00,25.0,97.1,1.0,1009.14422,6.482,55,100,31.7,61,0.2,982.1,15.1,38,76,28.0,87,2.6,983.5,6.6,41,100,28.0,80,1.7,982.9,7.7,41,76,,,,0
2026-09-05 08:00:00+00:00,26.0,94.24,5.7,1008.128303,5.556,33,100,31.3,62,0.8,981.3,16.9,40,98,27.0,92,2.6,982.3,7.1,30,99,27.9,81,1.7,982.4,7.7,37,75,,,,0
2026-09-05 09:00:00+00:00,27.0,94.29,1.6,1007.112386,0.0,14,99,31.0,63,1.0,980.7,17.3,36,97,26.3,95,2.6,981.5,7.1,24,99,27.7,82,1.7,981.9,7.8,34,74,,,,0
2026-09-05 10:00:00+00:00,27.0,94.29,0.5,1007.112386,8.334,39,100,29.8,67,0.8,980.3,16.4,33,100,26.4,95,0.4,981.1,6.6,22,99,27.5,82,1.7,981.3,7.9,30,73,,,,0
2026-09-05 11:00:00+00:00,28.0,88.94,0.2,1006.0964690000001,11.112,27,98,27.8,74,1.5,980.4,15.1,38,100,26.8,94,0.4,981.0,6.0,25,100,27.3,83,1.7,980.9,7.7,28,72,,,,0
2026-09-05 12:00:00+00:00,28.0,88.94,0.1,1006.0964690000001,11.112,43,100,27.1,76,0.9,981.1,10.7,50,100,27.1,93,0.4,981.1,5.3,28,100,27.1,83,1.7,980.7,7.6,25,72,,,,0
2026-09-05 13:00:00+00:00,28.0,88.94,0.1,1006.0964690000001,10.186,42,100,27.0,77,0.2,981.2,9.3,62,100,27.1,93,0.0,981.6,5.7,35,100,27.1,83,0.1,980.9,6.6,22,72,,,,0
2026-09-05 14:00:00+00:00,27.5,88.9,0.0,1007.112386,9.26,25,98,27.1,76,0.0,981.4,8.8,55,100,26.9,93,0.0,982.3,6.6,41,100,27.0,82,0.1,981.3,5.5,23,72,,,,0
2026-09-05 15:00:00+00:00,26.0,88.78,0.0,1008.128303,8.334,49,100,27.0,76,0.0,982.0,11.1,36,100,26.8,93,0.0,983.0,6.9,43,100,27.0,81,0.1,981.8,4.1,15,73,,,,0
2026-09-05 16:00:00+00:00,26.0,88.78,0.0,1008.128303,7.408,67,98,26.7,77,0.0,982.9,10.0,41,100,26.8,92,0.0,983.4,5.9,38,100,27.0,80,0.1,982.2,2.6,16,73,,,,0
2026-09-05 17:00:00+00:00,26.0,88.78,0.0,1008.128303,5.556,52,81,26.7,76,0.0,982.9,7.7,41,100,26.7,91,0.0,983.6,4.6,18,100,27.0,79,0.1,982.7,1.8,360,74,,,,0
2026-09-05 18:00:00+00:00,26.0,88.78,0.0,1008.128303,5.556,351,79,26.3,78,0.0,982.9,7.9,47,100,26.6,91,0.0,983.6,4.0,360,98,27.0,79,0.1,982.9,1.1,342,74,,,,0
2026-09-05 19:00:00+00:00,26.0,88.78,0.0,1008.128303,5.556,351,100,26.1,80,0.0,982.4,7.9,51,100,26.4,91,0.0,983.2,4.3,355,92,26.9,79,0.1,982.8,1.1,342,75,,,,0
2026-09-05 20:00:00+00:00,26.0,88.78,0.0,1007.6203445,4.63,358,32,25.6,83,0.2,981.8,10.8,69,100,26.1,92,0.0,982.6,5.4,360,83,26.7,80,0.1,982.6,1.5,346,75,,,,0
2026-09-05 21:00:00+00:00,25.0,94.2,0.1,1007.112386,8.334,2,48,25.6,82,0.0,981.6,8.4,83,100,25.8,93,0.0,982.0,5.8,4,78,26.5,81,0.1,982.2,1.8,360,76,,,,0
2026-09-05 22:00:00+00:00,25.0,94.2,0.0,1007.112386,7.408,34,37,25.8,80,0.0,981.2,7.3,81,100,25.5,95,0.0,981.7,5.4,8,79,26.4,82,0.1,981.9,2.5,8,76,,,,0
2026-09-05 23:00:00+00:00,25.0,94.2,0.0,1007.112386,4.63,52,59,25.8,79,0.0,980.9,8.0,80,100,25.1,98,0.0,981.5,4.9,17,83,26.3,83,0.1,981.6,3.3,6,77,,,,0
2026-09-06 00:00:00+00:00,25.0,94.2,0.0,1006.0964690000001,3.704,19,89,25.8,79,0.0,981.6,6.1,45,100,24.9,99,0.0,981.6,4.9,17,88,26.3,83,0.1,981.6,4.0,10,77,,,,0
2026-09-06 01:00:00+00:00,25.0,94.2,3.0,1007.112386,5.556,302,100,25.8,79,0.4,982.2,5.4,37,100,24.9,98,1.6,982.4,5.4,4,92,26.5,83,0.4,981.9,4.8,13,77,,,,0
2026-09-06 02:00:00+00:00,25.5,91.49000000000001,4.3,1008.128303,4.63,332,100,26.0,78,0.0,982.8,7.9,16,100,25.0,95,1.6,983.4,7.0,348,97,26.8,83,0.4,982.4,5.9,11,76,,,,0
2026-09-06 03:00:00+00:00,26.0,88.78,1.3,1009.14422,7.408,357,100,25.7,81,0.4,983.6,9.0,29,100,25.1,93,1.6,984.3,8.2,345,100,27.1,82,0.4,983.0,7.0,12,76,,,,0
2026-09-06 04:00:00+00:00,26.5,86.24000000000001,0.8,1010.160137,9.26,358,100,25.4,84,1.1,984.5,7.3,33,100,25.3,93,0.7,984.8,9.0,355,100,27.5,81,0.4,983.6,8.0,10,75,,,,0
2026-09-06 05:00:00+00:00,27.0,83.7,1.1,1010.160137,10.186,351,97,26.1,81,0.3,984.5,7.7,11,100,25.5,94,0.7,985.2,10.2,10,100,27.8,80,0.4,984.2,8.8,12,74,,,,0
2026-09-06 06:00:00+00:00,26.0,94.24,0.9,1010.160137,12.964,46,100,26.2,81,0.0,984.0,8.9,14,100,25.7,94,0.7,985.2,11.4,18,100,28.1,79,0.4,984.3,9.2,11,73,,,,0
2026-09-06 07:00:00+00:00,26.0,94.24,3.8,1010.160137,19.446,26,100,26.8,80,0.3,983.3,9.2,11,100,25.8,93,2.2,984.5,11.8,23,100,28.4,77,0.1,984.1,9.2,11,72,,,,0
2026-09-06 08:00:00+00:00,25.5,91.49000000000001,1.7,1009.14422,16.668,31,100,27.6,78,0.1,982.4,10.5,16,100,25.9,91,2.2,983.5,11.3,27,100,28.7,74,0.1,983.5,8.8,12,70,,,,0
2026-09-06 09:00:00+00:00,26.0,83.59,0.8,1008.128303,16.668,36,100,29.1,71,0.0,981.7,14.2,36,100,26.1,90,2.2,982.7,10.2,32,100,29.1,71,0.1,982.9,8.5,12,69,,,,0
2026-09-06 10:00:00+00:00,26.0,86.185,0.3,1007.112386,12.964,47,100,29.0,70,0.0,981.3,15.0,42,93,26.5,89,0.2,982.1,8.2,49,98,29.3,69,0.1,982.2,7.8,13,67,,,,0
2026-09-06 11:00:00+00:00,27.5,81.33,0.0,1006.6044275,12.964,57,100,28.5,70,0.0,981.2,13.6,40,88,27.0,87,0.2,981.7,7.3,81,95,29.5,67,0.1,981.7,7.1,15,64,,,,0
2026-09-06 12:00:00+00:00,28.0,78.96,0.0,1007.112386,9.26,109,87,27.3,74,0.0,981.5,11.3,53,100,27.1,87,0.2,981.7,7.0,102,88,29.5,66,0.1,981.4,6.4,16,61,,,,0
2026-09-06 13:00:00+00:00,28.0,78.96,0.0,1007.112386,4.63,114,67,26.9,75,0.0,981.7,9.2,59,100,26.8,89,0.0,982.2,4.5,104,74,29.3,67,0.0,981.4,5.4,20,57,,,,0
2026-09-06 14:00:00+00:00,27.5,81.33,0.0,1007.6203445,5.556,284,77,26.7,77,0.0,982.0,7.4,61,100,26.2,92,0.0,983.1,0.8,27,56,28.9,69,0.0,981.8,4.3,24,51,,,,0
2026-09-06 15:00:00+00:00,27.0,83.7,0.0,1008.128303,1.852,275,45,26.7,77,0.0,982.7,8.0,82,19,25.7,94,0.0,983.7,2.8,310,43,28.5,72,0.0,982.3,3.2,27,46,,,,0
2026-09-06 16:00:00+00:00,27.0,83.7,0.0,1009.14422,1.852,225,57,26.7,77,0.0,983.2,8.8,102,13,25.5,95,0.0,984.0,2.6,304,38,28.0,75,0.0,982.7,2.0,45,39,,,,0
2026-09-06 17:00:00+00:00,26.5,86.24000000000001,0.0,1009.14422,4.63,146,14,26.7,77,0.0,983.0,8.0,117,100,25.5,96,0.0,984.0,1.1,288,38,27.5,78,0.0,983.1,1.3,56,33,,,,0
2026-09-06 18:00:00+00:00,26.0,88.78,0.0,1009.6521785,4.63,270,25,26.5,78,0.0,983.0,7.7,101,96,25.5,96,0.0,983.9,0.4,270,41,27.2,80,0.0,983.2,0.7,90,28,,,,0
2026-09-06 19:00:00+00:00,26.0,88.78,0.0,1009.14422,6.482,360,19,26.3,78,0.0,983.0,8.6,92,100,25.2,97,0.0,983.6,1.3,304,47,26.8,82,0.0,983.1,0.0,270,23,,,,0
2026-09-06 20:00:00+00:00,26.0,88.78,0.0,1008.128303,3.704,315,51,26.2,76,0.0,982.6,8.3,95,100,24.8,97,0.0,983.2,3.3,311,56,26.4,83,0.0,982.8,1.1,270,17,,,,0
2026-09-06 21:00:00+00:00,25.0,94.2,0.0,1008.128303,3.704,322,37,26.1,76,0.0,982.1,6.9,81,100,24.6,98,0.0,982.8,4.8,312,61,26.0,85,0.0,982.4,1.8,281,12,,,,0
2026-09-06 22:00:00+00:00,25.0,94.2,0.0,1007.112386,0.0,311,20,25.9,76,0.0,981.9,6.8,58,7,24.5,99,0.0,982.5,5.4,307,59,25.7,86,0.0,981.9,3.0,284,7,,,,0
2026-09-06 23:00:00+00:00,25.0,94.2,0.0,1007.112386,8.334,302,26,25.7,77,0.0,981.5,8.8,71,11,24.6,99,0.0,982.2,5.8,300,54,25.6,86,0.0,981.5,3.9,292,3,,,,0
2026-09-07 00:00:00+00:00,25.0,94.2,0.0,1007.112386,9.26,275,21,25.9,76,0.0,981.7,3.9,34,70,25.0,98,0.0,982.2,6.0,295,46,25.9,84,0.0,981.5,4.3,294,0,,,,0
2026-09-07 01:00:00+00:00,25.0,94.2,0.0,1007.6203445,0.0,270,38,26.1,75,0.0,982.2,6.2,306,40,25.7,96,0.0,982.6,5.8,292,34,26.6,80,0.0,981.6,4.2,301,0,,,,0
2026-09-07 02:00:00+00:00,25.5,91.49000000000001,0.0,1008.128303,5.556,278,31,27.2,71,0.0,982.8,6.7,324,93,26.7,92,0.0,983.2,5.5,293,19,27.7,75,0.0,982.1,4.1,315,0,,,,0
2026-09-07 03:00:00+00:00,27.5,81.33,0.0,1008.6362615,5.556,278,9,28.7,65,0.0,983.4,5.9,349,7,27.8,87,0.0,983.8,4.8,297,9,29.1,69,0.0,982.6,3.9,326,0,,,,0
2026-09-07 04:00:00+00:00,28.5,81.46,0.0,1009.14422,7.408,302,4,30.4,58,0.0,983.7,6.8,335,0,29.0,79,0.0,984.2,4.1,308,9,30.5,62,0.0,983.1,4.1,345,1,,,,0
2026-09-07 05:00:00+00:00,29.5,72.43,0.0,1009.14422,9.26,315,2,32.1,52,0.0,983.4,7.7,332,0,30.4,69,0.0,984.4,3.9,326,15,31.7,56,0.0,983.5,4.3,355,2,,,,0
2026-09-07 06:00:00+00:00,30.5,70.44,0.0,1009.14422,8.334,343,14,33.1,49,0.0,983.3,7.3,349,0,31.5,62,0.0,984.2,4.2,340,20,32.6,52,0.0,983.6,5.1,4,2,,,,0
2026-09-07 07:00:00+00:00,32.0,66.65,0.1,1008.6362615,9.26,355,20,34.2,45,0.0,982.5,8.0,5,0,32.0,58,0.1,983.5,5.5,337,23,33.2,49,0.0,983.2,5.8,7,2,,,,0
2026-09-07 08:00:00+00:00,32.5,63.0,0.0,1008.128303,10.186,348,24,34.9,43,0.0,981.3,9.7,2,15,32.3,57,0.1,982.5,6.8,328,26,33.6,47,0.0,982.6,6.9,6,2,,,,0
2026-09-07 09:00:00+00:00,33.0,61.18,0.0,1007.112386,10.186,325,47,35.4,41,0.0,980.1,12.7,352,1,32.3,57,0.1,981.6,7.6,329,27,33.8,46,0.0,981.7,7.6,5,1,,,,0
2026-09-07 10:00:00+00:00,33.5,57.74,0.8,1006.0964690000001,12.964,338,12,35.6,39,0.0,979.3,15.0,350,6,32.2,58,0.4,981.1,7.4,337,24,33.9,46,0.0,980.9,8.3,2,1,,,,0
2026-09-07 11:00:00+00:00,33.5,57.74,0.0,1006.0964690000001,12.964,333,9,35.6,37,0.0,979.1,13.4,354,0,31.9,61,0.4,980.7,6.5,354,18,33.8,46,0.0,980.2,8.6,2,0,,,,0
2026-09-07 12:00:00+00:00,32.5,61.065,0.0,1005.5885105,10.186,25,15,34.3,42,0.0,979.6,12.6,13,0,31.4,64,0.4,980.6,5.8,7,13,33.6,47,0.0,979.9,8.3,2,0,,,,0
2026-09-07 13:00:00+00:00,31.5,64.61,0.0,1005.5885105,5.556,49,5,32.6,51,0.0,980.1,12.9,30,0,30.7,67,0.0,981.1,3.8,17,10,33.1,49,0.0,980.0,6.8,3,0,,,,0
2026-09-07 14:00:00+00:00,31.0,68.485,0.0,1006.0964690000001,5.556,254,6,31.4,57,0.0,980.9,9.2,39,0,29.7,71,0.0,981.8,1.0,45,9,32.4,53,0.0,980.3,4.7,9,0,,,,0
2026-09-07 15:00:00+00:00,30.5,72.605,0.0,1006.6044275,2.778,238,8,30.7,60,0.0,981.6,7.4,51,0,28.9,75,0.0,982.3,1.1,180,7,31.5,57,0.0,980.8,2.3,18,0,,,,0
2026-09-07 16:00:00+00:00,29.5,74.595,0.0,1008.128303,6.482,223,24,30.5,61,0.0,982.0,5.4,70,0,28.2,79,0.0,982.5,1.8,217,5,30.6,61,0.0,981.4,1.0,135,0,,,,0
2026-09-07 17:00:00+00:00,28.5,74.42500000000001,0.0,1008.128303,6.482,245,14,30.3,62,0.0,981.9,4.8,103,0,27.7,83,0.0,982.7,2.3,252,3,29.8,66,0.0,981.8,3.1,159,0,,,,0
2026-09-07 18:00:00+00:00,28.0,74.34,0.0,1008.128303,3.704,262,5,29.9,63,0.0,981.8,4.1,105,0,27.2,85,0.0,982.7,3.6,270,2,29.2,69,0.0,982.0,4.5,166,0,,,,0
2026-09-07 19:00:00+00:00,27.0,81.255,0.0,1008.128303,11.112,270,2,29.7,63,0.0,981.5,3.1,111,0,26.7,85,0.0,982.5,5.1,274,0,28.6,72,0.0,982.0,4.8,167,2,,,,0
2026-09-07 20:00:00+00:00,26.0,78.67,0.0,1008.128303,10.186,263,0,29.5,64,0.0,981.5,2.5,188,0,26.2,84,0.0,982.2,6.5,273,0,28.1,75,0.0,981.8,4.9,163,5,,,,0
2026-09-07 21:00:00+00:00,26.0,78.67,0.0,1007.112386,3.704,259,0,29.4,64,0.0,981.0,4.7,212,0,25.9,83,0.0,982.0,7.2,276,1,27.6,78,0.0,981.6,4.2,160,9,,,,0
2026-09-07 22:00:00+00:00,25.5,86.14500000000001,0.0,1007.112386,2.778,262,1,29.2,64,0.0,980.6,3.6,233,0,25.7,82,0.0,981.8,7.0,282,14,27.3,80,0.0,981.4,3.7,151,12,,,,0
2026-09-07 23:00:00+00:00,26.0,83.59,0.0,1006.0964690000001,0.0,261,1,29.1,64,0.0,980.5,2.1,239,0,25.6,80,0.0,981.8,6.6,292,32,27.2,82,0.0,981.2,2.9,150,15,,,,0
2026-09-08 00:00:00+00:00,26.0,83.59,0.0,1007.112386,10.186,306,38,28.9,65,0.0,981.0,2.5,270,0,25.8,79,0.0,982.0,6.4,297,42,27.4,81,0.0,981.2,1.9,158,16,,,,0
2026-09-08 01:00:00+00:00,25.0,88.7,0.0,1007.6203445,7.408,237,13,29.0,64,0.0,981.7,2.9,270,0,26.3,78,0.0,982.4,6.3,283,34,28.1,78,0.0,981.4,1.3,214,16,,,,0
2026-09-08 02:00:00+00:00,26.5,81.2,0.0,1008.128303,9.26,240,9,29.8,60,0.0,982.6,4.3,270,0,27.1,78,0.0,983.0,6.9,261,18,29.1,73,0.0,981.9,2.5,262,14,,,,0
2026-09-08 03:00:00+00:00,27.5,76.575,0.0,1009.14422,12.038,255,9,31.2,54,0.0,983.2,7.2,273,0,28.0,76,0.0,983.6,8.3,252,7,30.3,67,0.0,982.4,4.7,274,11,,,,0
2026-09-08 04:00:00+00:00,29.5,68.19999999999999,0.0,1009.14422,14.816,255,8,32.9,47,0.0,983.6,9.4,274,0,29.2,72,0.0,984.0,9.2,259,8,31.6,61,0.0,982.9,6.9,279,8,,,,0
2026-09-08 05:00:00+00:00,30.5,68.395,0.0,1009.14422,18.52,252,3,34.4,41,0.0,983.2,12.2,284,0,30.6,66,0.0,984.2,10.1,272,14,32.8,55,0.0,983.3,8.8,279,6,,,,0
2026-09-08 06:00:00+00:00,31.5,64.61,0.0,1009.14422,12.038,271,21,35.5,38,0.0,982.8,14.7,295,0,31.7,62,0.0,984.1,11.0,281,18,33.6,51,0.0,983.2,10.0,283,6,,,,0
2026-09-08 07:00:00+00:00,32.5,61.065,0.6,1008.6362615,22.224,281,55,36.5,34,0.0,981.8,16.6,309,0,32.2,61,0.5,983.4,11.4,288,15,34.2,48,0.0,982.8,10.4,284,7,,,,0
2026-09-08 08:00:00+00:00,33.0,59.35,0.3,1007.6203445,20.372,293,7,37.3,30,0.0,980.7,16.7,323,0,32.3,61,0.5,982.6,11.6,296,8,34.6,45,0.0,982.0,10.6,288,10,,,,0
2026-09-08 09:00:00+00:00,34.0,56.13,0.0,1007.112386,11.112,301,7,37.8,28,0.0,979.6,16.6,330,0,32.3,62,0.5,981.7,11.5,302,4,34.9,44,0.0,981.2,10.4,290,13,,,,0
2026-09-08 10:00:00+00:00,34.0,56.13,0.0,1006.0964690000001,11.112,301,14,38.2,26,0.0,978.7,16.4,334,0,32.3,63,0.0,981.0,10.2,309,3,35.1,42,0.0,980.2,10.2,293,16,,,,0
2026-09-08 11:00:00+00:00,34.0,56.13,0.4,1005.5885105,11.112,291,34,38.0,26,0.0,978.4,16.4,341,0,32.1,63,0.0,980.4,8.7,318,4,35.1,41,0.0,979.4,9.5,295,20,,,,0
2026-09-08 12:00:00+00:00,34.0,56.13,0.0,1005.080552,17.594,345,4,36.3,31,0.0,979.3,14.8,334,6,31.8,65,0.0,980.1,7.0,325,5,35.0,41,0.0,979.0,9.2,296,23,,,,0
2026-09-08 13:00:00+00:00,33.5,57.74,0.0,1005.080552,12.964,347,3,35.4,34,0.0,979.8,11.6,330,0,31.1,68,0.0,980.1,5.4,323,4,34.7,41,0.0,979.0,8.7,294,26,,,,0
2026-09-08 14:00:00+00:00,32.0,62.78,0.0,1005.080552,10.186,270,5,34.6,37,0.0,980.3,8.8,325,0,30.3,72,0.0,980.5,3.8,311,2,34.1,43,0.0,979.4,7.8,292,30,,,,0
2026-09-08 15:00:00+00:00,31.5,66.655,0.0,1006.0964690000001,9.26,294,2,34.1,40,0.0,981.1,6.9,309,5,29.6,75,0.0,980.9,3.7,281,2,33.4,45,0.0,979.8,6.7,286,35,,,,0
2026-09-08 16:00:00+00:00,31.0,70.53,0.0,1006.6044275,6.482,262,2,33.9,40,0.0,981.5,7.9,267,5,29.2,76,0.0,981.2,5.8,263,4,32.6,47,0.0,980.3,5.8,277,38,,,,0
2026-09-08 17:00:00+00:00,31.0,70.53,0.0,1007.112386,6.482,232,2,33.6,39,0.0,981.5,10.4,256,5,29.0,75,0.0,981.7,8.5,258,6,31.9,48,0.0,980.8,5.4,270,40,,,,0
2026-09-08 18:00:00+00:00,30.0,74.68,0.0,1007.112386,6.482,240,7,32.9,40,0.0,981.1,9.8,294,4,28.6,75,0.0,981.9,10.4,256,8,31.4,50,0.0,981.0,5.4,266,40,,,,0
2026-09-08 19:00:00+00:00,29.5,76.89,0.0,1007.112386,6.482,261,5,32.0,42,0.0,981.1,8.4,320,7,28.1,76,0.0,981.6,9.7,255,9,30.9,51,0.0,981.1,5.8,266,37,,,,0
2026-09-08 20:00:00+00:00,29.0,79.1,0.0,1006.0964690000001,6.482,259,0,31.6,43,0.0,980.7,7.6,273,0,27.5,77,0.0,981.3,7.5,253,10,30.4,53,0.0,980.9,6.8,267,32,,,,0
2026-09-08 21:00:00+00:00,29.0,83.93,0.0,1006.0964690000001,6.482,249,2,31.3,43,0.0,980.4,9.4,268,0,27.1,77,0.0,981.0,6.7,254,9,30.0,54,0.0,980.7,7.9,270,25,,,,0
2026-09-08 22:00:00+00:00,29.0,83.93,0.0,1006.0964690000001,9.26,234,5,31.0,44,0.0,980.2,10.1,274,0,27.0,77,0.0,980.9,8.0,260,6,29.7,55,0.0,980.5,9.4,274,18,,,,0
2026-09-08 23:00:00+00:00,28.0,78.96,0.0,1006.0964690000001,12.964,250,23,30.8,44,0.0,980.3,10.1,274,0,27.2,76,0.0,981.0,10.5,266,2,29.6,56,0.0,980.5,10.5,276,12,,,,0
2026-09-09 00:00:00+00:00,27.5,78.88499999999999,0.0,1006.0964690000001,16.668,265,0,30.4,47,0.0,980.9,9.9,280,0,27.5,75,0.0,981.2,12.2,270,0,29.7,56,0.0,980.5,11.3,277,8,,,,0
2026-09-09 01:00:00+00:00,27.0,76.49000000000001,0.0,1007.112386,20.372,274,17,30.3,48,0.0,981.6,11.1,283,0,27.8,75,0.0,981.7,12.6,273,1,30.1,56,0.0,980.8,12.0,279,7,,,,0
2026-09-09 02:00:00+00:00,27.5,72.07,0.0,1007.6203445,17.594,278,11,30.9,46,0.0,982.3,14.6,280,0,28.2,75,0.0,982.3,12.3,275,4,30.8,54,0.0,981.3,12.4,280,8,,,,0
2026-09-09 03:00:00+00:00,28.5,68.0,0.0,1008.128303,17.594,277,9,32.1,42,0.0,982.8,17.1,285,0,28.9,73,0.0,982.9,12.1,280,7,31.7,53,0.0,981.9,12.9,283,9,,,,0
2026-09-09 04:00:00+00:00,29.5,64.185,0.0,1008.128303,20.372,279,8,33.4,38,0.0,983.1,17.5,289,0,30.1,68,0.0,983.4,12.8,286,10,32.7,51,0.0,982.5,13.4,284,12,,,,0
2026-09-09 05:00:00+00:00,31.5,57.260000000000005,0.0,1008.6362615,24.076,283,4,34.8,35,0.0,982.9,17.1,295,0,31.5,61,0.0,983.7,13.9,295,13,33.5,50,0.0,982.8,13.5,286,14,,,,0
2026-09-09 06:00:00+00:00,32.5,54.115,0.0,1008.6362615,24.076,297,13,36.2,32,0.0,982.4,16.5,302,0,32.7,55,0.0,983.7,14.7,298,14,34.2,48,0.0,982.9,13.6,287,15,,,,0
2026-09-09 07:00:00+00:00,33.5,51.165000000000006,0.0,1008.128303,18.52,299,8,37.3,30,0.0,981.5,16.4,310,0,33.3,52,0.0,983.0,14.3,298,11,34.7,46,0.0,982.5,13.3,289,15,,,,0
2026-09-09 08:00:00+00:00,34.0,48.265,0.0,1007.6203445,14.816,299,6,38.0,28,0.0,980.4,16.3,317,11,33.5,51,0.0,982.1,13.4,297,6,35.1,44,0.0,981.9,12.8,292,15,,,,0
2026-09-09 09:00:00+00:00,35.0,44.27,0.0,1006.6044275,16.668,295,1,38.6,26,0.0,979.3,15.6,322,0,33.6,51,0.0,981.2,12.4,296,2,35.5,41,0.0,981.0,11.9,295,15,,,,0
2026-09-09 10:00:00+00:00,35.0,44.27,0.0,1006.0964690000001,18.52,288,1,38.9,24,0.0,978.5,15.6,322,0,33.5,53,0.0,980.7,10.6,294,2,35.7,39,0.0,980.2,10.9,297,14,,,,0
2026-09-09 11:00:00+00:00,35.0,45.665000000000006,0.0,1005.5885105,16.668,285,1,38.8,24,0.0,978.2,15.5,316,0,33.1,56,0.0,980.3,8.9,291,4,35.8,38,0.0,979.5,10.0,300,15,,,,0
2026-09-09 12:00:00+00:00,34.5,48.400000000000006,0.0,1005.080552,15.742,286,5,37.4,27,0.0,979.0,15.6,310,0,32.6,60,0.0,980.2,7.2,288,5,35.6,38,0.0,979.2,8.9,302,16,,,,0
2026-09-09 13:00:00+00:00,33.5,51.165000000000006,0.0,1005.080552,12.038,281,4,36.6,28,0.0,979.5,12.5,303,0,31.6,65,0.0,980.5,5.8,277,4,35.2,40,0.0,979.3,7.3,303,19,,,,0
2026-09-09 14:00:00+00:00,32.5,54.115,0.0,1006.0964690000001,7.408,288,1,36.0,30,0.0,980.0,9.8,298,0,30.3,70,0.0,981.2,4.8,257,3,34.4,43,0.0,979.7,5.5,302,23,,,,0
2026-09-09 15:00:00+00:00,32.0,59.12,0.0,1006.6044275,4.63,245,2,35.2,33,0.0,980.9,7.4,331,0,29.3,74,0.0,981.7,4.8,243,2,33.4,47,0.0,980.2,3.5,294,28,,,,0
2026-09-09 16:00:00+00:00,32.0,59.12,0.0,1007.112386,4.63,232,1,34.3,37,0.0,981.5,4.0,27,0,28.9,76,0.0,982.0,4.7,247,1,32.4,51,0.0,980.8,1.8,270,33,,,,0
2026-09-09 17:00:00+00:00,31.0,64.5,0.0,1007.6203445,7.408,255,0,33.8,40,0.0,981.7,1.8,101,0,28.8,76,0.0,982.2,5.1,266,0,31.5,55,0.0,981.3,1.0,225,36,,,,0
2026-09-09 18:00:00+00:00,31.0,66.44,0.0,1007.112386,4.63,270,0,33.4,40,0.0,981.9,3.1,225,0,28.6,77,0.0,982.2,5.4,274,0,30.9,57,0.0,981.7,1.5,194,36,,,,0
2026-09-09 19:00:00+00:00,30.5,68.395,0.0,1007.112386,6.482,250,0,33.1,40,0.0,981.7,4.8,257,0,28.1,78,0.0,981.9,5.8,274,1,30.4,58,0.0,981.7,1.8,217,33,,,,0
2026-09-09 20:00:00+00:00,30.0,68.29499999999999,0.0,1007.112386,7.408,245,2,32.7,39,0.0,981.3,5.9,281,0,27.6,78,0.0,981.7,6.1,273,3,30.0,58,0.0,981.7,2.4,243,27,,,,0
2026-09-09 21:00:00+00:00,29.5,72.43,0.0,1007.112386,6.482,254,4,32.2,39,0.0,981.2,8.0,278,5,27.2,79,0.0,981.5,6.5,270,5,29.6,57,0.0,981.5,4.0,265,20,,,,0
2026-09-09 22:00:00+00:00,29.0,74.51,0.0,1007.112386,6.482,247,2,31.9,38,0.0,981.1,9.1,279,0,26.9,80,0.0,981.5,6.8,267,9,29.5,56,0.0,981.4,5.8,274,13,,,,0
2026-09-09 23:00:00+00:00,28.0,74.34,0.0,1007.112386,8.334,237,5,31.6,37,0.0,981.0,11.4,281,0,26.8,81,0.0,981.5,7.6,265,14,29.5,54,0.0,981.3,7.6,278,6,,,,0
2026-09-10 00:00:00+00:00,28.0,74.34,0.0,1007.112386,9.26,251,23,31.1,39,0.0,981.7,9.2,296,0,27.0,81,0.0,981.9,8.0,265,17,29.7,53,0.0,981.4,8.8,282,2,,,,0
2026-09-10 01:00:00+00:00,27.0,78.81,0.0,1007.6203445,10.186,250,22,30.7,40,0.0,982.2,9.0,307,0,27.6,79,0.0,982.5,8.6,268,17,30.2,52,0.0,981.7,9.7,285,0,,,,0
2026-09-10 02:00:00+00:00,27.5,72.07,0.0,1008.6362615,13.89,266,20,31.2,39,0.0,982.9,10.2,309,0,28.4,76,0.0,983.4,9.4,272,16,31.1,50,0.0,982.3,10.6,288,0,,,,0
2026-09-10 03:00:00+00:00,29.5,64.185,0.0,1009.14422,18.52,275,13,32.4,36,0.0,983.3,10.2,318,5,29.4,72,0.0,984.1,9.8,278,16,32.2,48,0.0,982.9,11.2,291,0,,,,0
2026-09-10 04:00:00+00:00,31.5,55.61,0.0,1009.14422,20.372,285,0,33.9,33,0.0,983.7,10.5,322,5,30.8,66,0.0,984.6,10.6,288,18,33.3,45,0.0,983.5,11.8,293,0,,,,0
2026-09-10 05:00:00+00:00,32.0,55.64,0.0,1010.160137,19.446,293,39,35.2,31,0.0,983.7,11.2,327,0,32.3,60,0.0,984.9,11.3,297,21,34.3,44,0.0,984.0,12.1,297,0,,,,0
2026-09-10 06:00:00+00:00,33.0,52.59,0.0,1010.160137,16.668,307,34,36.2,29,0.0,983.2,13.5,326,0,33.4,54,0.0,984.9,11.9,305,23,35.0,42,0.0,984.0,12.1,300,0,,,,0
2026-09-10 07:00:00+00:00,34.5,48.400000000000006,0.0,1009.14422,18.52,318,12,37.2,28,0.0,982.4,14.5,333,0,34.0,50,0.0,984.2,12.0,309,20,35.5,41,0.0,983.7,11.9,305,0,,,,0
2026-09-10 08:00:00+00:00,35.0,45.665000000000006,0.0,1009.14422,19.446,317,11,37.8,27,0.0,981.4,15.4,339,32,34.3,48,0.0,983.2,12.0,314,15,35.8,39,0.0,982.9,11.5,311,0,,,,0
2026-09-10 09:00:00+00:00,35.0,45.665000000000006,0.0,1007.6203445,11.112,316,18,38.1,26,0.0,980.4,15.5,347,6,34.3,47,0.0,982.3,11.5,316,15,36.0,38,0.0,982.1,10.9,316,0,,,,0
2026-09-10 10:00:00+00:00,35.5,45.8,0.0,1007.112386,14.816,317,7,38.2,26,0.0,979.8,14.9,353,0,34.0,49,0.0,981.6,10.9,316,27,36.0,37,0.0,981.2,10.3,324,0,,,,0
2026-09-10 11:00:00+00:00,35.5,45.8,0.0,1006.0964690000001,11.112,318,9,38.0,26,0.0,979.5,14.1,356,0,33.4,52,0.0,981.1,10.7,315,45,35.9,36,0.0,980.5,9.8,332,0,,,,0
2026-09-10 12:00:00+00:00,34.5,48.400000000000006,0.0,1006.0964690000001,17.594,316,41,36.7,29,0.0,980.2,13.1,352,0,32.7,56,0.0,980.9,9.7,315,54,35.7,37,0.0,980.1,9.0,337,0,,,,0
2026-09-10 13:00:00+00:00,33.5,52.81,0.0,1006.0964690000001,15.742,319,54,35.6,32,0.0,980.5,10.8,360,0,31.8,60,0.0,981.2,8.0,324,48,35.2,39,0.0,980.1,8.0,342,0,,,,0
2026-09-10 14:00:00+00:00,32.0,59.12,0.0,1006.6044275,12.038,346,35,34.9,33,0.0,981.0,7.6,357,0,30.7,64,0.0,981.9,6.0,343,33,34.4,41,0.0,980.5,6.4,344,0,,,,0
2026-09-10 15:00:00+00:00,32.0,62.78,0.0,1007.112386,9.26,10,22,34.6,33,0.0,981.8,5.2,344,0,29.8,68,0.0,982.6,5.4,4,21,33.6,45,0.0,981.1,4.5,346,0,,,,0
2026-09-10 16:00:00+00:00,31.0,66.44,0.0,1008.128303,9.26,33,12,34.3,34,0.0,982.3,1.8,360,0,29.5,70,0.0,982.9,4.8,13,14,32.6,48,0.0,981.7,2.5,352,0,,,,0
2026-09-10 17:00:00+00:00,31.0,66.44,0.0,1009.14422,6.482,22,3,33.8,35,0.0,982.4,1.8,79,0,29.4,72,0.0,983.1,4.1,15,9,31.8,51,0.0,982.2,1.1,18,0,,,,0
2026-09-10 18:00:00+00:00,30.0,70.35,0.0,1009.14422,3.704,48,3,32.8,42,0.0,982.7,5.9,104,5,29.1,74,0.0,983.3,3.5,24,6,31.1,54,0.0,982.6,1.1,90,0,,,,0
2026-09-10 19:00:00+00:00,30.0,70.35,0.0,1008.128303,3.704,20,5,32.0,47,0.0,982.7,6.8,108,5,28.3,78,0.0,983.2,3.3,49,4,30.6,56,0.0,982.7,1.9,112,3,,,,0
2026-09-10 20:00:00+00:00,29.5,72.43,0.0,1008.128303,3.704,72,12,31.3,51,0.0,982.7,6.6,131,5,27.3,82,0.0,983.0,4.0,80,3,30.2,59,0.0,982.7,3.1,111,7,,,,0
2026-09-10 21:00:00+00:00,29.0,74.51,0.0,1008.128303,3.704,95,5,30.9,54,0.0,982.5,7.7,143,100,26.7,85,0.0,983.0,4.3,90,5,29.9,61,0.0,982.6,3.9,112,11,,,,0
2026-09-10 22:00:00+00:00,29.0,79.1,0.0,1008.128303,2.778,120,16,30.6,55,0.0,982.5,6.9,141,75,26.8,85,0.0,983.0,2.9,90,10,29.6,63,0.0,982.4,4.6,108,16,,,,0
2026-09-10 23:00:00+00:00,29.0,79.1,0.0,1008.128303,2.778,138,16,30.5,55,0.0,982.4,3.8,163,73,27.4,83,0.0,983.0,1.0,45,18,29.4,64,0.0,982.5,5.2,106,20,,,,0
2026-09-11 00:00:00+00:00,29.0,79.1,0.0,1008.128303,0.0,333,21,30.1,60,0.0,982.9,6.5,90,100,27.9,82,0.0,983.3,1.6,333,22,29.4,65,0.0,982.6,5.5,101,24,,,,0
2026-09-11 01:00:00+00:00,29.0,79.1,0.0,1009.14422,2.778,342,8,29.9,62,0.0,983.3,3.4,108,100,28.5,84,0.0,983.7,2.2,360,17,29.5,65,0.1,983.0,5.8,94,27,,,,0
2026-09-11 02:00:00+00:00,29.0,79.1,0.0,1009.14422,7.408,32,12,30.1,61,0.0,984.0,3.6,180,100,29.1,86,0.0,984.5,3.2,27,9,29.8,64,0.1,983.5,5.8,83,30,,,,0
2026-09-11 03:00:00+00:00,29.5,79.16999999999999,0.0,1010.160137,3.704,54,17,30.6,59,0.0,984.7,4.0,85,100,29.7,86,0.0,985.0,4.8,48,9,30.3,63,0.1,984.2,5.7,72,32,,,,0
2026-09-11 04:00:00+00:00,30.5,74.88499999999999,0.0,1010.160137,7.408,75,13,32.8,50,0.0,985.1,5.4,53,85,30.2,81,0.8,985.5,7.0,69,29,30.7,62,0.1,984.8,6.1,62,34,,,,0
2026-09-11 05:00:00+00:00,31.0,72.685,3.7,1010.8374150000001,7.408,77,66,34.4,44,0.0,985.3,6.5,56,54,30.7,74,0.8,986.0,9.4,83,57,31.0,62,0.1,985.2,6.7,54,36,,,,0
2026-09-11 06:00:00+00:00,32.0,70.72,0.7,1010.8374150000001,10.186,95,77,35.1,43,0.0,984.6,9.4,72,61,30.8,71,0.8,986.1,11.2,90,76,31.1,62,0.1,985.4,6.9,51,38,,,,0
2026-09-11 07:00:00+00:00,32.0,66.65,0.8,1010.160137,9.26,75,42,36.1,39,0.0,983.8,10.7,78,13,30.1,74,1.4,985.6,10.4,92,73,30.9,64,0.2,985.2,7.0,55,39,,,,0
2026-09-11 08:00:00+00:00,33.0,63.01,1.2,1008.6362615,12.964,86,80,36.5,39,0.0,982.9,13.3,87,82,29.1,81,1.4,984.7,8.3,92,61,30.6,67,0.2,984.8,6.9,62,39,,,,0
2026-09-11 09:00:00+00:00,29.5,75.17500000000001,1.4,1009.1442199999999,12.038,102,35,36.0,42,0.0,982.1,16.6,95,100,28.3,86,1.4,983.9,6.8,93,55,30.1,70,0.2,984.2,7.2,72,39,,,,0
2026-09-11 10:00:00+00:00,26.5,88.82,0.2,1008.6362615,7.408,86,45,35.9,43,0.0,981.5,15.8,90,100,27.9,88,0.1,983.6,7.2,93,65,29.7,73,0.2,983.6,7.3,81,39,,,,0
2026-09-11 11:00:00+00:00,26.5,91.55,0.1,1008.6362615,4.63,86,43,35.6,43,0.0,981.1,15.9,87,100,27.8,88,0.1,983.6,7.9,93,82,29.2,76,0.2,983.1,7.6,90,40,,,,0
2026-09-11 12:00:00+00:00,27.0,88.86,0.0,1009.14422,5.556,94,91,34.0,48,0.0,982.3,17.3,94,100,27.7,89,0.1,983.7,8.6,90,94,28.9,78,0.2,982.9,7.9,93,43,,,,0
2026-09-11 13:00:00+00:00,27.0,88.86,0.5,1009.14422,5.556,86,52,32.2,55,0.0,982.9,16.6,94,100,27.3,91,0.1,984.0,8.3,88,95,28.7,79,0.0,983.0,7.9,93,48,,,,0
2026-09-11 14:00:00+00:00,27.0,88.86,0.1,1009.14422,3.704,94,36,31.4,58,0.0,983.5,12.7,97,100,26.9,93,0.1,984.6,7.2,84,90,28.5,79,0.0,983.2,7.9,90,55,,,,0
2026-09-11 15:00:00+00:00,27.0,91.575,0.0,1009.14422,0.0,80,79,31.0,60,0.0,984.1,11.9,93,100,26.7,95,0.1,985.0,6.9,81,88,28.3,79,0.0,983.6,7.9,87,63,,,,0
2026-09-11 16:00:00+00:00,27.0,94.29,0.0,1010.160137,0.0,80,87,30.7,63,0.0,984.5,12.2,90,100,26.8,95,0.0,985.2,7.3,81,91,28.2,78,0.0,984.1,8.0,85,70,,,,0
2026-09-11 17:00:00+00:00,27.0,88.86,0.0,1010.160137,7.408,79,92,30.2,66,0.0,984.3,11.5,90,100,27.1,95,0.0,985.2,8.0,82,95,28.1,77,0.0,984.5,8.0,82,77,,,,0
2026-09-11 18:00:00+00:00,27.0,88.86,0.0,1010.160137,9.26,90,100,30.0,66,0.0,984.3,10.9,96,100,27.2,94,0.0,985.1,8.7,85,99,28.0,77,0.0,984.7,8.0,80,82,,,,0
2026-09-11 19:00:00+00:00,27.0,88.86,0.0,1010.160137,9.26,98,100,30.0,66,0.0,984.1,10.7,104,100,27.1,93,0.0,985.1,8.6,90,100,27.9,77,0.0,984.6,8.0,80,85,,,,0
2026-09-11 20:00:00+00:00,27.0,88.86,0.0,1010.160137,12.038,97,100,29.8,66,0.0,983.9,10.9,99,100,26.9,93,0.0,985.1,8.7,97,100,27.7,77,0.0,984.5,8.4,83,88,,,,0
2026-09-11 21:00:00+00:00,27.0,88.86,0.0,1010.160137,10.186,97,100,29.6,67,0.0,983.6,11.3,99,100,26.8,92,0.0,985.1,8.4,100,100,27.5,76,0.0,984.4,8.3,85,90,,,,0
2026-09-11 22:00:00+00:00,27.0,88.86,0.0,1010.160137,7.408,86,98,29.4,68,0.0,983.5,10.9,98,100,26.8,92,0.8,985.1,8.3,95,100,27.4,76,0.0,984.2,8.7,85,90,,,,0
2026-09-11 23:00:00+00:00,27.0,88.86,1.2,1010.160137,6.482,137,99,29.3,68,0.0,983.6,11.3,99,100,26.9,92,0.8,985.1,8.4,83,100,27.4,76,0.0,984.1,9.0,88,90,,,,0
2026-09-12 00:00:00+00:00,27.0,88.86,1.1,1010.160137,2.778,76,99,29.2,68,0.0,984.5,10.8,94,95,27.1,91,0.8,985.2,8.2,75,100,27.5,75,0.0,984.1,9.0,88,87,,,,0
2026-09-12 01:00:00+00:00,27.0,88.86,0.3,1010.498776,6.482,57,69,29.1,67,0.0,985.1,11.1,103,85,27.6,89,0.0,985.6,7.8,68,79,27.8,74,0.0,984.4,9.0,85,82,,,,0
2026-09-12 02:00:00+00:00,27.5,86.34,0.2,1010.8374150000001,10.186,44,48,29.6,64,0.0,986.0,12.8,106,95,28.3,87,0.0,986.0,6.9,62,50,28.4,73,0.0,984.7,9.4,83,75,,,,0
2026-09-12 03:00:00+00:00,28.5,81.46,0.0,1010.8374150000001,13.89,49,83,30.6,58,0.0,986.5,16.8,113,91,28.9,84,0.0,986.5,6.2,54,35,29.0,72,0.0,985.0,9.5,81,66,,,,0
2026-09-12 04:00:00+00:00,30.0,74.815,0.0,1011.853332,13.89,37,70,31.5,52,0.0,986.6,18.4,113,77,29.3,81,0.6,986.7,5.1,51,48,29.6,71,0.0,985.4,10.0,77,57,,,,0
2026-09-12 05:00:00+00:00,31.0,70.53,0.0,1011.853332,14.816,80,57,32.8,48,0.0,986.4,18.1,97,25,29.6,77,0.6,986.7,3.8,49,74,30.1,70,0.0,985.6,10.0,75,48,,,,0
2026-09-12 06:00:00+00:00,32.0,64.715,3.5,1010.8374150000001,16.668,5,88,33.8,46,0.0,985.9,18.2,98,27,29.8,75,0.6,986.6,3.3,49,94,30.5,69,0.0,985.6,10.0,75,41,,,,0
2026-09-12 07:00:00+00:00,33.0,63.01,0.3,1010.8374150000001,17.594,64,90,34.2,45,0.0,985.2,17.7,107,27,30.1,74,0.5,986.0,4.3,66,100,30.7,68,0.4,985.3,10.0,75,35,,,,0
2026-09-12 08:00:00+00:00,33.5,57.74,0.9,1010.160137,18.52,94,92,32.9,49,0.0,984.6,16.6,108,78,30.4,74,0.5,985.1,6.7,74,100,30.9,68,0.4,984.7,9.6,77,31,,,,0
2026-09-12 09:00:00+00:00,34.0,57.86,0.1,1009.14422,16.668,76,98,31.7,54,0.0,983.6,13.1,106,100,30.6,74,0.5,984.4,8.2,75,98,30.9,67,0.4,983.9,9.2,79,26,,,,0
2026-09-12 10:00:00+00:00,31.0,66.93,0.0,1008.128303,18.52,77,98,33.3,50,0.0,982.7,11.3,97,95,30.5,75,0.1,983.7,8.1,69,91,30.9,67,0.4,983.2,9.1,81,23,,,,0
2026-09-12 11:00:00+00:00,29.0,74.51,0.0,1008.128303,5.556,84,91,33.6,50,0.0,982.3,10.8,88,100,30.3,78,0.1,983.2,7.5,55,80,30.9,67,0.4,982.6,8.7,85,19,,,,0
2026-09-12 12:00:00+00:00,30.5,74.76,0.0,1008.128303,8.334,59,66,33.5,51,0.0,982.3,10.0,69,74,30.0,80,0.1,983.0,6.9,47,73,30.8,67,0.4,982.4,8.3,88,16,,,,0
2026-09-12 13:00:00+00:00,30.5,77.03999999999999,0.0,1008.128303,8.334,44,59,32.5,56,0.0,982.8,13.7,55,28,29.5,83,0.0,983.3,6.4,52,71,30.6,68,0.0,982.6,7.9,93,12,,,,0
2026-09-12 14:00:00+00:00,30.0,79.24,0.0,1009.14422,7.408,69,72,31.4,61,0.0,983.6,12.5,51,33,28.9,86,0.0,984.1,6.1,62,73,30.3,69,0.0,983.1,7.6,98,8,,,,0
2026-09-12 15:00:00+00:00,30.0,76.96000000000001,0.0,1009.6521785,8.334,82,93,31.2,62,0.0,984.4,10.7,57,100,28.6,88,0.0,984.8,5.9,76,77,30.0,71,0.0,983.6,7.4,104,4,,,,0
2026-09-12 16:00:00+00:00,29.5,76.89,0.0,1010.160137,9.26,85,100,31.0,63,0.0,985.1,10.3,65,68,28.6,88,0.0,985.3,6.1,90,85,29.6,73,0.0,984.3,7.6,109,1,,,,0
2026-09-12 17:00:00+00:00,29.0,79.1,0.0,1010.8374150000001,10.186,73,100,30.5,65,0.0,985.2,9.8,73,20,28.8,86,0.0,985.7,7.1,105,94,29.2,75,0.0,984.9,7.6,115,1,,,,0
2026-09-12 18:00:00+00:00,29.0,79.1,0.0,1010.8374150000001,7.408,110,100,30.1,66,0.0,985.4,8.7,85,43,28.8,85,0.0,985.9,7.6,109,100,28.9,76,0.0,985.2,7.6,115,3,,,,0
2026-09-12 19:00:00+00:00,29.0,79.1,0.0,1010.8374150000001,6.482,98,100,30.2,65,0.0,985.1,8.8,99,31,28.5,86,0.0,985.8,7.3,101,98,28.6,77,0.0,985.3,7.4,113,10,,,,0
2026-09-12 20:00:00+00:00,29.0,79.1,0.0,1010.8374150000001,9.26,82,100,30.0,66,0.0,984.8,9.3,103,19,27.9,88,0.0,985.5,6.8,87,92,28.3,78,0.0,985.2,7.5,107,21,,,,0
2026-09-12 21:00:00+00:00,29.0,79.1,0.0,1010.160137,7.408,87,99,29.7,66,0.0,984.5,10.0,103,12,27.5,89,0.0,985.3,7.0,78,88,28.0,79,0.0,984.9,7.6,98,33,,,,0
2026-09-12 22:00:00+00:00,28.5,81.46,0.0,1010.160137,7.408,86,89,29.4,67,0.0,984.4,10.7,104,51,27.3,89,0.0,985.2,7.7,79,88,27.7,80,0.0,984.7,7.9,90,46,,,,0
2026-09-12 23:00:00+00:00,28.0,83.82,0.0,1010.160137,11.112,84,89,29.1,68,0.0,984.5,10.7,102,70,27.3,89,0.0,985.1,8.4,83,89,27.6,80,0.0,984.6,8.4,83,57,,,,0
2026-09-13 00:00:00+00:00,28.0,83.82,0.0,1010.160137,8.334,95,83,28.9,68,0.0,985.0,9.7,94,17,27.4,88,0.0,985.2,9.0,88,89,27.6,80,0.0,984.6,8.8,78,64,,,,0
2026-09-13 01:00:00+00:00,27.0,88.86,0.0,1010.498776,8.334,98,79,28.8,69,0.0,985.4,9.7,92,17,27.8,87,0.0,985.6,9.7,94,90,27.9,79,0.0,984.8,9.3,77,66,,,,0
2026-09-13 02:00:00+00:00,28.5,81.46,0.0,1011.3453735,10.186,100,83,29.1,68,0.1,986.1,12.2,92,31,28.3,84,0.0,986.3,10.6,100,90,28.3,77,0.0,985.2,9.6,77,66,,,,0
2026-09-13 03:00:00+00:00,29.5,76.89,0.0,1011.853332,17.594,99,84,30.3,64,0.0,986.5,15.5,102,52,29.0,81,0.0,986.8,11.1,103,85,28.9,75,0.0,985.6,9.5,79,63,,,,0
2026-09-13 04:00:00+00:00,30.5,72.605,0.0,1011.853332,15.742,100,85,31.5,58,0.0,986.9,14.1,109,15,30.0,75,0.0,987.0,11.2,105,70,29.5,72,0.0,986.0,9.9,80,59,,,,0
2026-09-13 05:00:00+00:00,31.5,66.545,0.0,1011.853332,20.372,102,44,32.9,52,0.0,986.9,13.9,111,16,31.1,68,0.0,987.0,11.2,105,49,30.0,70,0.0,986.3,9.9,80,55,,,,0
2026-09-13 06:00:00+00:00,32.0,64.715,0.0,1011.853332,17.594,101,38,34.2,47,0.0,986.2,14.0,113,20,32.0,62,0.0,986.7,11.2,105,34,30.3,69,0.0,986.3,9.9,80,52,,,,0
2026-09-13 07:00:00+00:00,33.0,59.35,0.1,1010.8374150000001,15.742,94,45,35.2,44,0.0,985.1,14.1,105,92,32.4,60,0.2,986.1,11.1,103,30,30.5,68,0.1,985.9,9.6,77,49,,,,0
2026-09-13 08:00:00+00:00,33.0,59.35,0.1,1010.498776,15.742,93,56,36.0,42,0.0,984.0,16.1,100,54,32.6,60,0.2,985.2,11.4,101,32,30.7,68,0.1,985.4,9.1,72,46,,,,0
2026-09-13 09:00:00+00:00,33.5,56.1,0.2,1010.160137,12.964,93,47,35.3,44,0.0,983.4,18.9,108,100,32.5,60,0.2,984.5,10.9,98,36,30.8,68,0.1,984.6,8.9,63,42,,,,0
2026-09-13 10:00:00+00:00,34.0,51.295,0.1,1009.14422,15.742,88,45,34.5,47,0.0,982.8,17.7,107,100,32.4,61,0.0,984.1,10.1,94,42,30.8,68,0.1,983.8,8.6,57,39,,,,0
2026-09-13 11:00:00+00:00,33.5,54.365,0.1,1009.14422,12.964,70,59,34.1,47,0.0,982.6,15.2,94,94,32.1,62,0.0,983.9,9.4,88,50,30.7,68,0.1,983.2,8.7,52,35,,,,0
2026-09-13 12:00:00+00:00,33.0,59.35,0.0,1009.14422,11.112,84,37,34.1,46,0.0,983.1,13.4,85,95,31.6,65,0.0,984.0,8.4,83,52,30.6,69,0.1,983.0,8.4,50,31,,,,0
2026-09-13 13:00:00+00:00,32.5,61.065,0.0,1009.14422,13.89,59,31,33.3,49,0.0,983.7,13.8,81,53,30.7,70,0.0,984.4,7.5,73,40,30.3,70,0.1,983.2,8.2,52,26,,,,0
2026-09-13 14:00:00+00:00,31.0,66.44,0.0,1009.14422,11.112,55,3,32.6,53,0.0,984.3,13.6,79,57,29.5,76,0.0,985.1,7.1,66,23,29.9,72,0.1,983.7,8.2,61,21,,,,0
2026-09-13 15:00:00+00:00,30.0,74.68,0.0,1010.160137,16.668,63,2,32.1,55,0.0,985.4,13.7,87,51,28.7,81,0.0,985.7,6.9,62,11,29.4,75,0.1,984.5,8.1,69,15,,,,0
2026-09-13 16:00:00+00:00,29.0,79.1,0.0,1010.8374150000001,12.964,73,9,31.8,58,0.0,986.0,13.9,100,100,28.5,82,0.0,986.3,7.6,71,13,28.9,77,0.1,985.2,8.5,78,10,,,,0
2026-09-13 17:00:00+00:00,29.0,79.1,0.0,1011.853332,13.89,83,2,31.2,60,0.0,986.1,14.2,106,100,28.6,82,0.0,986.7,9.1,81,22,28.4,79,0.1,985.9,9.1,83,6,,,,0
2026-09-13 18:00:00+00:00,29.0,76.805,0.0,1011.853332,13.89,88,23,30.5,63,0.0,985.8,13.4,104,100,28.5,82,0.0,986.9,10.4,88,26,28.0,81,0.1,986.2,9.4,88,4,,,,0
2026-09-13 19:00:00+00:00,29.0,76.805,0.0,1011.853332,12.964,89,7,29.8,66,0.4,985.5,13.2,107,33,28.1,84,0.0,986.8,10.4,90,19,27.6,83,0.0,986.3,9.7,88,4,,,,0
2026-09-13 20:00:00+00:00,29.0,79.1,0.0,1010.8374150000001,12.964,92,2,29.3,69,0.3,985.0,13.3,109,62,27.5,87,0.0,986.4,10.1,92,8,27.2,84,0.0,986.2,9.7,88,7,,,,0
2026-09-13 21:00:00+00:00,28.0,78.96,0.0,1010.8374150000001,14.816,97,2,28.7,72,0.0,984.7,13.8,110,8,27.0,90,0.0,986.0,9.7,94,2,26.8,86,0.0,985.9,9.7,86,11,,,,0
2026-09-13 22:00:00+00:00,28.0,81.38999999999999,0.0,1010.8374150000001,12.964,95,1,28.4,74,0.0,984.7,14.0,113,8,26.6,92,0.1,985.9,9.4,94,7,26.5,87,0.0,985.6,9.8,84,15,,,,0
2026-09-13 23:00:00+00:00,28.0,83.82,0.1,1010.498776,14.816,88,45,28.2,74,0.0,984.9,14.2,111,34,26.4,94,0.1,985.9,9.0,95,16,26.4,87,0.0,985.5,10.2,82,19,,,,0
2026-09-14 00:00:00+00:00,27.0,88.86,0.5,1010.8374150000001,11.112,98,19,28.3,73,0.0,985.5,14.5,104,12,26.5,94,0.1,986.0,9.0,95,23,26.6,86,0.0,985.4,10.2,82,22,,,,0
2026-09-14 01:00:00+00:00,27.0,88.86,0.0,1010.8374150000001,12.038,104,9,28.1,73,0.0,986.1,14.0,102,15,26.9,93,0.1,986.4,9.8,98,22,27.1,84,0.0,985.7,10.5,84,25,,,,0
2026-09-14 02:00:00+00:00,27.5,86.34,0.0,1011.853332,17.594,95,17,28.7,70,0.0,987.0,14.8,104,10,27.5,90,0.1,987.1,10.7,102,18,27.9,80,0.0,986.0,10.4,88,28,,,,0
2026-09-14 03:00:00+00:00,28.5,81.46,0.1,1011.853332,15.742,103,16,29.9,65,0.0,987.4,15.8,107,0,28.2,86,0.1,987.6,11.4,103,17,28.9,75,0.0,986.4,10.8,92,31,,,,0
2026-09-14 04:00:00+00:00,30.0,74.68,0.1,1012.8692490000001,17.594,112,13,31.1,60,0.0,987.5,16.3,112,0,28.9,81,0.1,988.0,11.0,101,24,30.0,70,0.0,986.8,10.9,96,33,,,,0
2026-09-14 05:00:00+00:00,31.0,70.53,0.2,1012.8692490000001,18.52,113,25,32.5,54,0.0,987.3,16.1,110,0,29.7,75,0.1,988.1,10.5,96,35,30.9,66,0.0,987.0,11.3,99,35,,,,0
2026-09-14 06:00:00+00:00,32.0,62.78,0.1,1012.8692490000001,15.742,93,27,33.5,50,0.0,986.6,15.9,108,33,30.4,70,0.1,987.9,10.1,92,41,31.5,63,0.0,987.0,11.4,101,35,,,,0
2026-09-14 07:00:00+00:00,33.0,59.35,0.2,1011.853332,17.594,99,34,34.4,46,0.0,985.4,16.0,104,56,31.0,67,0.1,987.0,10.4,90,36,31.8,61,0.0,986.6,11.4,101,34,,,,0
2026-09-14 08:00:00+00:00,33.0,59.35,0.2,1010.8374150000001,16.668,92,31,35.0,44,0.0,984.4,15.7,101,49,31.4,64,0.1,985.8,10.8,90,26,31.9,60,0.0,985.8,11.4,101,31,,,,0
2026-09-14 09:00:00+00:00,33.0,59.35,0.2,1010.160137,18.52,92,17,34.9,43,0.0,983.5,15.8,102,53,31.7,63,0.1,984.8,10.8,90,20,31.8,60,0.0,985.0,11.3,99,28,,,,0
2026-09-14 10:00:00+00:00,33.0,59.35,1.1,1009.14422,16.668,91,65,33.6,47,0.0,982.9,15.1,108,100,31.6,63,0.3,984.1,9.7,88,22,31.7,60,0.0,984.1,10.9,98,25,,,,0
2026-09-14 11:00:00+00:00,33.0,59.35,0.4,1008.6362615,17.594,87,16,33.1,49,0.0,982.8,13.2,101,100,31.4,64,0.3,983.7,8.7,83,28,31.5,61,0.0,983.4,10.9,96,22,,,,0
2026-09-14 12:00:00+00:00,32.5,61.065,0.1,1008.128303,14.816,95,21,32.9,51,0.0,982.9,13.1,99,100,31.0,66,0.3,983.5,7.6,82,30,31.3,61,0.0,983.1,10.5,96,20,,,,0
2026-09-14 13:00:00+00:00,31.0,68.485,0.0,1009.14422,12.964,90,14,32.4,53,0.0,983.2,13.4,104,100,30.5,69,0.0,984.1,7.6,87,25,31.1,62,0.0,983.1,10.1,96,19,,,,0
2026-09-14 14:00:00+00:00,31.0,70.53,0.0,1009.6521785,14.816,90,10,31.8,55,0.0,984.0,14.0,102,79,29.9,73,0.0,985.0,7.9,93,17,30.8,62,0.0,983.6,9.8,96,20,,,,0
2026-09-14 15:00:00+00:00,30.0,74.68,0.0,1010.498776,11.112,94,6,31.2,58,0.0,984.9,13.7,104,15,29.2,76,0.0,985.7,8.3,95,11,30.5,64,0.0,984.2,9.1,97,21,,,,0
2026-09-14 16:00:00+00:00,30.0,74.68,0.0,1010.8374150000001,12.038,95,5,30.8,61,0.0,985.6,13.0,109,40,28.7,79,0.2,986.0,8.3,88,8,30.1,65,0.0,984.8,8.7,97,22,,,,0
2026-09-14 17:00:00+00:00,30.0,74.68,0.2,1010.8374150000001,10.186,78,27,30.3,63,0.0,985.9,12.6,110,48,28.1,82,0.2,986.1,8.3,72,8,29.7,66,0.0,985.3,8.0,100,22,,,,0
2026-09-14 18:00:00+00:00,29.5,76.89,0.2,1010.8374150000001,11.112,71,4,30.0,63,0.0,985.9,10.7,102,55,27.6,84,0.2,986.1,8.7,66,7,29.3,68,0.0,985.6,7.7,101,22,,,,0
2026-09-14 19:00:00+00:00,29.0,79.1,0.0,1010.8374150000001,12.038,75,2,29.6,65,0.2,985.7,9.5,101,11,27.1,86,0.0,986.0,8.6,68,6,28.9,70,0.0,985.7,7.3,101,21,,,,0
2026-09-14 20:00:00+00:00,28.5,81.46,0.0,1010.8374150000001,11.112,78,7,29.3,66,0.0,985.0,9.8,96,5,26.6,89,0.0,985.7,8.7,73,6,28.4,73,0.0,985.6,7.4,104,19,,,,0
2026-09-14 21:00:00+00:00,28.0,83.82,0.0,1010.160137,10.186,83,5,28.8,68,0.0,984.5,10.1,94,10,26.2,90,0.0,985.6,8.4,80,5,27.9,76,0.0,985.4,7.2,108,16,,,,0
2026-09-14 22:00:00+00:00,28.0,83.82,0.0,1010.160137,11.112,94,3,28.4,70,0.0,984.3,10.1,92,100,26.0,91,0.0,985.6,7.6,87,4,27.4,78,0.0,985.2,7.3,110,14,,,,0
2026-09-14 23:00:00+00:00,27.0,88.86,0.0,1010.160137,9.26,103,4,28.2,71,0.0,984.4,9.4,92,100,25.9,91,0.0,985.8,6.8,93,4,27.2,80,0.0,985.0,7.0,111,13,,,,0
2026-09-15 00:00:00+00:00,27.0,88.86,0.0,1010.8374150000001,12.038,101,3,27.7,74,0.0,985.1,8.1,103,100,26.1,90,0.0,986.0,6.2,100,3,27.2,80,0.0,985.0,7.0,111,13,,,,0
2026-09-15 01:00:00+00:00,27.0,88.86,0.0,1010.8374150000001,8.334,83,2,27.6,74,0.0,985.7,7.9,106,100,26.8,87,0.0,986.4,5.8,97,2,27.6,79,0.1,985.1,6.8,108,15,,,,0
2026-09-15 02:00:00+00:00,27.5,86.34,0.0,1011.853332,9.26,69,2,28.2,70,0.0,986.3,8.4,110,37,27.8,83,0.0,986.9,5.8,94,1,28.2,76,0.1,985.5,6.5,109,18,,,,0
2026-09-15 03:00:00+00:00,29.0,79.1,0.0,1011.853332,6.482,92,2,29.4,64,0.0,987.0,9.5,119,100,28.6,79,0.0,987.2,5.8,94,2,29.1,73,0.1,985.8,6.3,103,22,,,,0
2026-09-15 04:00:00+00:00,30.0,74.68,0.0,1011.853332,11.112,96,5,30.9,57,0.0,986.9,9.4,122,5,29.2,74,0.1,987.3,6.4,106,8,30.0,69,0.1,986.1,5.9,101,26,,,,0
2026-09-15 05:00:00+00:00,31.0,70.53,0.1,1011.853332,10.186,110,9,32.4,52,0.0,986.6,9.5,127,6,29.7,69,0.1,987.1,7.8,124,15,30.8,66,0.1,986.2,5.8,97,30,,,,0
2026-09-15 06:00:00+00:00,31.5,66.655,0.1,1011.3453735,12.964,123,20,33.6,48,0.0,985.9,10.0,128,22,30.2,65,0.1,986.7,8.4,130,20,31.4,63,0.1,986.2,5.4,94,33,,,,0
2026-09-15 07:00:00+00:00,32.5,61.065,0.6,1010.8374150000001,15.742,99,64,34.6,45,0.0,984.8,10.1,125,55,30.8,63,0.4,986.0,7.7,127,19,31.8,61,0.0,985.7,5.0,90,36,,,,0
2026-09-15 08:00:00+00:00,33.0,59.35,0.0,1010.160137,15.742,92,25,34.5,44,0.2,983.6,8.9,117,92,31.4,63,0.4,984.9,6.3,121,15,32.1,59,0.0,985.1,4.3,85,39,,,,0
2026-09-15 09:00:00+00:00,33.0,57.615,0.0,1009.14422,12.038,114,5,34.2,44,0.0,982.6,4.5,76,100,31.9,62,0.4,984.1,4.7,113,13,32.4,57,0.0,984.2,3.6,84,42,,,,0
2026-09-15 10:00:00+00:00,33.0,57.615,0.0,1008.128303,9.26,135,9,33.6,46,0.1,981.9,4.7,23,100,32.1,60,0.0,983.5,2.7,113,15,32.5,56,0.0,983.3,3.0,76,44,,,,0
2026-09-15 11:00:00+00:00,33.0,59.35,0.0,1008.128303,8.334,131,8,33.4,47,0.0,981.8,6.1,50,100,32.1,58,0.0,983.1,1.0,135,19,32.5,55,0.0,982.8,2.6,74,45,,,,0
2026-09-15 12:00:00+00:00,33.0,61.18,0.0,1008.128303,7.408,227,13,33.4,47,0.0,982.3,7.4,67,100,31.9,58,0.0,983.1,0.5,225,21,32.4,55,0.0,982.4,2.3,72,44,,,,0
2026-09-15 13:00:00+00:00,32.0,62.78,0.1,1008.6362615,7.408,265,18,33.0,49,0.0,982.7,8.9,76,100,31.4,60,0.0,983.7,0.4,90,17,32.2,56,0.1,982.3,2.2,81,41,,,,0
2026-09-15 14:00:00+00:00,32.0,62.78,0.6,1009.14422,6.482,8,44,32.4,52,0.0,983.2,9.3,77,100,30.8,64,0.0,984.5,2.2,81,11,31.8,57,0.1,982.7,2.2,90,36,,,,0
2026-09-15 15:00:00+00:00,31.0,66.44,0.1,1009.14422,7.408,58,3,32.1,54,0.0,984.1,8.7,85,100,30.3,68,0.0,985.0,3.6,90,6,31.3,59,0.1,983.2,2.6,106,30,,,,0
2026-09-15 16:00:00+00:00,31.0,66.44,0.0,1010.160137,7.408,99,2,31.8,55,0.0,984.8,8.8,109,49,30.0,71,0.0,985.1,4.2,110,3,30.7,61,0.1,983.7,3.2,117,24,,,,0
2026-09-15 17:00:00+00:00,30.5,66.34,0.0,1010.160137,9.26,108,2,31.4,56,0.0,984.5,9.5,119,6,29.9,73,0.0,984.9,4.8,132,2,30.2,63,0.1,984.1,3.6,127,18,,,,0
2026-09-15 18:00:00+00:00,30.0,74.68,0.0,1009.14422,7.408,157,1,30.9,58,0.0,984.4,8.8,125,10,29.6,75,0.0,984.7,5.7,145,1,29.7,65,0.1,984.4,3.8,131,14,,,,0
2026-09-15 19:00:00+00:00,29.5,72.43,0.0,1009.14422,9.26,159,5,30.5,59,0.0,984.1,7.7,131,5,29.1,78,0.0,984.5,5.2,155,2,29.3,66,0.0,984.5,3.8,139,12,,,,0
2026-09-15 20:00:00+00:00,29.0,74.51,0.0,1009.14422,6.482,176,9,30.2,60,0.0,983.8,6.9,133,5,28.4,81,0.0,984.4,3.7,169,3,28.8,68,0.0,984.5,4.0,153,10,,,,0
2026-09-15 21:00:00+00:00,29.0,74.51,0.0,1009.14422,3.704,194,4,30.0,61,0.0,983.5,6.1,135,0,28.0,83,0.0,984.4,2.9,187,4,28.3,69,0.0,984.4,4.1,165,9,,,,0
2026-09-15 22:00:00+00:00,28.0,78.96,0.0,1009.14422,3.704,187,11,29.8,62,0.0,983.4,5.7,145,0,27.7,85,0.0,984.3,2.7,203,4,27.9,70,0.0,984.4,4.3,180,9,,,,0
2026-09-15 23:00:00+00:00,28.0,78.96,0.0,1009.14422,3.704,217,14,29.7,62,0.0,983.6,5.0,159,0,27.7,86,0.0,984.4,2.6,214,4,27.8,70,0.0,984.3,4.4,189,8,,,,0
2026-09-16 00:00:00+00:00,28.0,78.96,0.0,1010.160137,5.556,212,0,29.6,63,0.0,984.2,4.7,203,0,27.9,86,0.0,984.7,2.5,225,4,27.9,70,0.0,984.4,4.6,198,8,,,,0
2026-09-16 01:00:00+00:00,28.0,78.96,0.0,1010.160137,7.408,215,4,29.6,64,0.0,985.0,5.6,230,0,28.5,83,0.0,985.2,2.9,240,5,28.4,68,0.0,984.6,4.3,204,8,,,,0
2026-09-16 02:00:00+00:00,29.0,79.1,0.0,1010.8374150000001,9.26,238,2,30.2,61,0.0,985.5,7.1,240,0,29.4,79,0.0,985.7,3.0,256,7,29.2,66,0.0,984.8,3.8,221,9,,,,0
2026-09-16 03:00:00+00:00,29.5,76.89,0.0,1010.8374150000001,12.038,254,2,31.5,56,0.0,985.9,7.4,247,0,30.4,73,0.0,986.2,3.6,264,9,30.2,63,0.0,985.2,3.6,233,9,,,,0
2026-09-16 04:00:00+00:00,30.5,72.605,0.0,1011.3453735,12.038,278,4,33.1,49,0.0,985.9,8.0,260,0,31.8,65,0.0,986.4,4.0,270,12,31.3,60,0.0,985.5,3.4,252,10,,,,0
2026-09-16 05:00:00+00:00,32.0,66.65,0.0,1010.8374150000001,10.186,282,12,34.6,44,0.0,985.7,7.9,254,0,33.3,57,0.0,986.3,4.3,275,15,32.2,57,0.0,985.7,3.6,270,10,,,,0
2026-09-16 06:00:00+00:00,33.5,59.57,0.1,1010.8374150000001,12.038,273,9,35.9,39,0.0,984.9,7.3,259,0,34.4,50,0.0,986.0,4.7,279,17,33.0,54,0.0,985.5,3.7,281,10,,,,0
2026-09-16 07:00:00+00:00,34.0,56.13,0.2,1010.498776,10.186,270,15,37.0,36,0.0,983.8,7.3,279,0,35.0,47,0.0,985.2,4.9,287,15,33.5,52,0.0,985.0,3.8,287,8,,,,0
2026-09-16 08:00:00+00:00,35.0,53.11,0.0,1009.6521785,12.038,276,8,37.8,33,0.0,982.5,8.6,303,27,35.3,46,0.0,984.1,5.4,290,11,33.9,49,0.0,984.2,3.7,299,6,,,,0
2026-09-16 09:00:00+00:00,35.0,53.11,0.0,1008.128303,10.186,274,11,38.2,31,0.0,981.2,10.8,323,32,35.3,45,0.0,983.1,5.3,298,9,34.3,47,0.0,983.3,3.9,304,3,,,,0
2026-09-16 10:00:00+00:00,35.0,51.555,0.0,1007.6203445,12.964,278,18,38.5,29,0.0,980.2,10.9,333,15,35.2,44,0.0,982.4,5.4,307,11,34.5,45,0.0,982.2,3.6,307,0,,,,0
2026-09-16 11:00:00+00:00,35.0,50.0,0.0,1007.112386,10.186,285,21,38.5,27,0.0,979.7,7.1,336,0,34.8,43,0.0,981.8,5.6,320,14,34.6,44,0.0,981.5,3.1,315,0,,,,0
2026-09-16 12:00:00+00:00,35.0,44.34,0.0,1006.0964690000001,11.112,333,18,37.4,29,0.0,980.0,4.1,52,2,34.3,43,0.0,981.4,5.0,330,15,34.5,44,0.0,980.9,2.8,320,0,,,,0
2026-09-16 13:00:00+00:00,34.0,48.265,0.0,1006.0964690000001,7.408,36,5,36.0,35,0.0,980.2,10.7,102,0,33.4,46,0.0,981.6,3.3,354,9,34.3,45,0.0,980.7,2.1,329,3,,,,0
2026-09-16 14:00:00+00:00,32.5,61.065,0.0,1006.0964690000001,10.186,70,2,34.7,41,0.0,980.7,11.3,121,100,32.4,51,0.0,982.0,2.8,50,0,33.8,46,0.0,980.6,1.1,342,9,,,,0
2026-09-16 15:00:00+00:00,32.0,62.78,0.0,1007.112386,6.482,61,4,34.3,42,0.0,981.4,9.4,122,77,31.6,55,0.0,982.3,4.0,90,2,33.3,48,0.0,980.7,0.7,90,16,,,,0
2026-09-16 16:00:00+00:00,31.5,64.61,0.0,1007.6203445,8.334,87,76,34.0,44,0.0,982.1,11.4,162,100,31.1,59,0.0,982.4,4.2,110,25,32.6,51,0.0,980.9,1.9,112,23,,,,0
2026-09-16 17:00:00+00:00,31.0,70.53,0.0,1007.112386,5.556,108,94,33.0,47,0.0,982.3,13.4,186,75,30.7,63,0.0,982.3,4.3,132,58,32.0,54,0.0,981.1,2.6,124,30,,,,0
2026-09-16 18:00:00+00:00,31.0,70.53,0.0,1007.112386,3.704,141,86,32.5,46,0.0,982.0,8.7,173,26,30.4,66,0.0,982.2,5.0,150,83,31.4,56,0.0,981.2,3.1,126,36,,,,0
2026-09-16 19:00:00+00:00,30.5,72.605,0.0,1006.6044275,8.334,146,13,32.3,47,0.2,981.7,7.1,156,0,30.0,68,0.0,981.9,6.4,164,91,30.8,59,0.0,981.3,2.8,130,42,,,,0
2026-09-16 20:00:00+00:00,30.0,74.68,0.0,1006.0964690000001,7.408,137,79,31.8,49,0.0,981.6,7.6,185,6,29.5,70,0.0,981.5,7.6,175,91,30.1,62,0.0,981.3,1.8,127,48,,,,0
2026-09-16 21:00:00+00:00,30.0,74.68,0.0,1006.0964690000001,7.408,166,63,31.3,50,0.0,981.2,8.8,189,45,28.9,73,0.0,981.3,7.2,180,88,29.4,65,0.0,981.4,0.5,135,54,,,,0
2026-09-16 22:00:00+00:00,30.0,74.68,1.6,1006.0964690000001,11.112,86,90,30.6,54,0.2,981.2,8.4,200,100,28.0,78,0.3,981.5,2.2,189,80,28.7,68,0.0,981.4,0.8,297,59,,,,0
2026-09-16 23:00:00+00:00,28.5,70.06,0.2,1006.6044275,20.372,74,18,30.4,55,0.0,980.9,6.6,209,100,27.0,84,0.3,981.9,5.0,360,70,28.2,70,0.0,981.5,2.1,301,64,,,,0
2026-09-17 00:00:00+00:00,26.5,71.88499999999999,0.0,1007.112386,16.668,5,95,30.2,53,0.0,981.4,10.2,309,43,26.4,87,0.3,982.4,9.4,4,65,28.0,72,0.0,981.7,3.1,306,66,,,,0
2026-09-17 01:00:00+00:00,26.0,74.0,0.0,1007.6203445,14.816,49,77,29.1,60,0.0,982.1,11.3,338,6,26.2,85,0.0,983.0,7.6,25,75,28.0,73,0.6,982.1,3.8,311,66,,,,0
2026-09-17 02:00:00+00:00,26.0,74.0,0.0,1008.128303,9.26,66,84,28.9,63,0.0,982.9,9.5,349,100,26.5,81,0.0,983.6,6.6,77,91,28.2,73,0.6,982.7,5.1,315,64,,,,0
2026-09-17 03:00:00+00:00,27.0,74.17,0.0,1008.6362615,9.26,102,77,29.9,60,0.0,983.5,7.6,5,81,27.1,76,0.0,984.1,8.5,102,95,28.6,73,0.6,983.4,5.9,317,61,,,,0
2026-09-17 04:00:00+00:00,28.5,68.0,0.0,1009.14422,7.408,79,5,32.0,52,0.0,983.9,6.0,33,11,28.3,70,0.0,984.7,7.6,87,76,29.0,73,0.6,984.1,6.4,322,58,,,,0
2026-09-17 05:00:00+00:00,30.0,62.34,0.0,1010.498776,9.26,25,5,34.1,45,0.0,984.1,3.6,45,5,30.0,63,0.0,985.2,7.4,51,47,29.4,72,0.6,984.5,7.2,323,55,,,,0
2026-09-17 06:00:00+00:00,30.0,60.49,0.0,1010.160137,21.298000000000002,32,36,34.9,42,0.0,983.8,7.2,3,5,31.4,57,0.0,985.3,8.2,29,24,29.8,71,0.6,984.6,7.4,321,53,,,,0
2026-09-17 07:00:00+00:00,30.5,60.61,0.1,1010.160137,9.26,52,28,36.2,38,0.0,982.7,6.9,43,30,32.2,54,0.0,984.6,6.9,28,14,30.1,69,0.2,984.3,7.1,315,52,,,,0
2026-09-17 08:00:00+00:00,31.5,57.260000000000005,0.0,1009.14422,8.334,28,34,36.7,35,0.0,981.4,11.4,13,12,32.6,53,0.0,983.5,4.1,45,10,30.4,67,0.2,983.8,6.7,306,52,,,,0
2026-09-17 09:00:00+00:00,32.0,59.12,0.0,1007.6203445,9.26,45,13,36.9,34,0.0,980.8,16.2,1,70,32.9,52,0.0,982.6,2.4,63,16,30.7,65,0.2,983.0,6.3,294,53,,,,0
2026-09-17 10:00:00+00:00,32.0,53.99,0.1,1006.6044275,11.112,27,7,36.5,34,0.0,980.0,18.1,354,11,33.1,51,0.1,982.1,1.5,14,36,30.9,62,0.2,982.3,6.2,280,53,,,,0
2026-09-17 11:00:00+00:00,32.5,50.905,0.0,1006.0964690000001,10.186,248,15,35.8,34,0.0,980.0,16.6,347,10,33.0,51,0.1,981.9,3.6,323,65,31.1,61,0.2,981.6,6.1,270,55,,,,0
2026-09-17 12:00:00+00:00,32.0,53.99,0.0,1007.112386,9.26,322,77,34.4,38,0.0,980.5,12.0,351,7,32.7,52,0.1,981.9,5.1,315,87,31.1,60,0.2,981.3,6.5,264,56,,,,0
2026-09-17 13:00:00+00:00,31.0,58.88,0.0,1007.112386,12.964,318,100,33.6,40,0.0,980.6,8.9,339,100,32.0,56,0.0,982.2,4.8,312,97,30.9,61,0.0,981.4,6.5,264,59,,,,0
2026-09-17 14:00:00+00:00,30.5,60.61,0.0,1008.128303,11.112,303,100,33.4,39,0.0,981.4,7.1,315,87,31.1,61,0.0,982.8,3.4,302,100,30.5,62,0.0,981.7,6.8,267,63,,,,0
2026-09-17 15:00:00+00:00,30.0,66.24,0.0,1008.128303,12.038,307,100,33.5,37,0.0,982.4,12.0,277,100,30.2,66,0.0,983.3,3.3,283,100,30.0,64,0.0,982.3,6.8,273,68,,,,0
2026-09-17 16:00:00+00:00,29.0,70.16,0.0,1009.14422,18.52,295,98,32.6,39,0.0,983.2,19.1,269,100,29.3,68,0.0,983.6,5.8,263,94,29.5,67,0.0,982.8,6.9,279,72,,,,0
2026-09-17 17:00:00+00:00,28.0,69.97,0.0,1009.14422,19.446,219,98,31.1,44,0.0,982.9,16.5,281,100,28.3,69,0.0,983.8,9.0,254,83,28.9,69,0.0,983.3,7.1,285,74,,,,0
2026-09-17 18:00:00+00:00,27.0,69.77,0.0,1009.14422,19.446,243,46,30.5,47,0.0,983.2,15.0,281,100,27.5,71,0.0,983.9,11.3,253,68,28.5,71,0.0,983.5,7.3,290,72,,,,0
2026-09-17 19:00:00+00:00,26.0,76.33500000000001,0.0,1009.14422,15.742,269,2,30.0,49,0.0,983.0,12.9,283,100,26.7,74,0.0,983.8,10.3,258,46,28.0,73,0.0,983.6,7.2,297,65,,,,0
2026-09-17 20:00:00+00:00,26.0,78.67,0.0,1009.14422,12.038,269,5,29.4,51,0.0,982.8,12.9,283,100,25.9,78,0.0,983.3,8.3,270,20,27.5,75,0.0,983.4,7.1,300,54,,,,0
2026-09-17 21:00:00+00:00,26.0,78.67,0.0,1008.128303,8.334,270,2,28.9,53,0.0,982.4,10.1,297,78,25.4,80,0.0,983.1,7.3,281,1,27.0,77,0.0,983.2,7.2,307,40,,,,0
2026-09-17 22:00:00+00:00,25.5,81.07,0.0,1008.128303,9.26,265,0,28.8,53,0.0,982.5,9.4,310,100,25.2,80,0.0,983.1,7.9,286,0,26.5,79,0.0,983.1,7.1,315,27,,,,0
2026-09-17 23:00:00+00:00,25.0,83.47,0.0,1008.128303,12.038,265,0,28.5,54,0.0,982.6,10.8,334,89,25.3,79,0.0,983.1,9.0,286,0,26.3,81,0.0,983.0,7.1,319,15,,,,0
2026-09-18 00:00:00+00:00,25.0,83.47,0.0,1008.128303,11.112,279,1,27.8,58,0.0,983.3,11.0,319,0,25.5,78,0.0,983.3,9.7,285,1,26.2,81,0.0,983.0,7.1,319,9,,,,0
2026-09-18 01:00:00+00:00,25.0,83.47,0.0,1009.14422,11.112,285,0,27.6,59,0.0,983.9,10.4,314,0,25.9,78,0.0,983.7,9.6,283,0,26.5,80,0.1,983.3,6.9,317,8,,,,0
2026-09-18 02:00:00+00:00,25.5,81.07,0.0,1009.6521785,12.964,273,0,28.1,57,0.0,984.6,9.7,309,0,26.6,79,0.0,984.3,8.8,279,0,27.0,79,0.1,983.7,6.9,313,12,,,,0
2026-09-18 03:00:00+00:00,27.0,74.17,0.0,1010.160137,14.816,274,0,29.5,52,0.0,985.0,9.7,309,0,27.6,76,0.0,984.7,8.0,280,0,27.7,77,0.1,984.2,6.7,306,19,,,,0
2026-09-18 04:00:00+00:00,28.5,72.25,0.0,1010.498776,15.742,286,0,31.2,46,0.0,985.4,8.9,313,0,29.3,67,0.0,985.3,7.3,290,4,28.4,75,0.1,984.8,6.9,298,25,,,,0
2026-09-18 05:00:00+00:00,30.0,60.49,0.0,1010.8374150000001,13.89,291,9,32.8,40,0.0,985.2,8.9,320,0,31.4,54,0.0,985.7,6.9,309,10,29.1,73,0.1,985.1,7.1,294,30,,,,0
2026-09-18 06:00:00+00:00,31.5,57.260000000000005,1.1,1010.8374150000001,12.038,328,40,34.3,36,0.0,984.6,7.7,319,0,32.7,46,0.0,985.8,6.9,321,13,29.7,70,0.1,985.3,7.0,291,32,,,,0
2026-09-18 07:00:00+00:00,32.5,54.115,1.1,1010.160137,14.816,339,41,35.5,32,0.0,983.6,7.8,326,0,32.8,46,0.5,985.3,7.5,325,12,30.2,67,0.1,985.0,7.0,291,29,,,,0
2026-09-18 08:00:00+00:00,33.0,52.59,0.0,1009.14422,12.038,294,7,36.4,29,0.0,982.6,8.0,333,0,32.1,50,0.5,984.5,8.2,322,8,30.8,63,0.1,984.4,7.1,294,24,,,,0
2026-09-18 09:00:00+00:00,33.0,52.59,0.0,1009.14422,11.112,318,17,36.8,28,0.0,981.5,10.0,347,0,31.4,55,0.5,983.8,7.9,317,6,31.4,59,0.1,983.8,6.9,298,17,,,,0
2026-09-18 10:00:00+00:00,33.0,52.59,0.0,1008.128303,12.038,319,2,36.8,29,0.0,981.0,11.6,355,5,30.9,60,0.0,983.2,6.2,306,6,31.9,55,0.1,983.0,7.1,300,10,,,,0
2026-09-18 11:00:00+00:00,33.0,52.59,0.0,1008.128303,16.668,311,3,36.6,30,0.0,980.9,13.0,355,0,30.3,66,0.0,982.9,4.4,279,7,32.2,52,0.1,982.4,7.0,305,4,,,,0
2026-09-18 12:00:00+00:00,32.0,55.64,0.0,1008.128303,12.038,270,3,35.1,34,0.0,981.7,13.0,341,0,29.7,72,0.0,982.8,3.9,248,7,32.2,51,0.1,982.2,6.6,311,0,,,,0
2026-09-18 13:00:00+00:00,31.5,57.260000000000005,0.0,1008.128303,11.112,259,21,34.2,36,0.0,982.3,10.8,334,0,29.0,78,0.0,983.3,3.3,229,7,31.8,52,0.0,982.2,6.4,317,0,,,,0
2026-09-18 14:00:00+00:00,31.0,60.72,0.0,1009.14422,9.26,270,6,33.6,38,0.0,982.8,10.0,334,0,28.3,85,0.0,983.9,2.1,211,6,31.2,54,0.0,982.7,6.0,327,0,,,,0
2026-09-18 15:00:00+00:00,30.5,68.395,0.0,1009.14422,11.112,225,5,33.1,40,0.0,983.6,11.3,333,0,27.8,89,0.0,984.5,1.1,198,5,30.4,58,0.0,983.1,5.7,342,0,,,,0
2026-09-18 16:00:00+00:00,30.0,68.29499999999999,0.0,1009.6521785,9.26,245,4,32.6,42,0.0,984.2,11.1,331,0,27.7,90,0.0,984.7,0.8,297,4,29.5,62,0.0,983.7,5.4,352,0,,,,0
2026-09-18 17:00:00+00:00,30.0,68.29499999999999,0.0,1010.160137,10.186,270,2,32.1,43,0.0,984.3,9.3,332,0,27.8,88,0.0,984.8,2.6,326,2,28.7,66,0.0,984.2,5.8,4,0,,,,0
2026-09-18 18:00:00+00:00,29.5,72.43,0.0,1010.160137,9.26,339,1,31.6,44,0.0,984.3,7.1,336,0,27.7,87,0.0,984.9,3.9,326,1,28.1,69,0.0,984.6,5.5,11,0,,,,0
2026-09-18 19:00:00+00:00,29.0,74.51,0.0,1010.160137,8.334,352,0,31.1,44,0.0,984.3,4.8,333,0,27.4,87,0.0,984.9,3.6,323,0,27.5,72,0.0,984.7,4.9,17,0,,,,0
2026-09-18 20:00:00+00:00,29.0,74.51,0.0,1010.160137,8.334,347,0,30.7,45,0.0,984.2,3.2,333,5,27.0,87,0.0,984.8,2.3,321,0,27.0,75,0.0,984.8,4.1,15,0,,,,0
2026-09-18 21:00:00+00:00,28.0,78.96,0.0,1010.160137,5.556,284,0,30.4,45,0.0,984.1,2.5,8,0,26.6,88,0.0,984.7,1.8,307,0,26.5,78,0.0,984.8,3.0,14,0,,,,0
2026-09-18 22:00:00+00:00,27.5,81.33,0.0,1010.160137,1.852,250,0,30.1,46,0.0,984.2,2.8,50,0,26.0,89,0.0,984.9,1.8,281,0,26.1,80,0.0,984.9,1.8,11,0,,,,0
2026-09-18 23:00:00+00:00,27.0,83.7,0.0,1010.160137,3.704,245,0,29.7,49,0.0,984.5,4.0,80,0,25.3,91,0.0,985.2,2.5,270,0,26.0,81,0.0,984.9,0.7,360,0,,,,0
2026-09-19 00:00:00+00:00,27.0,83.7,0.0,1010.8374150000001,0.0,243,0,29.3,51,0.0,985.3,4.3,95,0,25.2,90,0.0,985.7,2.9,270,0,26.1,81,0.0,985.1,0.4,360,0,,,,0
2026-09-19 01:00:00+00:00,26.0,88.78,0.0,1011.3453735,10.186,261,0,29.1,53,0.0,986.2,5.1,94,0,25.9,87,0.0,986.3,2.9,277,0,26.7,78,0.0,985.4,0.4,360,0,,,,0
2026-09-19 02:00:00+00:00,26.5,86.24000000000001,0.0,1011.853332,9.26,273,0,29.5,51,0.0,987.0,5.5,122,0,27.1,81,0.0,987.2,3.1,291,0,27.7,74,0.0,985.9,0.5,45,0,,,,0
2026-09-19 03:00:00+00:00,27.5,81.33,0.0,1012.8692490000001,8.334,283,0,30.7,47,0.0,987.5,5.1,135,0,28.4,75,0.0,987.8,3.4,302,0,28.9,69,0.0,986.4,1.1,18,0,,,,0
2026-09-19 04:00:00+00:00,29.5,72.43,0.0,1013.3772075,8.334,319,2,32.4,41,0.0,987.9,3.7,151,0,29.7,67,0.0,988.1,4.1,322,7,30.2,63,0.0,986.9,1.6,27,0,,,,0
2026-09-19 05:00:00+00:00,30.5,68.395,0.0,1013.3772075,9.26,350,18,34.1,36,0.0,987.8,2.8,140,0,31.2,59,0.0,988.3,5.2,335,16,31.3,57,0.0,987.3,2.3,18,0,,,,0
2026-09-19 06:00:00+00:00,31.5,60.84,0.0,1012.8692490000001,9.26,354,10,35.3,33,0.0,987.2,2.6,34,0,32.2,52,0.0,988.1,5.9,346,22,32.1,53,0.0,987.3,2.7,23,0,,,,0
2026-09-19 07:00:00+00:00,32.0,57.379999999999995,0.0,1012.3612905,10.186,10,14,36.0,31,0.0,986.3,5.5,32,0,32.7,48,0.0,987.4,6.2,353,21,32.7,50,0.0,987.1,3.2,27,0,,,,0
2026-09-19 08:00:00+00:00,33.0,51.03,0.0,1011.853332,9.26,20,9,36.5,29,0.0,985.2,7.6,31,0,32.9,46,0.0,986.4,6.1,3,17,33.2,46,0.0,986.5,3.9,22,0,,,,0
2026-09-19 09:00:00+00:00,34.0,46.79,0.0,1010.8374150000001,8.334,13,9,36.8,28,0.0,984.3,10.5,27,0,32.9,46,0.0,985.6,6.2,10,13,33.6,44,0.0,985.8,4.7,23,0,,,,0
2026-09-19 10:00:00+00:00,33.0,47.995000000000005,0.0,1010.160137,10.186,8,31,36.5,29,0.0,983.6,14.7,22,0,32.7,47,0.0,985.2,6.0,17,11,33.8,42,0.0,985.1,5.5,23,0,,,,0
2026-09-19 11:00:00+00:00,33.0,49.47,0.0,1010.160137,10.186,8,27,35.8,30,0.0,983.5,16.9,16,0,32.4,50,0.0,985.1,5.8,22,9,33.9,40,0.0,984.5,5.8,22,0,,,,0
2026-09-19 12:00:00+00:00,32.5,50.905,0.0,1010.160137,8.334,58,5,34.5,33,0.0,984.2,15.6,19,0,31.8,53,0.0,985.2,5.6,27,7,33.8,40,0.0,984.3,6.0,25,0,,,,0
2026-09-19 13:00:00+00:00,31.5,55.61,0.0,1010.160137,6.482,62,5,33.4,36,0.0,984.8,12.8,22,0,31.0,56,0.0,985.6,5.3,28,5,33.4,41,0.0,984.5,5.6,27,0,,,,0
2026-09-19 14:00:00+00:00,31.0,58.88,0.0,1010.8374150000001,6.482,60,3,32.7,38,0.0,985.5,10.9,34,0,30.0,60,0.0,986.3,4.9,36,3,32.8,43,0.0,984.9,5.5,32,0,,,,0
2026-09-19 15:00:00+00:00,30.5,62.56,0.0,1011.3453735,7.408,34,2,32.2,40,0.0,986.2,8.9,50,0,29.2,64,0.0,986.9,4.1,38,2,32.1,47,0.0,985.5,4.9,36,0,,,,0
2026-09-19 16:00:00+00:00,30.0,68.29499999999999,0.0,1012.3612905,8.334,28,2,31.8,41,0.0,986.8,7.3,70,0,28.6,69,0.0,987.2,2.8,40,1,31.2,50,0.0,986.1,4.6,45,0,,,,0
2026-09-19 17:00:00+00:00,29.5,70.255,0.0,1012.8692490000001,5.556,75,2,31.6,42,0.0,986.8,7.6,95,0,28.1,75,0.0,987.5,1.5,45,1,30.4,53,0.0,986.6,4.3,48,0,,,,0
2026-09-19 18:00:00+00:00,29.0,72.33500000000001,0.0,1012.8692490000001,5.556,90,1,31.2,46,0.0,987.0,9.1,99,0,27.7,80,0.0,987.7,0.7,90,1,29.8,56,0.0,987.0,3.9,56,0,,,,0
2026-09-19 19:00:00+00:00,29.0,70.16,0.0,1012.8692490000001,1.852,90,0,30.6,49,0.0,986.9,9.1,97,0,27.1,83,0.0,987.8,1.0,135,4,29.1,59,0.0,987.2,3.7,61,0,,,,0
2026-09-19 20:00:00+00:00,28.0,78.96,0.0,1012.8692490000001,7.408,83,0,30.1,51,0.0,986.7,8.8,99,0,26.5,85,0.0,987.8,1.5,135,7,28.4,61,0.0,987.3,3.4,72,0,,,,0
2026-09-19 21:00:00+00:00,27.5,78.88499999999999,0.0,1012.8692490000001,7.408,96,0,29.5,54,0.0,986.5,8.4,97,0,26.0,86,0.0,987.8,1.8,143,9,27.8,64,0.0,987.4,3.3,77,0,,,,0
2026-09-19 22:00:00+00:00,27.0,78.81,0.0,1012.8692490000001,3.704,150,1,29.1,55,0.0,986.6,8.0,98,0,25.8,87,0.0,987.8,1.8,143,7,27.2,66,0.0,987.3,3.3,84,0,,,,0
2026-09-19 23:00:00+00:00,27.0,78.81,0.0,1012.8692490000001,0.0,236,0,28.8,57,0.0,987.1,7.7,101,0,25.8,88,0.0,987.7,1.3,146,4,26.9,67,0.0,987.4,3.2,90,0,,,,0
2026-09-20 00:00:00+00:00,27.0,78.81,0.0,1012.8692490000001,0.0,63,2,28.6,58,0.0,987.8,7.0,102,0,26.1,88,0.0,987.8,0.5,135,1,27.0,67,0.0,987.5,3.2,90,0,,,,0
2026-09-20 01:00:00+00:00,26.5,81.2,0.0,1013.885166,0.0,54,5,28.5,59,0.0,988.3,5.8,90,0,26.7,86,0.0,988.3,0.7,360,0,27.6,65,0.0,987.8,3.6,90,1,,,,0
2026-09-20 02:00:00+00:00,27.5,78.88499999999999,0.0,1013.885166,0.0,30,1,29.0,57,0.0,988.9,5.2,74,0,27.7,83,0.0,988.9,1.8,360,0,28.7,61,0.0,988.2,4.0,85,1,,,,0
2026-09-20 03:00:00+00:00,28.5,76.735,0.0,1014.901083,4.63,7,0,30.2,53,0.0,989.5,5.0,69,0,28.8,78,0.0,989.5,2.5,360,0,30.0,57,0.0,988.7,4.4,81,2,,,,0
2026-09-20 04:00:00+00:00,30.5,68.395,0.0,1014.901083,3.704,24,13,31.9,45,0.0,989.9,4.6,72,0,30.2,68,0.0,989.9,3.0,14,4,31.4,52,0.0,989.1,4.8,77,3,,,,0
2026-09-20 05:00:00+00:00,31.5,59.1,0.0,1014.901083,9.26,47,17,33.7,36,0.0,989.9,4.3,48,0,31.9,56,0.0,990.1,3.6,37,9,32.6,48,0.0,989.3,5.2,74,4,,,,0
2026-09-20 06:00:00+00:00,32.5,50.905,0.0,1014.901083,8.334,47,20,35.1,30,0.0,989.2,4.6,51,0,33.1,47,0.0,990.1,3.8,49,13,33.4,45,0.0,989.4,5.6,75,4,,,,0
2026-09-20 07:00:00+00:00,33.5,45.405,0.0,1014.3931245,9.26,52,6,36.3,27,0.0,988.4,3.7,61,0,33.7,44,0.0,989.6,3.4,58,15,33.8,43,0.0,989.1,5.9,76,4,,,,0
2026-09-20 08:00:00+00:00,34.0,41.34,0.0,1013.885166,8.334,48,13,37.2,25,0.0,987.3,3.2,63,0,33.9,44,0.0,988.6,2.4,63,15,34.0,42,0.0,988.5,6.3,77,3,,,,0
2026-09-20 09:00:00+00:00,34.0,43.99,0.0,1013.3772075,8.334,49,13,37.5,23,0.0,986.3,3.1,36,0,33.8,45,0.0,987.8,2.2,81,16,34.0,41,0.0,987.8,7.0,78,2,,,,0
2026-09-20 10:00:00+00:00,34.0,45.39,0.0,1012.3612905,7.408,25,28,37.4,23,0.0,985.4,4.3,24,0,33.6,47,0.0,987.2,3.2,90,18,33.9,41,0.0,987.1,7.0,78,1,,,,0
2026-09-20 11:00:00+00:00,33.5,46.655,0.0,1011.853332,8.334,18,26,37.1,23,0.0,985.0,7.8,22,0,33.1,50,0.0,986.7,4.3,90,21,33.7,41,0.0,986.5,7.3,81,1,,,,0
2026-09-20 12:00:00+00:00,33.0,47.995000000000005,1.5,1011.3453735,7.408,28,27,35.7,25,0.0,985.3,11.5,20,0,32.5,53,0.0,986.6,5.0,90,21,33.4,42,0.0,986.2,6.9,84,0,,,,0
2026-09-20 13:00:00+00:00,32.5,52.555,0.0,1011.3453735,7.408,28,30,34.1,30,0.0,985.5,12.2,14,0,31.6,57,0.0,986.9,4.4,81,18,32.9,44,0.0,986.2,6.1,90,0,,,,0
2026-09-20 14:00:00+00:00,31.0,57.135000000000005,0.0,1011.853332,5.556,33,13,33.1,33,0.0,986.2,11.2,21,0,30.6,61,0.0,987.6,3.4,58,12,32.3,47,0.0,986.5,5.1,98,0,,,,0
2026-09-20 15:00:00+00:00,30.5,58.865,0.0,1012.8692490000001,6.482,63,9,32.4,35,0.0,987.1,9.8,36,0,29.7,65,0.0,988.1,3.1,36,8,31.5,51,0.0,986.9,4.0,117,0,,,,0
2026-09-20 16:00:00+00:00,30.0,62.34,0.0,1012.8692490000001,6.482,115,6,31.9,38,0.0,987.5,8.2,49,0,29.3,67,0.0,988.3,3.3,41,6,30.7,55,0.0,987.3,3.3,139,0,,,,0
2026-09-20 17:00:00+00:00,30.0,62.34,0.0,1013.885166,4.63,140,5,31.5,40,0.0,987.6,6.8,58,0,29.1,69,0.0,988.4,3.4,58,6,30.0,58,0.0,987.6,3.4,162,0,,,,0
2026-09-20 18:00:00+00:00,29.0,68.095,0.0,1013.885166,7.408,69,3,31.1,43,0.0,987.4,5.6,75,0,28.8,71,0.0,988.3,3.5,66,5,29.4,61,0.0,987.8,3.6,180,0,,,,0
2026-09-20 19:00:00+00:00,29.0,70.16,0.0,1012.8692490000001,6.482,35,3,31.0,44,0.0,987.2,5.2,102,0,28.1,73,0.0,988.1,3.7,61,4,29.0,63,0.0,987.8,3.7,191,8,,,,0
2026-09-20 20:00:00+00:00,29.0,70.16,0.0,1012.8692490000001,5.556,35,3,30.8,46,0.0,986.7,5.6,117,0,27.3,76,0.0,987.7,3.6,53,2,28.5,65,0.0,987.6,3.3,193,20,,,,0
2026-09-20 21:00:00+00:00,28.0,74.34,0.0,1012.8692490000001,4.63,45,2,30.4,48,0.0,986.3,6.8,122,0,26.7,78,0.0,987.5,3.3,41,1,28.1,67,0.0,987.4,2.7,203,34,,,,0
2026-09-20 22:00:00+00:00,28.0,74.34,0.0,1011.853332,4.63,48,1,30.0,50,0.0,986.0,6.0,123,0,26.4,80,0.0,987.4,2.4,27,0,27.8,68,0.0,987.1,2.1,211,47,,,,0
2026-09-20 23:00:00+00:00,27.5,74.255,0.0,1011.853332,1.852,51,1,29.7,51,0.0,986.0,4.9,126,0,26.3,83,0.0,987.3,1.8,360,0,27.8,69,0.0,986.9,1.3,236,57,,,,0
2026-09-21 00:00:00+00:00,27.0,76.49000000000001,0.0,1011.853332,4.63,304,1,29.5,51,0.0,986.4,3.5,114,0,26.5,83,0.0,987.3,1.6,333,0,28.0,68,0.0,986.8,1.1,270,61,,,,0
2026-09-21 01:00:00+00:00,27.0,78.81,0.0,1012.3612905,4.63,342,0,29.3,51,0.0,986.9,3.5,114,0,27.1,81,0.0,987.5,1.6,333,0,28.6,66,0.0,986.9,1.5,315,57,,,,0
2026-09-21 02:00:00+00:00,27.5,76.575,0.0,1012.8692490000001,6.482,355,0,29.9,49,0.0,987.3,3.1,111,0,28.0,77,0.0,987.9,1.8,360,0,29.5,62,0.0,987.0,2.3,342,48,,,,0
2026-09-21 03:00:00+00:00,29.0,70.16,0.0,1012.8692490000001,10.186,21,0,31.1,44,0.0,987.6,1.5,76,0,29.0,72,0.0,988.1,2.2,360,0,30.6,57,0.0,987.2,3.3,354,36,,,,0
2026-09-21 04:00:00+00:00,30.5,62.56,0.0,1012.8692490000001,8.334,13,0,32.7,39,0.0,987.8,1.3,34,0,30.4,64,0.0,988.2,3.0,346,15,31.8,53,0.0,987.3,4.3,360,22,,,,0
2026-09-21 05:00:00+00:00,31.5,57.260000000000005,0.0,1012.8692490000001,8.334,345,2,34.4,33,0.0,987.5,0.8,27,0,31.8,54,0.0,988.2,4.2,329,35,32.8,48,0.0,987.3,5.1,4,10,,,,0
2026-09-21 06:00:00+00:00,32.5,54.115,0.0,1012.8692490000001,11.112,323,33,35.7,28,0.0,986.7,1.1,342,0,33.0,47,0.0,987.9,5.2,326,48,33.5,45,0.0,987.1,5.8,4,3,,,,0
2026-09-21 07:00:00+00:00,33.0,49.47,0.0,1011.853332,11.112,331,21,36.9,25,0.0,985.6,2.8,320,0,33.6,44,0.0,987.0,5.0,330,47,33.9,43,0.0,986.7,6.1,3,0,,,,0
2026-09-21 08:00:00+00:00,34.0,45.39,0.0,1010.8374150000001,9.26,340,16,37.5,23,0.0,984.4,3.9,326,0,33.8,43,0.0,985.8,4.0,333,39,34.2,40,0.0,985.9,6.1,3,0,,,,0
2026-09-21 09:00:00+00:00,34.0,45.39,0.0,1010.160137,12.964,341,34,37.8,22,0.0,983.3,5.2,335,0,33.8,43,0.0,984.8,3.9,338,33,34.3,39,0.0,985.1,5.8,4,1,,,,0
2026-09-21 10:00:00+00:00,34.0,43.99,0.1,1009.6521785,9.26,347,38,37.7,21,0.0,982.2,8.0,350,0,33.6,45,0.0,984.2,4.6,342,35,34.3,37,0.0,984.3,5.4,4,4,,,,0
2026-09-21 11:00:00+00:00,34.0,45.39,0.0,1009.14422,11.112,343,14,37.2,22,0.0,981.8,12.3,3,0,33.1,48,0.0,983.8,6.0,343,40,34.1,37,0.0,983.6,5.0,360,6,,,,0
2026-09-21 12:00:00+00:00,33.0,49.47,0.0,1009.14422,13.89,345,10,35.7,26,0.0,982.2,14.6,9,0,32.5,51,0.0,983.7,6.7,344,40,33.9,37,0.0,983.2,4.7,360,8,,,,0
2026-09-21 13:00:00+00:00,32.0,55.64,0.0,1009.14422,12.038,355,17,34.2,30,0.0,982.8,13.6,17,0,31.7,55,0.0,984.2,6.2,350,32,33.4,38,0.0,983.1,4.0,360,9,,,,0
2026-09-21 14:00:00+00:00,31.0,58.88,0.0,1009.6521785,10.186,7,19,33.5,32,0.0,983.7,9.0,29,0,30.6,58,0.0,984.9,5.0,360,19,32.8,40,0.0,983.4,3.3,354,10,,,,0
2026-09-21 15:00:00+00:00,30.0,62.34,0.0,1010.160137,7.408,3,7,33.0,33,0.0,984.4,7.0,55,0,29.8,62,0.0,985.4,4.0,10,9,32.0,43,0.0,983.8,2.3,342,12,,,,0
2026-09-21 16:00:00+00:00,30.0,62.34,0.0,1010.8374150000001,7.408,356,5,32.8,33,0.0,984.7,5.3,62,0,29.4,65,0.0,985.5,3.1,21,4,31.1,46,0.0,984.2,1.6,333,13,,,,0
2026-09-21 17:00:00+00:00,29.0,66.03,0.0,1010.8374150000001,3.704,346,3,32.5,34,0.0,984.8,5.2,78,0,29.1,68,0.0,985.6,2.6,34,2,30.4,49,0.0,984.6,1.3,304,14,,,,0
2026-09-21 18:00:00+00:00,28.0,69.97,0.0,1010.160137,4.63,52,1,32.0,35,0.0,984.9,4.7,86,0,28.8,71,0.0,985.5,2.3,51,1,29.7,52,0.0,984.8,1.1,270,16,,,,0
2026-09-21 19:00:00+00:00,27.0,76.49000000000001,0.0,1010.160137,4.63,39,1,31.6,36,0.0,984.6,4.7,94,0,28.3,73,0.0,985.3,2.3,51,0,29.1,55,0.0,984.8,1.1,252,18,,,,0
2026-09-21 20:00:00+00:00,27.0,78.81,0.0,1010.160137,3.704,41,1,31.2,37,0.0,984.3,4.7,94,0,27.6,74,0.0,984.8,2.5,45,0,28.5,59,0.0,984.7,1.0,225,21,,,,0
2026-09-21 21:00:00+00:00,26.0,81.13,0.0,1010.160137,3.704,39,1,30.8,39,0.0,984.0,4.7,90,0,27.1,76,0.0,984.6,2.8,40,0,27.9,63,0.0,984.6,1.1,198,25,,,,0
2026-09-21 22:00:00+00:00,26.0,83.59,0.0,1009.14422,1.852,42,0,30.5,40,0.0,983.8,4.7,94,0,26.5,79,0.0,984.5,2.6,34,2,27.4,66,0.0,984.4,1.4,180,27,,,,0
2026-09-21 23:00:00+00:00,26.0,83.59,0.0,1009.6521785,0.0,53,0,30.2,41,0.0,983.9,4.0,95,0,26.1,83,0.0,984.7,2.3,18,5,27.2,68,0.0,984.3,1.1,180,29,,,,0
2026-09-22 00:00:00+00:00,26.0,83.59,0.0,1010.160137,1.852,18,0,29.9,43,0.0,984.3,3.6,84,0,26.1,84,0.0,985.0,1.8,11,7,27.4,68,0.0,984.3,0.7,180,29,,,,0
2026-09-22 01:00:00+00:00,26.5,81.2,0.0,1010.160137,0.0,315,0,29.7,45,0.0,984.9,3.3,84,0,26.8,80,0.0,985.4,1.5,14,6,28.2,65,0.0,984.5,0.4,270,27,,,,0
2026-09-22 02:00:00+00:00,27.5,78.88499999999999,0.0,1010.8374150000001,1.852,117,0,30.2,44,0.0,985.4,2.9,97,0,28.1,74,0.0,986.0,1.6,27,3,29.4,60,0.0,984.8,1.8,323,23,,,,0
2026-09-22 03:00:00+00:00,29.5,70.375,0.0,1010.8374150000001,5.556,56,0,31.5,41,0.0,985.8,2.3,39,0,29.5,67,0.0,986.4,1.3,34,2,30.9,53,0.0,985.1,3.7,331,18,,,,0
2026-09-22 04:00:00+00:00,30.5,68.395,0.0,1010.8374150000001,3.704,315,2,33.0,36,0.0,985.9,4.0,10,0,31.1,59,0.0,986.6,0.8,333,5,32.4,46,0.0,985.4,5.3,332,12,,,,0
2026-09-22 05:00:00+00:00,32.0,55.730000000000004,0.0,1010.8374150000001,8.334,281,5,34.4,32,0.0,985.7,5.8,4,0,32.9,51,0.0,986.5,2.2,270,11,33.8,39,0.0,985.6,6.9,332,7,,,,0
2026-09-22 06:00:00+00:00,33.0,51.03,0.0,1010.8374150000001,9.26,279,9,35.4,29,0.0,985.2,7.8,13,0,34.3,44,0.0,986.1,3.6,276,14,34.7,35,0.0,985.5,8.0,333,4,,,,0
2026-09-22 07:00:00+00:00,33.5,51.165000000000006,0.0,1010.498776,9.26,296,5,36.3,27,0.0,984.0,10.3,12,0,35.2,40,0.0,985.2,4.3,294,13,35.2,32,0.0,985.0,8.9,333,2,,,,0
2026-09-22 08:00:00+00:00,34.0,46.79,0.0,1009.6521785,11.112,313,11,36.8,25,0.0,982.8,12.7,8,0,35.7,38,0.0,984.1,5.9,317,9,35.5,31,0.0,984.3,9.2,334,1,,,,0
2026-09-22 09:00:00+00:00,35.0,45.665000000000006,0.0,1008.6362615,12.038,324,19,37.1,25,0.0,981.7,14.5,7,0,35.8,37,0.0,983.1,7.3,327,6,35.6,30,0.0,983.4,9.4,337,0,,,,0
2026-09-22 10:00:00+00:00,35.0,47.06,0.0,1008.128303,11.112,328,5,37.0,25,0.0,981.0,15.5,3,0,35.5,39,0.0,982.5,8.5,332,5,35.5,30,0.0,982.5,9.7,338,0,,,,0
2026-09-22 11:00:00+00:00,34.5,48.400000000000006,0.0,1007.112386,17.594,333,9,36.6,26,0.0,980.7,15.1,1,0,34.8,42,0.0,982.0,9.4,337,5,35.3,30,0.0,981.8,9.2,339,0,,,,0
2026-09-22 12:00:00+00:00,34.0,49.74,0.0,1007.112386,13.89,334,4,35.3,30,0.0,981.2,12.0,351,0,34.0,46,0.0,981.8,9.2,339,5,34.9,31,0.0,981.4,8.9,339,0,,,,0
2026-09-22 13:00:00+00:00,33.0,52.59,0.0,1007.112386,12.964,323,2,34.6,31,0.0,981.6,9.2,334,0,33.1,51,0.0,982.0,7.5,343,4,34.3,33,0.0,981.3,7.9,336,0,,,,0
2026-09-22 14:00:00+00:00,31.5,60.84,0.0,1007.112386,9.26,329,1,34.3,31,0.0,982.1,9.2,312,0,32.0,56,0.0,982.6,4.8,347,2,33.4,35,0.0,981.5,6.4,333,0,,,,0
2026-09-22 15:00:00+00:00,31.0,66.44,0.0,1008.128303,9.26,347,1,33.9,32,0.0,982.7,10.5,301,0,31.2,61,0.0,983.1,2.9,353,1,32.4,38,0.0,981.8,5.0,330,0,,,,0
2026-09-22 16:00:00+00:00,30.0,70.35,0.0,1008.128303,6.482,351,1,33.4,32,0.0,983.0,9.8,298,0,30.8,65,0.0,983.2,2.2,351,0,31.3,41,0.0,982.2,3.6,315,0,,,,0
2026-09-22 17:00:00+00:00,30.0,70.35,0.0,1008.6362615,3.704,360,0,33.0,32,0.0,983.1,7.7,298,0,30.6,68,0.0,983.4,2.1,329,0,30.3,45,0.0,982.5,2.4,297,0,,,,0
2026-09-22 18:00:00+00:00,29.0,74.51,0.0,1008.128303,3.704,333,0,32.5,33,0.0,983.0,4.1,308,0,30.2,71,0.0,983.4,2.1,329,0,29.4,48,0.0,982.7,1.8,270,0,,,,0
2026-09-22 19:00:00+00:00,29.0,74.51,0.0,1008.128303,3.704,317,0,32.0,35,0.0,982.7,3.5,336,0,29.5,74,0.0,983.2,2.6,344,0,28.5,52,0.0,982.7,1.5,256,0,,,,0
2026-09-22 20:00:00+00:00,28.5,76.735,0.0,1008.128303,3.704,336,0,31.4,37,0.0,982.5,4.2,340,0,28.7,77,0.0,983.0,3.3,6,0,27.6,57,0.0,982.8,1.3,236,0,,,,0
2026-09-22 21:00:00+00:00,28.0,78.96,0.0,1008.128303,3.704,12,0,30.9,38,0.0,982.1,4.0,333,0,27.9,80,0.0,982.8,3.8,17,0,26.7,61,0.0,982.7,0.8,243,0,,,,0
2026-09-22 22:00:00+00:00,28.0,78.96,0.0,1008.128303,4.63,41,0,30.5,38,0.0,981.9,4.2,340,0,27.3,82,0.0,982.8,3.4,32,0,26.0,65,0.0,982.6,0.5,225,0,,,,0
2026-09-22 23:00:00+00:00,27.0,81.255,0.0,1008.128303,3.704,58,0,30.1,39,0.0,982.1,4.7,360,0,26.8,84,0.0,983.1,2.9,60,0,25.7,68,0.0,982.6,0.0,270,0,,,,0
2026-09-23 00:00:00+00:00,27.0,83.7,0.0,1008.6362615,4.63,80,0,29.5,42,0.0,982.9,5.1,45,0,26.8,83,0.0,983.5,2.9,83,0,25.8,68,0.0,982.7,0.5,45,0,,,,0
2026-09-23 01:00:00+00:00,27.0,83.7,0.0,1009.14422,1.852,94,0,29.1,45,0.0,983.7,6.2,80,0,27.4,78,0.0,984.1,2.9,83,0,26.7,65,0.0,983.0,1.0,45,0,,,,0
2026-09-23 02:00:00+00:00,27.5,81.33,0.0,1009.6521785,3.704,84,0,29.5,45,0.0,984.6,5.9,104,0,28.6,72,0.0,984.9,3.1,69,0,28.2,58,0.0,983.5,1.3,34,0,,,,0
2026-09-23 03:00:00+00:00,29.0,74.51,0.0,1010.160137,5.556,67,0,31.0,41,0.0,985.2,5.4,127,0,29.9,65,0.0,985.4,2.6,56,0,30.1,51,0.0,984.0,1.6,27,0,,,,0
2026-09-23 04:00:00+00:00,30.5,68.395,0.0,1010.160137,3.704,117,0,32.8,36,0.0,985.3,3.6,135,0,31.4,59,0.0,985.5,1.0,45,2,32.0,43,0.0,984.5,1.9,22,0,,,,0
2026-09-23 05:00:00+00:00,31.5,62.78,0.0,1010.160137,10.186,198,0,34.6,31,0.0,985.1,2.9,150,0,33.1,54,0.0,985.4,1.1,252,5,33.7,36,0.0,984.7,2.6,16,0,,,,0
2026-09-23 06:00:00+00:00,32.5,55.855000000000004,0.0,1010.160137,9.26,254,9,36.1,28,0.0,984.5,2.4,153,0,34.5,49,0.0,985.0,2.7,247,9,34.8,31,0.0,984.7,3.0,14,0,,,,0
2026-09-23 07:00:00+00:00,34.0,49.74,0.0,1009.6521785,5.556,274,27,37.4,25,0.0,983.5,0.8,117,0,35.5,43,0.0,984.1,3.4,252,16,35.5,29,0.0,984.3,3.6,6,0,,,,0
2026-09-23 08:00:00+00:00,35.0,44.27,0.0,1008.6362615,7.408,276,41,38.2,23,0.0,982.5,1.4,360,0,36.1,38,0.0,982.8,3.8,253,23,35.8,28,0.0,983.5,4.3,360,0,,,,0
2026-09-23 09:00:00+00:00,35.0,42.945,0.0,1007.6203445,7.408,284,23,38.5,22,0.0,981.5,3.7,349,0,36.4,35,0.0,981.9,3.6,264,26,35.9,28,0.0,982.4,5.4,356,0,,,,0
2026-09-23 10:00:00+00:00,35.0,41.62,0.0,1006.6044275,8.334,307,12,38.4,21,0.0,980.5,6.2,350,0,36.1,35,0.0,981.3,3.1,291,20,35.8,29,0.0,981.6,6.1,357,0,,,,0
2026-09-23 11:00:00+00:00,35.0,41.62,0.0,1006.0964690000001,7.408,338,11,38.1,21,0.0,980.1,10.4,358,0,35.4,37,0.0,981.0,3.4,328,10,35.6,30,0.0,980.8,6.9,354,0,,,,0
2026-09-23 12:00:00+00:00,34.5,44.205,0.0,1006.0964690000001,10.186,351,2,36.7,25,0.0,980.2,12.8,10,0,34.6,40,0.0,981.0,4.0,350,2,35.3,32,0.0,980.3,6.8,357,0,,,,0
2026-09-23 13:00:00+00:00,33.0,52.59,0.0,1006.0964690000001,12.038,14,0,35.4,29,0.0,980.7,9.6,20,0,33.5,43,0.0,981.5,4.4,9,0,34.8,34,0.0,980.4,6.1,3,0,,,,0
2026-09-23 14:00:00+00:00,31.5,60.84,0.0,1007.112386,9.26,49,1,34.9,30,0.0,981.9,4.2,59,0,32.2,47,0.0,982.3,4.7,32,0,34.0,37,0.0,980.8,5.6,15,0,,,,0
2026-09-23 15:00:00+00:00,31.0,62.56,0.0,1007.6203445,8.334,62,0,34.4,32,0.0,982.6,6.8,122,0,31.2,51,0.0,982.9,5.1,51,0,33.1,40,0.0,981.3,4.9,36,0,,,,0
2026-09-23 16:00:00+00:00,30.5,66.455,0.0,1008.128303,8.334,47,0,33.9,34,0.0,983.2,8.7,128,0,30.6,55,0.0,983.2,5.5,67,0,32.1,43,0.0,982.1,5.0,60,0,,,,0
2026-09-23 17:00:00+00:00,30.0,70.35,0.0,1008.128303,8.334,43,0,33.3,37,0.0,983.1,9.9,123,0,30.3,58,0.0,983.6,6.2,80,0,31.2,46,0.0,982.6,5.5,79,0,,,,0
2026-09-23 18:00:00+00:00,29.0,74.51,0.0,1008.128303,5.556,78,0,32.2,41,0.0,983.1,10.5,121,0,29.8,62,0.0,983.6,6.5,90,0,30.4,49,0.0,982.9,6.5,90,0,,,,0
2026-09-23 19:00:00+00:00,29.0,74.51,0.0,1008.128303,7.408,104,0,31.4,44,0.0,982.9,9.4,130,0,28.9,67,0.0,983.5,6.6,99,0,29.7,52,0.0,982.9,7.2,96,0,,,,0
2026-09-23 20:00:00+00:00,29.0,74.51,0.0,1008.128303,5.556,117,0,30.8,46,0.0,982.6,9.6,124,0,27.9,72,0.0,983.2,6.5,109,0,29.0,55,0.0,982.9,7.7,101,0,,,,0
2026-09-23 21:00:00+00:00,28.0,74.34,0.0,1007.112386,9.26,117,0,30.2,48,0.0,982.3,9.0,119,0,27.1,77,0.0,982.9,6.1,118,0,28.3,58,0.0,982.7,8.1,103,0,,,,0
2026-09-23 22:00:00+00:00,28.0,74.34,0.0,1007.112386,10.186,127,0,29.9,49,0.0,982.0,7.3,110,0,26.6,81,0.0,982.8,4.6,129,0,27.8,61,0.0,982.6,8.3,108,0,,,,0
2026-09-23 23:00:00+00:00,27.5,76.575,0.0,1007.6203445,9.26,130,0,29.5,50,0.0,982.0,8.4,110,0,26.4,83,0.0,982.8,3.1,159,0,27.4,63,0.0,982.6,8.8,109,0,,,,0
2026-09-24 00:00:00+00:00,27.0,78.81,0.0,1008.128303,7.408,158,0,29.1,52,0.0,982.8,9.9,100,0,26.4,85,0.0,983.0,2.9,173,0,27.4,64,0.0,982.6,8.9,111,0,,,,0
2026-09-24 01:00:00+00:00,27.0,78.81,0.0,1008.128303,8.334,129,0,28.7,53,0.0,983.3,9.2,101,0,26.7,85,0.0,983.6,4.3,138,9,27.7,64,0.0,982.8,9.5,115,0,,,,0
2026-09-24 02:00:00+00:00,27.0,78.81,0.0,1009.14422,12.038,104,2,29.1,53,0.0,983.9,8.1,103,0,27.2,84,0.0,984.3,7.7,118,21,28.3,64,0.0,983.2,9.7,117,0,,,,0
2026-09-24 03:00:00+00:00,27.5,76.575,0.0,1010.160137,15.742,111,8,30.3,49,0.0,984.4,8.1,111,0,28.0,81,0.0,984.9,10.5,112,28,29.2,63,0.0,983.7,10.0,120,0,,,,0
2026-09-24 04:00:00+00:00,28.5,74.42500000000001,0.0,1010.160137,15.742,118,7,31.8,45,0.0,984.7,10.0,120,0,29.3,73,0.0,985.2,10.3,115,25,30.1,62,0.0,984.1,10.2,122,0,,,,0
2026-09-24 05:00:00+00:00,30.0,68.29499999999999,0.0,1010.160137,14.816,118,12,33.1,41,0.0,984.4,10.6,125,0,30.9,63,0.0,985.2,9.2,121,17,31.0,61,0.0,984.4,10.4,124,0,,,,0
2026-09-24 06:00:00+00:00,31.0,66.44,0.0,1009.6521785,14.816,123,8,34.0,38,0.0,984.0,9.9,123,0,32.2,55,0.0,984.9,8.0,126,11,31.6,59,0.0,984.4,10.4,124,0,,,,0
2026-09-24 07:00:00+00:00,32.0,60.95,0.0,1009.14422,12.038,117,21,35.2,34,0.0,983.1,8.4,121,0,33.1,49,0.0,984.1,6.8,122,9,32.0,57,0.0,983.9,9.7,121,0,,,,0
2026-09-24 08:00:00+00:00,33.0,54.235,0.0,1008.128303,11.112,126,6,36.0,31,0.0,982.0,7.9,114,0,33.7,45,0.0,982.9,5.5,113,7,32.4,54,0.0,983.1,8.7,120,0,,,,0
2026-09-24 09:00:00+00:00,33.5,49.69,0.0,1007.112386,11.112,113,7,36.3,29,0.0,981.2,8.6,112,0,34.0,43,0.0,981.9,4.9,107,7,32.7,51,0.0,982.3,7.8,112,0,,,,0
2026-09-24 10:00:00+00:00,34.0,46.79,0.0,1006.0964690000001,7.408,113,23,36.5,28,0.0,980.1,7.6,98,0,34.0,42,0.0,981.3,5.4,110,7,32.9,49,0.0,981.3,6.7,106,0,,,,0
2026-09-24 11:00:00+00:00,33.5,48.129999999999995,0.0,1006.0964690000001,8.334,98,24,36.3,28,0.0,979.6,8.5,78,0,33.6,43,0.0,980.9,6.1,118,8,32.9,47,0.0,980.6,6.2,97,0,,,,0
2026-09-24 12:00:00+00:00,33.0,47.995000000000005,0.0,1005.5885105,7.408,128,13,35.1,32,0.0,980.0,9.8,73,0,33.0,46,0.0,980.8,7.1,120,8,32.8,46,0.0,980.2,5.8,94,0,,,,0
2026-09-24 13:00:00+00:00,32.5,49.43000000000001,0.0,1006.0964690000001,6.482,122,6,33.9,37,0.0,980.5,10.0,75,0,31.8,52,0.0,981.2,8.4,121,6,32.5,47,0.0,980.3,5.8,97,0,,,,0
2026-09-24 14:00:00+00:00,31.0,62.56,0.0,1006.0964690000001,12.038,125,5,33.0,42,0.0,981.8,13.2,101,0,30.3,59,0.0,982.0,9.5,119,4,32.0,49,0.0,980.7,6.6,99,0,,,,0
2026-09-24 15:00:00+00:00,30.5,64.4,0.0,1007.112386,15.742,128,2,31.1,54,0.0,982.9,15.3,131,0,29.2,65,0.0,982.7,10.5,121,2,31.4,52,0.0,981.2,7.2,108,0,,,,0
2026-09-24 16:00:00+00:00,30.0,70.35,0.0,1007.6203445,16.668,128,1,31.0,54,0.0,983.2,11.3,127,0,28.7,68,0.0,983.2,11.1,126,1,30.7,55,0.0,981.7,8.2,113,0,,,,0
2026-09-24 17:00:00+00:00,29.0,74.51,0.0,1008.128303,16.668,131,1,30.7,54,0.0,983.3,14.0,132,0,28.6,70,0.0,983.4,11.7,133,1,30.1,58,0.0,982.3,8.9,117,0,,,,0
2026-09-24 18:00:00+00:00,28.5,76.735,0.0,1008.128303,16.668,137,1,29.8,56,0.0,982.9,15.0,138,0,28.3,73,0.0,983.6,12.0,136,1,29.5,61,0.0,982.5,9.5,119,0,,,,0
2026-09-24 19:00:00+00:00,28.0,78.96,0.0,1008.128303,17.594,132,1,29.0,60,0.0,982.6,16.4,142,0,27.5,77,0.0,983.5,11.7,135,1,28.9,63,0.0,982.5,9.7,121,0,,,,0
2026-09-24 20:00:00+00:00,27.0,78.81,0.0,1007.112386,16.668,124,2,28.1,64,0.0,982.1,16.9,146,0,26.6,82,0.0,983.2,11.0,128,2,28.2,66,0.0,982.3,9.3,126,0,,,,0
2026-09-24 21:00:00+00:00,26.5,81.2,0.0,1007.6203445,17.594,123,4,27.4,66,0.0,981.7,17.1,150,0,25.9,85,0.0,982.9,10.6,125,2,27.5,68,0.0,982.1,9.0,127,0,,,,0
2026-09-24 22:00:00+00:00,25.5,83.53,0.0,1007.112386,13.89,126,2,26.8,68,0.0,981.4,14.8,154,0,25.5,86,0.0,982.5,10.1,125,2,27.0,70,0.0,981.7,8.4,130,0,,,,0
2026-09-24 23:00:00+00:00,25.0,83.47,0.0,1007.112386,12.038,123,2,26.4,69,0.0,981.5,14.2,159,0,25.3,85,0.0,982.2,9.8,126,1,26.6,71,0.0,981.6,8.2,131,0,,,,0
2026-09-25 00:00:00+00:00,25.0,83.47,0.0,1007.112386,16.668,129,2,26.2,71,0.0,982.0,11.6,158,0,25.3,84,0.0,982.1,10.0,128,2,26.6,71,0.0,981.6,8.2,131,0,,,,0
2026-09-25 01:00:00+00:00,24.0,83.36,0.0,1007.112386,11.112,129,4,26.1,71,0.0,982.8,10.9,153,0,25.5,82,0.0,982.7,10.2,129,4,27.0,69,0.0,981.9,8.4,130,0,,,,0
2026-09-25 02:00:00+00:00,24.5,80.94,0.0,1008.128303,14.816,133,5,26.4,69,0.0,983.6,10.3,151,0,25.8,80,0.0,983.6,11.0,131,7,27.8,66,0.0,982.4,9.1,124,1,,,,0
2026-09-25 03:00:00+00:00,25.5,76.25999999999999,0.0,1009.14422,20.372,132,6,27.5,64,0.0,984.0,10.6,145,0,26.4,76,0.0,984.3,11.7,133,10,28.8,63,0.0,983.0,9.5,119,1,,,,0
2026-09-25 04:00:00+00:00,27.0,74.17,0.0,1009.14422,19.446,136,1,28.7,59,0.0,983.9,11.0,139,0,27.5,70,0.0,984.8,13.2,133,13,29.8,59,0.0,983.5,10.5,117,2,,,,0
2026-09-25 05:00:00+00:00,28.0,69.97,0.0,1009.14422,22.224,136,1,30.2,54,0.0,983.6,10.7,135,0,29.0,62,0.0,985.1,14.8,133,15,30.6,56,0.0,983.9,11.1,115,2,,,,0
2026-09-25 06:00:00+00:00,28.5,68.0,0.0,1010.160137,20.372,134,17,31.6,50,0.0,983.2,9.9,134,18,30.2,56,0.0,985.0,14.8,133,20,31.1,54,0.0,984.0,11.4,114,2,,,,0
2026-09-25 07:00:00+00:00,29.0,66.03,0.0,1009.14422,16.668,134,23,33.0,44,0.0,982.2,10.0,139,12,30.7,53,0.0,984.2,12.2,133,29,31.2,54,0.0,983.7,11.3,117,2,,,,0
2026-09-25 08:00:00+00:00,30.0,62.34,0.0,1008.128303,13.89,131,18,34.0,40,0.0,981.0,9.4,148,20,31.0,52,0.0,983.0,8.7,132,40,31.0,54,0.0,983.0,11.3,121,1,,,,0
2026-09-25 09:00:00+00:00,30.5,60.61,0.0,1007.112386,12.038,126,13,35.0,35,0.0,980.1,6.6,158,0,31.0,52,0.0,982.0,5.9,133,45,30.7,56,0.0,982.3,11.3,127,1,,,,0
2026-09-25 10:00:00+00:00,31.0,58.88,0.0,1006.0964690000001,9.26,141,3,35.5,33,0.0,979.5,2.6,124,10,30.7,54,0.0,981.3,4.8,138,38,30.2,57,0.0,981.5,10.9,134,0,,,,0
2026-09-25 11:00:00+00:00,31.0,58.88,0.0,1006.0964690000001,10.186,131,2,34.8,35,0.0,979.4,5.8,83,36,30.1,59,0.0,980.7,4.4,145,26,29.7,59,0.0,980.8,11.0,139,0,,,,0
2026-09-25 12:00:00+00:00,31.0,58.88,0.0,1005.5885105,8.334,158,13,32.9,44,0.0,980.1,9.2,121,66,29.5,63,0.0,980.5,4.3,156,16,29.3,61,0.0,980.5,10.8,143,0,,,,0
2026-09-25 13:00:00+00:00,29.0,70.16,0.0,1005.080552,15.742,174,10,31.6,50,0.0,980.5,11.7,137,5,28.7,67,0.0,980.7,4.4,171,14,28.8,63,0.0,980.5,10.6,145,0,,,,0
2026-09-25 14:00:00+00:00,28.0,72.155,0.0,1005.5885105,13.89,182,5,30.8,53,0.0,981.4,11.4,145,0,27.8,72,0.0,981.2,5.0,180,14,28.2,65,0.0,980.8,10.7,147,0,,,,0
2026-09-25 15:00:00+00:00,27.5,76.575,0.0,1006.0964690000001,10.186,189,20,30.0,57,0.1,981.9,11.5,148,46,27.0,76,0.0,981.7,5.8,180,14,27.6,68,0.0,981.3,10.2,148,0,,,,0
2026-09-25 16:00:00+00:00,27.0,78.81,0.0,1007.112386,12.038,158,43,28.9,63,0.1,982.3,16.9,140,44,26.3,78,0.0,982.2,7.2,162,9,27.0,71,0.0,981.8,10.2,148,0,,,,0
2026-09-25 17:00:00+00:00,26.5,78.74000000000001,0.0,1007.112386,14.816,149,2,27.0,73,0.1,982.2,17.3,144,31,25.8,80,0.0,982.6,9.6,146,4,26.5,73,0.0,982.1,9.4,148,0,,,,0
2026-09-25 18:00:00+00:00,26.0,83.59,0.0,1007.112386,16.668,136,6,26.4,74,0.0,982.2,15.0,145,18,25.3,81,0.0,982.8,10.9,136,5,26.0,75,0.0,982.3,9.1,146,4,,,,0
2026-09-25 19:00:00+00:00,25.0,78.52,0.0,1007.112386,13.89,138,6,26.0,74,0.0,981.7,12.6,143,10,24.7,82,0.0,982.3,9.4,133,18,25.6,77,0.0,982.1,8.5,144,13,,,,0
2026-09-25 20:00:00+00:00,24.0,78.38,0.0,1006.6044275,12.964,129,5,25.7,74,0.0,981.1,9.5,143,6,24.1,84,0.0,981.6,6.7,126,37,25.2,78,0.0,981.8,7.9,141,27,,,,0
2026-09-25 21:00:00+00:00,24.0,78.38,0.0,1006.0964690000001,13.89,120,48,25.6,73,0.0,980.7,7.8,146,0,23.7,84,0.0,981.0,4.3,114,56,24.8,80,0.0,981.4,7.1,135,43,,,,0
2026-09-25 22:00:00+00:00,23.0,83.24,0.0,1005.080552,10.186,106,66,25.5,73,0.0,980.5,8.6,123,0,23.5,83,0.0,980.8,4.3,95,76,24.6,81,0.0,980.9,6.7,126,57,,,,0
2026-09-25 23:00:00+00:00,23.0,83.24,0.0,1005.080552,6.482,117,42,25.2,73,0.0,980.6,10.1,117,0,23.5,81,0.0,980.7,5.1,86,95,24.5,81,0.0,980.5,6.3,114,69,,,,0
2026-09-26 00:00:00+00:00,23.0,83.24,0.0,1005.080552,8.334,101,100,24.9,74,0.0,980.4,8.1,77,12,23.6,79,0.0,980.8,5.2,78,100,24.7,80,0.0,980.3,6.3,103,74,,,,0
2026-09-26 01:00:00+00:00,23.0,83.24,0.4,1005.5885105,12.038,342,68,24.5,76,0.0,980.8,10.4,90,30,23.8,78,0.1,981.0,3.7,79,78,25.2,78,0.0,980.2,6.8,90,71,,,,0
2026-09-26 02:00:00+00:00,23.5,80.81,0.1,1006.0964690000001,2.778,321,32,25.2,73,0.0,980.7,1.8,323,51,24.2,77,0.1,981.3,1.4,90,43,26.2,74,0.0,980.3,8.0,80,62,,,,0
2026-09-26 03:00:00+00:00,24.5,76.10499999999999,0.0,1006.0964690000001,7.408,99,12,26.3,69,0.0,981.8,12.1,80,0,24.7,75,0.1,981.6,0.7,90,19,27.3,70,0.0,980.5,9.4,72,50,,,,0
2026-09-26 04:00:00+00:00,25.5,73.91499999999999,0.0,1006.0964690000001,7.408,342,2,26.2,69,0.0,982.0,12.4,73,88,25.5,73,0.1,981.7,2.4,63,18,28.3,65,0.0,980.7,10.6,66,37,,,,0
2026-09-26 05:00:00+00:00,26.0,74.0,0.0,1006.0964690000001,9.26,360,11,27.2,65,0.0,981.8,15.8,69,79,26.5,71,0.1,981.7,5.5,58,28,29.1,62,0.0,980.7,11.9,61,27,,,,0
2026-09-26 06:00:00+00:00,27.0,69.77,0.3,1006.0964690000001,10.186,53,50,26.4,68,0.2,981.5,19.1,68,100,27.3,68,0.1,981.4,8.0,54,40,29.5,60,0.0,980.8,12.8,58,21,,,,0
2026-09-26 07:00:00+00:00,27.0,69.77,0.5,1006.0964690000001,14.816,32,26,25.9,62,0.0,981.0,20.3,53,95,28.0,64,0.1,980.5,9.4,43,53,29.2,60,0.0,980.6,13.1,53,21,,,,0
2026-09-26 08:00:00+00:00,27.0,69.77,0.1,1005.080552,16.668,30,38,24.9,56,0.0,980.4,19.4,40,100,28.7,59,0.1,979.1,11.2,33,69,28.6,62,0.0,980.3,13.0,48,24,,,,0
2026-09-26 09:00:00+00:00,27.0,65.6,0.0,1004.064635,15.742,27,59,23.7,59,0.0,979.5,20.1,29,100,28.6,58,0.1,978.3,12.7,25,81,27.6,65,0.0,979.9,12.7,43,30,,,,0
2026-09-26 10:00:00+00:00,28.0,61.88,0.0,1003.5566765,18.52,21,42,23.0,67,0.0,979.1,18.5,27,100,27.3,63,0.2,978.2,13.6,22,87,26.6,68,0.0,979.6,12.3,38,37,,,,0
2026-09-26 11:00:00+00:00,27.5,63.739999999999995,0.0,1003.048718,13.89,32,42,22.9,71,0.0,978.9,18.5,37,100,25.3,72,0.2,978.6,14.2,21,90,25.7,70,0.0,979.3,12.2,34,44,,,,0
2026-09-26 12:00:00+00:00,25.0,73.97999999999999,0.0,1003.5566765,11.112,31,67,23.8,73,0.0,979.1,22.8,52,32,23.8,79,0.2,979.0,14.0,18,93,25.1,72,0.0,979.2,12.1,30,50,,,,0
2026-09-26 13:00:00+00:00,23.0,88.53,0.5,1004.064635,14.816,36,100,23.3,76,0.0,979.2,20.4,64,100,23.2,82,0.7,979.3,13.4,14,96,24.7,72,0.0,979.1,11.9,29,55,,,,0
2026-09-26 14:00:00+00:00,23.0,83.24,0.9,1004.064635,17.594,342,98,23.0,79,0.1,979.9,20.0,51,100,23.0,83,0.7,979.6,12.4,8,98,24.4,72,0.0,979.2,11.6,30,61,,,,0
2026-09-26 15:00:00+00:00,22.5,85.845,0.0,1005.080552,19.446,15,100,22.9,80,0.2,980.2,17.8,43,100,22.9,85,0.7,979.9,11.5,4,100,24.3,71,0.0,979.4,11.5,32,67,,,,0
2026-09-26 16:00:00+00:00,22.0,88.45,0.3,1005.080552,13.89,338,100,22.7,83,0.2,980.5,17.9,50,100,22.6,88,0.6,980.0,11.5,360,100,24.2,71,0.0,979.6,10.9,34,72,,,,0
2026-09-26 17:00:00+00:00,22.0,88.45,0.3,1005.080552,12.964,13,100,22.6,83,0.2,979.9,17.1,25,100,22.3,91,0.6,980.1,11.2,358,100,24.1,70,0.0,979.8,10.6,35,77,,,,0
2026-09-26 18:00:00+00:00,22.0,94.07,1.2,1005.080552,12.964,12,100,22.8,83,1.3,979.7,19.9,48,100,22.1,93,0.6,980.1,10.8,358,100,24.0,70,0.0,979.9,10.3,36,82,,,,0
2026-09-26 19:00:00+00:00,22.0,94.07,0.7,1005.080552,12.038,340,100,22.5,86,0.4,979.4,15.8,30,100,22.2,92,0.3,979.9,9.7,360,100,23.9,71,0.0,979.8,9.8,36,87,,,,0
2026-09-26 20:00:00+00:00,22.0,94.07,0.2,1004.5725935,4.63,338,100,22.9,85,0.2,979.6,15.2,5,100,22.4,89,0.3,979.5,7.9,3,100,23.7,72,0.0,979.7,9.4,32,93,,,,0
2026-09-26 21:00:00+00:00,22.0,94.07,0.0,1004.064635,12.964,360,100,23.1,83,0.0,979.5,12.7,8,100,22.5,87,0.3,979.3,6.1,360,100,23.6,73,0.0,979.6,8.7,30,99,,,,0
2026-09-26 22:00:00+00:00,22.0,94.07,0.0,1004.064635,6.482,323,100,23.1,82,0.4,979.4,5.5,79,100,22.4,89,0.0,979.4,4.2,340,90,23.5,74,0.0,979.5,8.0,27,100,,,,0
2026-09-26 23:00:00+00:00,22.0,94.07,0.0,1004.5725935,4.63,52,100,23.2,80,0.1,979.4,12.0,81,100,22.2,92,0.0,979.7,4.2,301,76,23.6,75,0.0,979.5,7.8,22,100,,,,0
2026-09-27 00:00:00+00:00,22.5,88.655,0.0,1005.080552,6.482,245,45,23.5,81,0.0,979.3,1.5,76,100,22.2,94,0.0,980.2,4.7,279,63,23.8,75,0.0,979.7,7.3,20,100,,,,0
2026-09-27 01:00:00+00:00,22.5,91.3,0.0,1006.0964690000001,12.038,248,33,23.6,80,0.0,980.9,9.0,23,100,22.5,93,0.0,981.1,4.4,279,50,24.3,74,0.0,980.2,7.0,21,89,,,,0
2026-09-27 02:00:00+00:00,22.5,91.3,0.0,1007.112386,11.112,263,4,23.3,81,0.0,982.2,8.1,32,100,23.1,90,0.0,982.1,3.4,302,37,25.0,71,0.0,980.9,6.6,22,72,,,,0
2026-09-27 03:00:00+00:00,23.5,85.945,0.0,1008.128303,6.482,27,49,23.7,79,0.2,983.6,8.5,36,78,24.0,85,0.0,983.1,3.1,339,29,25.9,68,0.0,981.7,6.4,27,52,,,,0
2026-09-27 04:00:00+00:00,25.5,76.25999999999999,0.0,1008.128303,4.63,335,29,24.9,71,0.1,984.1,9.2,39,100,25.3,78,0.0,983.7,4.1,15,29,26.7,65,0.0,982.4,6.3,31,32,,,,0
2026-09-27 05:00:00+00:00,26.0,74.0,0.0,1009.14422,5.556,24,31,26.0,63,0.0,984.3,12.0,49,100,26.9,69,0.0,984.1,6.7,36,33,27.5,63,0.0,983.1,6.5,34,14,,,,0
2026-09-27 06:00:00+00:00,27.5,67.79499999999999,0.0,1009.14422,9.26,44,19,27.6,62,0.0,983.7,13.2,55,100,28.1,63,0.0,984.2,8.7,42,34,28.0,61,0.0,983.4,6.9,39,2,,,,0
2026-09-27 07:00:00+00:00,28.5,62.11,0.2,1008.128303,12.964,52,17,28.5,59,0.0,982.8,14.2,54,49,28.7,60,0.1,983.8,8.9,43,27,28.3,60,0.0,983.3,7.9,43,0,,,,0
2026-09-27 08:00:00+00:00,29.0,58.4,0.0,1008.128303,12.964,47,13,29.0,57,0.0,982.1,15.0,55,32,28.8,60,0.1,983.2,8.4,43,17,28.4,60,0.0,982.9,9.4,43,0,,,,0
2026-09-27 09:00:00+00:00,29.0,58.4,0.0,1007.112386,14.816,38,9,29.6,55,0.0,981.5,14.4,58,20,28.6,61,0.1,982.6,8.4,43,9,28.5,61,0.0,982.5,10.9,46,0,,,,0
2026-09-27 10:00:00+00:00,29.0,58.4,0.0,1007.112386,14.816,42,3,28.8,58,0.0,981.1,18.5,61,57,28.0,64,0.0,982.1,9.9,46,5,28.4,61,0.0,982.0,12.7,47,0,,,,0
2026-09-27 11:00:00+00:00,28.0,65.82,0.0,1006.6044275,17.594,44,0,26.8,67,0.0,981.2,18.9,59,100,27.0,68,0.0,981.9,12.0,49,4,28.3,63,0.0,981.6,14.0,48,0,,,,0
2026-09-27 12:00:00+00:00,27.5,67.79499999999999,0.0,1006.0964690000001,19.446,51,8,26.3,70,0.0,981.5,18.6,49,66,26.1,73,0.0,981.8,12.8,50,3,28.0,64,0.0,981.3,14.5,48,0,,,,0
2026-09-27 13:00:00+00:00,26.0,74.0,0.0,1007.112386,14.816,48,5,25.2,74,0.0,981.8,17.7,57,34,25.1,78,0.0,982.2,11.2,50,3,27.6,66,0.0,981.5,14.5,48,12,,,,0
2026-09-27 14:00:00+00:00,25.0,78.52,0.0,1007.6203445,15.742,51,5,24.7,73,0.0,982.3,16.3,59,30,24.1,83,0.0,982.9,8.4,47,3,27.0,69,0.0,981.8,13.5,48,29,,,,0
2026-09-27 15:00:00+00:00,25.0,78.52,0.0,1008.128303,14.816,58,3,24.6,72,0.0,982.7,13.3,71,0,23.4,87,0.0,983.4,6.1,45,3,26.2,72,0.0,982.4,12.2,47,50,,,,0
2026-09-27 16:00:00+00:00,24.0,83.36,0.0,1009.14422,14.816,72,2,24.5,71,0.0,982.9,12.6,70,0,23.3,90,0.0,983.6,4.6,45,0,25.5,75,0.0,982.8,10.9,46,70,,,,0
2026-09-27 17:00:00+00:00,24.5,80.94,0.0,1009.14422,12.038,68,2,24.4,70,0.0,983.1,10.6,72,0,23.5,92,0.0,983.5,3.6,37,0,24.8,77,0.0,983.2,9.2,45,88,,,,0
2026-09-27 18:00:00+00:00,24.0,83.36,0.0,1008.6362615,12.038,63,2,24.1,71,0.0,982.8,10.7,76,0,23.7,94,0.0,983.4,3.1,36,2,24.3,79,0.0,983.4,8.2,41,100,,,,0
2026-09-27 19:00:00+00:00,24.0,83.36,0.0,1008.128303,10.186,23,88,23.9,72,0.0,982.5,8.4,97,0,23.5,95,0.0,983.1,3.9,34,18,24.0,80,0.0,983.3,7.0,35,100,,,,0
2026-09-27 20:00:00+00:00,23.5,85.945,0.0,1007.6203445,11.112,28,23,23.7,74,0.0,982.0,7.2,84,6,23.2,96,0.0,982.7,5.2,34,41,23.7,81,0.0,983.0,6.3,24,100,,,,0
2026-09-27 21:00:00+00:00,23.5,85.945,0.0,1007.112386,7.408,32,91,23.5,76,0.0,981.4,7.4,76,5,23.0,97,0.0,982.4,6.0,33,62,23.6,81,0.0,982.5,5.5,11,100,,,,0
2026-09-27 22:00:00+00:00,23.0,88.53,0.0,1007.112386,9.26,36,87,23.4,78,0.0,981.4,4.3,90,5,22.9,97,0.0,982.1,5.3,28,80,23.5,81,0.0,982.2,5.4,356,100,,,,0
2026-09-27 23:00:00+00:00,23.0,88.53,0.0,1006.6044275,5.556,40,91,23.5,77,0.0,981.6,2.9,60,29,22.9,97,0.0,981.8,3.8,17,95,23.6,81,0.0,981.9,5.7,342,100,,,,0
2026-09-28 00:00:00+00:00,23.0,88.53,0.0,1007.112386,7.408,6,95,23.5,80,0.0,981.8,6.8,18,50,23.1,96,0.0,981.8,2.5,360,100,23.7,80,0.0,981.9,6.1,332,100,,,,0
2026-09-28 01:00:00+00:00,23.0,88.53,0.1,1007.112386,2.778,17,98,23.3,83,0.0,982.4,9.7,22,60,23.3,94,0.2,982.2,1.0,315,85,24.1,78,0.0,982.2,6.5,326,92,,,,0
2026-09-28 02:00:00+00:00,24.0,83.36,0.0,1008.128303,0.0,270,100,23.6,81,0.0,983.2,10.2,32,58,23.7,92,0.2,983.0,2.0,225,59,24.7,76,0.0,982.7,6.6,319,81,,,,0
2026-09-28 03:00:00+00:00,25.0,78.52,0.1,1009.14422,5.556,241,64,24.5,76,0.0,984.0,8.4,43,50,24.3,88,0.2,983.6,3.6,225,39,25.4,73,0.0,983.5,6.9,313,68,,,,0
2026-09-28 04:00:00+00:00,25.0,78.52,0.1,1010.160137,9.26,272,83,25.5,72,0.0,984.1,7.2,53,75,25.3,80,0.1,984.2,4.9,253,33,26.2,70,0.0,984.2,7.1,311,55,,,,0
2026-09-28 05:00:00+00:00,25.5,78.735,0.1,1010.160137,12.038,304,100,26.2,69,0.1,984.0,7.4,51,100,26.5,71,0.1,984.9,7.6,275,33,26.7,68,0.0,984.9,7.4,309,44,,,,0
2026-09-28 06:00:00+00:00,27.0,71.97,0.0,1010.160137,13.89,290,60,25.8,70,0.1,984.0,8.4,50,100,27.4,64,0.1,985.2,10.1,287,34,27.1,67,0.0,985.2,7.7,311,37,,,,0
2026-09-28 07:00:00+00:00,27.0,69.77,0.1,1010.160137,12.038,284,54,26.4,67,0.0,983.5,8.2,38,83,28.1,60,0.0,984.8,12.0,291,33,27.1,68,0.0,985.3,8.1,315,35,,,,0
2026-09-28 08:00:00+00:00,27.0,74.17,0.1,1009.14422,15.742,291,45,27.8,61,0.0,982.8,9.8,24,82,28.6,59,0.0,983.8,13.4,294,32,27.0,69,0.0,985.1,8.8,325,36,,,,0
2026-09-28 09:00:00+00:00,27.0,74.17,0.2,1009.14422,17.594,309,35,28.5,59,0.0,982.1,10.6,18,57,28.6,60,0.0,983.3,13.2,299,31,26.7,72,0.0,984.9,9.8,332,39,,,,0
2026-09-28 10:00:00+00:00,27.0,74.17,0.4,1009.14422,14.816,333,19,28.8,57,0.0,981.8,10.4,14,35,27.5,66,0.2,983.5,11.5,319,33,26.4,74,0.0,984.5,10.8,339,43,,,,0
2026-09-28 11:00:00+00:00,24.0,88.61,0.1,1009.14422,14.816,353,55,29.0,57,0.0,981.9,10.1,6,20,25.9,75,0.2,984.0,11.0,349,35,26.1,76,0.0,984.3,11.7,342,45,,,,0
2026-09-28 12:00:00+00:00,24.0,88.61,0.2,1009.14422,15.742,13,35,27.0,65,0.0,982.9,9.4,356,6,24.5,82,0.2,984.6,11.6,7,33,25.8,78,0.0,984.3,12.0,344,44,,,,0
2026-09-28 13:00:00+00:00,24.0,83.36,0.0,1009.6521785,11.112,28,2,26.7,67,0.0,983.5,10.9,6,0,23.8,86,0.0,985.1,9.7,4,24,25.6,79,0.0,984.5,11.3,343,39,,,,0
2026-09-28 14:00:00+00:00,23.5,85.945,0.0,1010.498776,12.038,336,1,26.0,71,0.0,984.2,12.9,13,75,23.4,88,0.0,985.7,7.2,342,11,25.4,79,0.0,984.7,10.4,340,31,,,,0
2026-09-28 15:00:00+00:00,23.0,88.53,0.0,1010.8374150000001,3.704,314,1,25.3,73,0.0,985.1,10.5,22,76,23.1,89,0.0,986.1,6.6,315,2,25.2,79,0.0,985.1,8.9,333,22,,,,0
2026-09-28 16:00:00+00:00,23.0,85.88499999999999,0.0,1010.8374150000001,5.556,299,0,25.2,72,0.0,985.6,5.6,40,20,23.0,90,0.0,986.4,7.2,307,0,25.0,79,0.0,985.6,7.5,325,13,,,,0
2026-09-28 17:00:00+00:00,23.0,88.53,0.0,1011.853332,9.26,303,1,25.2,72,0.0,985.8,5.8,4,0,23.1,90,0.0,986.6,7.9,309,0,24.8,80,0.0,985.9,6.4,313,5,,,,0
2026-09-28 18:00:00+00:00,23.0,88.53,0.0,1011.853332,9.26,310,0,25.0,73,0.0,985.7,6.5,326,0,23.1,91,0.0,986.7,8.2,311,0,24.6,80,0.0,986.1,6.0,303,0,,,,0
2026-09-28 19:00:00+00:00,23.0,83.24,0.0,1011.853332,6.482,294,0,25.1,72,0.0,985.3,7.5,325,0,22.8,92,0.0,986.6,8.1,315,0,24.2,81,0.0,986.2,5.6,297,0,,,,0
2026-09-28 20:00:00+00:00,23.0,83.24,0.0,1011.853332,9.26,304,0,25.0,72,0.0,985.1,9.4,317,0,22.4,93,0.0,986.3,7.9,321,0,23.6,83,0.0,986.3,5.2,295,0,,,,0
2026-09-28 21:00:00+00:00,22.0,88.45,0.0,1010.8374150000001,9.26,326,0,24.7,73,0.0,984.7,10.8,339,0,22.1,94,0.0,986.1,7.5,325,0,23.0,85,0.0,986.2,4.7,293,0,,,,0
2026-09-28 22:00:00+00:00,22.0,91.25999999999999,0.0,1010.8374150000001,4.63,322,0,24.3,75,0.0,984.8,11.3,351,0,22.0,95,0.0,986.1,7.2,323,0,22.6,86,0.0,986.2,4.3,294,0,,,,0
2026-09-28 23:00:00+00:00,22.0,94.07,0.0,1010.8374150000001,4.63,325,0,24.0,78,0.0,984.8,9.7,358,0,22.0,95,0.0,986.2,6.6,315,0,22.4,86,0.0,986.2,4.3,294,0,,,,0
2026-09-29 00:00:00+00:00,22.0,94.07,0.0,1011.853332,6.482,318,0,23.9,77,0.0,985.4,9.3,347,0,22.2,94,0.0,986.4,6.4,313,0,22.7,85,0.0,986.3,4.3,294,0,,,,0
2026-09-29 01:00:00+00:00,22.0,94.07,0.0,1011.853332,9.26,304,0,23.8,77,0.0,986.2,8.6,345,0,22.7,92,0.0,987.1,6.4,313,0,23.5,81,0.0,986.5,4.8,297,0,,,,0
2026-09-29 02:00:00+00:00,22.0,94.07,0.0,1012.3612905,9.26,300,0,24.4,73,0.0,986.9,9.4,342,0,23.4,89,0.0,987.9,6.4,317,0,24.9,75,0.0,987.0,5.8,300,0,,,,0
2026-09-29 03:00:00+00:00,24.0,83.36,0.0,1013.3772075,12.038,320,0,25.7,67,0.0,987.8,10.5,338,0,24.4,85,0.0,988.5,6.6,319,0,26.6,68,0.0,987.5,6.5,304,0,,,,0
2026-09-29 04:00:00+00:00,24.5,86.03999999999999,0.0,1013.885166,12.038,329,0,27.5,59,0.0,988.0,10.8,339,0,25.9,78,0.0,988.8,7.4,321,1,28.3,61,0.0,987.9,7.5,305,0,,,,0
2026-09-29 05:00:00+00:00,26.5,76.42,0.0,1013.885166,12.038,329,0,29.5,51,0.0,987.8,11.2,339,0,27.7,69,0.0,988.9,8.7,322,3,29.8,55,0.0,988.1,8.5,306,0,,,,0
2026-09-29 06:00:00+00:00,28.5,63.964999999999996,0.0,1013.885166,17.594,321,4,31.2,43,0.0,987.4,11.7,326,0,29.2,62,0.0,988.8,9.7,321,4,30.8,50,0.0,988.2,8.9,310,0,,,,0
2026-09-29 07:00:00+00:00,29.5,60.375,0.0,1012.8692490000001,16.668,316,2,32.4,38,0.0,986.4,13.5,318,0,30.1,57,0.0,988.0,10.7,320,4,31.4,47,0.0,988.0,9.2,315,0,,,,0
2026-09-29 08:00:00+00:00,30.0,58.64,0.0,1012.3612905,18.52,316,8,33.2,36,0.0,985.3,15.3,315,0,30.7,54,0.0,986.8,11.7,317,4,31.7,45,0.0,987.4,9.4,320,0,,,,0
2026-09-29 09:00:00+00:00,31.0,55.39,0.0,1010.8374150000001,19.446,318,4,33.9,32,0.0,984.4,15.5,318,0,30.9,53,0.0,986.0,12.2,317,4,31.9,43,0.0,986.6,9.6,326,0,,,,0
2026-09-29 10:00:00+00:00,31.0,50.51,0.0,1010.498776,20.372,318,5,34.3,31,0.0,983.7,18.5,327,0,30.7,54,0.0,985.6,12.0,316,4,31.8,42,0.0,985.9,9.5,331,0,,,,0
2026-09-29 11:00:00+00:00,31.0,48.94,0.0,1010.160137,17.594,316,3,34.3,30,0.0,983.4,16.6,333,0,30.1,57,0.0,985.4,11.2,315,4,31.6,42,0.0,985.3,9.5,335,0,,,,0
2026-09-29 12:00:00+00:00,30.5,53.79,0.0,1010.8374150000001,16.668,311,5,33.3,33,0.0,984.0,14.9,340,0,29.4,60,0.0,985.5,10.4,314,4,31.3,43,0.0,985.0,9.2,339,0,,,,0
2026-09-29 13:00:00+00:00,30.0,58.64,0.0,1010.8374150000001,12.964,303,2,32.2,36,0.0,984.3,9.5,9,0,28.5,64,0.0,985.8,9.4,313,3,30.8,45,0.0,985.0,8.4,340,0,,,,0
2026-09-29 14:00:00+00:00,28.5,68.0,0.0,1010.8374150000001,12.038,306,1,31.5,38,0.0,985.0,5.8,22,0,27.5,69,0.0,986.4,8.4,313,2,30.1,48,0.0,985.2,7.3,340,0,,,,0
2026-09-29 15:00:00+00:00,28.0,69.97,0.0,1011.853332,9.26,310,1,31.0,39,0.0,985.8,4.1,15,0,26.7,73,0.0,986.8,7.9,313,1,29.2,52,0.0,985.5,6.0,343,0,,,,0
2026-09-29 16:00:00+00:00,27.0,74.17,0.0,1011.853332,9.26,311,2,30.6,39,0.0,986.0,3.2,360,0,26.2,76,0.0,987.0,7.9,313,0,28.2,56,0.0,985.9,4.7,337,0,,,,0
2026-09-29 17:00:00+00:00,27.0,74.17,0.0,1011.853332,6.482,307,2,30.1,41,0.0,985.8,3.7,349,0,25.9,77,0.0,986.8,8.2,311,0,27.4,60,0.0,986.3,3.5,336,0,,,,0
2026-09-29 18:00:00+00:00,27.0,69.77,0.0,1011.853332,7.408,308,1,29.3,43,0.0,985.7,5.1,4,0,25.5,79,0.0,986.7,8.4,310,0,26.7,63,0.0,986.4,2.6,326,0,,,,0
2026-09-29 19:00:00+00:00,26.5,71.88499999999999,0.0,1011.3453735,9.26,301,0,28.8,44,0.0,985.5,4.3,360,0,25.0,81,0.0,986.4,8.4,310,0,26.1,66,0.0,986.4,2.0,315,0,,,,0
2026-09-29 20:00:00+00:00,25.5,78.735,0.0,1010.8374150000001,9.26,302,0,28.3,45,0.0,985.3,4.7,356,0,24.4,83,0.0,985.9,8.2,308,0,25.4,68,0.0,986.2,1.9,292,0,,,,0
2026-09-29 21:00:00+00:00,24.0,88.61,0.0,1010.8374150000001,9.26,302,0,27.9,46,0.0,985.0,3.9,338,0,24.0,84,0.0,985.7,8.0,306,0,24.9,71,0.0,986.0,2.2,279,0,,,,0
2026-09-29 22:00:00+00:00,24.0,88.61,0.0,1010.8374150000001,8.334,296,0,27.7,47,0.0,984.8,3.8,311,0,23.8,86,0.0,985.7,7.4,299,0,24.5,72,0.0,985.7,2.9,270,0,,,,0
2026-09-29 23:00:00+00:00,23.0,91.32,0.0,1010.8374150000001,8.334,284,0,27.5,47,0.0,985.0,4.6,309,0,23.7,87,0.0,985.7,7.0,291,0,24.4,73,0.0,985.5,3.2,270,0,,,,0
2026-09-30 00:00:00+00:00,23.0,88.53,0.0,1010.8374150000001,9.26,279,0,27.1,47,0.0,985.5,6.6,315,0,24.0,87,0.0,986.0,6.7,286,0,24.7,72,0.0,985.6,4.0,270,0,,,,0
2026-09-30 01:00:00+00:00,23.0,88.53,0.0,1011.3453735,10.186,273,0,26.9,48,0.0,986.0,6.2,306,0,24.5,86,0.0,986.6,6.6,283,0,25.6,69,0.0,985.8,4.7,274,0,,,,0
2026-09-30 02:00:00+00:00,24.5,83.41499999999999,0.0,1012.3612905,11.112,274,0,27.5,46,0.0,987.0,9.7,292,0,25.3,84,0.0,987.4,6.6,283,0,27.1,65,0.0,986.2,5.9,284,0,,,,0
2026-09-30 03:00:00+00:00,25.5,81.07,0.0,1012.8692490000001,13.89,281,0,28.8,43,0.0,987.6,9.5,295,0,26.3,80,0.0,987.9,7.1,285,0,28.8,59,0.0,986.7,7.6,289,0,,,,0
2026-09-30 04:00:00+00:00,27.5,69.995,0.0,1012.8692490000001,14.816,291,0,30.4,40,0.0,988.0,10.8,296,0,28.0,72,0.0,988.3,9.0,293,4,30.6,53,0.0,987.2,9.0,293,0,,,,0
2026-09-30 05:00:00+00:00,29.5,58.519999999999996,0.0,1013.885166,16.668,295,0,32.0,37,0.0,988.0,12.7,299,0,29.9,62,0.0,988.5,11.9,299,9,32.1,48,0.0,987.5,10.1,297,0,,,,0
2026-09-30 06:00:00+00:00,31.0,52.08,0.0,1013.3772075,18.52,300,12,33.2,35,0.0,987.8,14.6,303,0,31.4,53,0.0,988.4,14.1,302,12,33.1,44,0.0,987.6,11.0,302,0,,,,0
2026-09-30 07:00:00+00:00,32.0,49.21,0.0,1012.8692490000001,19.446,306,10,34.3,32,0.0,986.8,16.6,309,0,32.3,47,0.0,987.9,14.8,304,13,33.7,41,0.0,987.3,11.1,306,0,,,,0
2026-09-30 08:00:00+00:00,32.0,47.725,0.0,1011.853332,18.52,307,5,35.0,30,0.0,985.8,17.6,316,0,32.7,43,0.0,987.1,14.5,305,12,33.9,38,0.0,986.9,11.2,312,0,,,,0
2026-09-30 09:00:00+00:00,33.0,43.72,0.0,1011.3453735,18.52,306,8,35.4,27,0.0,984.8,18.7,322,0,32.7,41,0.0,986.4,13.9,307,10,33.9,36,0.0,986.3,11.2,320,0,,,,0
2026-09-30 10:00:00+00:00,33.0,45.120000000000005,0.0,1010.8374150000001,24.076,307,4,35.4,26,0.0,984.3,18.3,324,0,32.2,43,0.0,985.9,13.0,309,7,33.8,35,0.0,985.7,11.2,327,0,,,,0
2026-09-30 11:00:00+00:00,32.0,49.21,0.0,1010.8374150000001,19.446,311,2,35.1,26,0.0,984.1,17.1,325,0,31.3,48,0.0,985.5,11.5,314,4,33.4,35,0.0,985.2,10.9,333,0,,,,0
2026-09-30 12:00:00+00:00,31.0,52.08,0.0,1010.8374150000001,20.372,314,1,33.8,29,0.0,984.6,15.8,336,0,30.3,53,0.0,985.3,10.0,319,1,33.0,35,0.0,984.9,10.6,336,0,,,,0
2026-09-30 13:00:00+00:00,30.0,55.13,0.0,1010.8374150000001,9.26,312,2,32.6,34,0.0,984.8,11.9,3,0,29.3,58,0.0,985.6,8.7,330,0,32.3,37,0.0,984.9,9.7,338,0,,,,0
2026-09-30 14:00:00+00:00,29.5,58.620000000000005,0.0,1010.8374150000001,9.26,335,1,31.2,41,0.0,985.4,10.5,27,0,28.2,63,0.0,986.3,7.8,347,1,31.4,40,0.0,985.1,8.4,340,0,,,,0
2026-09-30 15:00:00+00:00,29.0,62.11,0.0,1011.853332,6.482,358,1,30.4,43,0.0,986.2,8.1,32,0,27.3,68,0.0,986.8,7.2,357,1,30.3,45,0.0,985.4,7.0,339,0,,,,0
2026-09-30 16:00:00+00:00,28.5,63.964999999999996,0.0,1011.853332,6.482,350,1,30.2,43,0.0,986.6,6.4,16,0,26.8,71,0.0,986.8,6.5,354,1,29.2,49,0.0,985.7,5.0,339,0,,,,0
2026-09-30 17:00:00+00:00,28.0,69.97,0.0,1011.853332,3.704,342,2,30.1,42,0.0,986.6,5.0,360,0,26.4,73,0.0,986.8,5.5,337,1,28.1,53,0.0,986.0,3.5,336,0,,,,0
2026-09-30 18:00:00+00:00,28.0,69.97,0.0,1011.853332,3.704,326,1,29.7,42,0.0,986.3,4.7,356,0,26.1,75,0.0,986.7,5.4,318,1,27.3,56,0.0,986.2,2.6,326,0,,,,0
2026-09-30 19:00:00+00:00,27.0,74.17,0.0,1010.8374150000001,3.704,288,0,29.4,42,0.0,986.1,3.1,324,0,25.5,77,0.0,986.5,5.2,304,1,26.5,58,0.0,986.2,2.0,315,0,,,,0
2026-09-30 20:00:00+00:00,26.5,76.42,0.0,1010.8374150000001,6.482,279,0,29.1,42,0.0,985.8,3.7,281,0,24.8,79,0.0,986.4,5.4,290,0,25.6,61,0.0,986.0,1.9,292,0,,,,0
2026-09-30 21:00:00+00:00,25.0,83.47,0.0,1010.8374150000001,10.186,277,0,28.8,42,0.0,985.5,4.0,275,0,24.3,81,0.0,986.2,5.9,281,0,24.9,63,0.0,985.9,2.2,279,0,,,,0
2026-09-30 22:00:00+00:00,24.5,86.03999999999999,0.0,1010.8374150000001,8.334,270,0,28.5,43,0.0,985.5,4.5,299,0,24.1,83,0.0,986.1,6.5,276,0,24.3,64,0.0,985.7,2.5,270,0,,,,0
2026-09-30 23:00:00+00:00,24.0,88.61,0.0,1010.8374150000001,12.964,270,0,28.3,44,0.0,985.8,4.3,294,0,24.0,85,0.0,986.1,6.9,276,0,24.2,64,0.0,985.7,2.9,270,0,,,,0
2026-10-01 00:00:00+00:00,24.0,88.61,0.0,1010.8374150000001,11.112,267,0,27.9,46,0.0,986.3,5.2,295,0,24.3,85,0.0,986.3,7.2,273,0,24.5,63,0.0,985.8,3.6,270,0,,,,0
2026-10-01 01:00:00+00:00,24.0,86.0,0.0,986.9,5.8,256,0,27.7,47,0.0,986.9,5.4,274,0,25.0,84,0.0,987.1,6.8,267,0,25.5,60,0.0,986.2,4.3,275,0,,,,0
2026-10-01 02:00:00+00:00,25.2,84.0,0.0,987.9,6.9,253,0,28.3,46,0.0,987.7,8.0,278,0,26.0,82,0.0,988.1,6.6,261,0,27.3,54,0.0,986.9,5.5,281,0,,,,0
2026-10-01 03:00:00+00:00,26.9,79.0,0.0,989.0,5.5,257,0,29.7,41,0.0,988.3,8.8,279,0,27.3,78,0.0,989.0,6.5,264,0,29.4,47,0.0,987.7,6.8,288,0,,,,0
2026-10-01 04:00:00+00:00,28.9,71.0,0.0,989.5,7.2,264,0,31.5,35,0.0,988.7,10.7,284,0,29.0,70,0.0,989.5,8.0,278,9,31.6,41,0.0,988.4,8.1,291,0,,,,0
2026-10-01 05:00:00+00:00,30.4,64.0,0.0,989.5,8.4,277,0,33.3,28,0.0,988.9,12.7,285,0,31.0,59,0.0,989.8,10.5,292,22,33.5,34,0.0,989.0,9.2,296,0,,,,0
2026-10-01 06:00:00+00:00,32.4,52.0,0.0,989.7,11.9,299,23,34.5,25,0.0,988.8,14.5,297,0,32.5,50,0.0,989.7,12.7,299,29,34.7,30,0.0,989.2,9.8,298,0,,,,0
2026-10-01 07:00:00+00:00,33.0,46.0,0.0,989.1,14.0,311,18,35.4,24,0.0,988.1,15.7,307,0,33.2,43,0.0,989.2,14.1,302,27,35.4,27,0.0,989.0,9.9,303,0,,,,0
2026-10-01 08:00:00+00:00,33.4,37.0,0.0,988.5,14.8,309,32,36.0,22,0.0,987.1,16.8,318,0,33.5,38,0.0,988.4,14.8,304,19,35.7,25,0.0,988.5,10.0,308,0,,,,0
2026-10-01 09:00:00+00:00,33.3,36.0,0.0,987.7,14.0,306,13,36.4,20,0.0,986.3,16.1,326,0,33.4,35,0.0,987.7,14.4,307,13,35.8,24,0.0,987.9,9.7,315,0,,,,0
2026-10-01 10:00:00+00:00,32.9,38.0,0.0,987.4,12.0,313,6,36.5,19,0.0,985.6,15.4,327,0,33.1,36,0.0,987.3,13.0,312,10,35.6,23,0.0,987.2,9.7,321,0,,,,0
2026-10-01 11:00:00+00:00,32.5,41.0,0.0,987.1,9.6,311,4,36.2,19,0.0,985.4,14.8,326,0,32.4,40,0.0,987.0,11.0,319,7,35.3,23,0.0,986.6,9.4,328,0,,,,0
2026-10-01 12:00:00+00:00,31.7,44.0,0.0,987.0,9.2,329,2,35.2,19,0.0,985.9,13.9,329,0,31.6,44,0.0,987.0,9.7,329,5,34.8,23,0.0,986.4,9.0,331,0,,,,0
2026-10-01 13:00:00+00:00,29.8,54.0,0.0,987.4,6.4,335,2,34.3,21,0.0,986.2,7.8,338,0,30.6,48,0.0,987.5,9.6,340,4,34.1,24,0.0,986.4,8.4,335,0,,,,0
2026-10-01 14:00:00+00:00,29.0,58.0,0.0,988.3,6.9,345,2,33.3,25,0.0,986.7,6.1,3,0,29.5,53,0.0,988.2,9.8,352,3,33.1,26,0.0,986.7,7.6,335,0,,,,0
2026-10-01 15:00:00+00:00,28.3,60.0,0.0,988.8,8.1,359,2,32.2,31,0.0,987.5,7.0,12,0,28.6,58,0.0,988.8,9.7,356,2,31.9,28,0.0,987.1,6.8,335,0,,,,0
2026-10-01 16:00:00+00:00,27.5,63.0,0.0,988.9,6.5,357,1,31.6,34,0.0,988.2,4.2,20,0,28.0,62,0.0,989.0,8.4,353,1,30.6,31,0.0,987.6,5.5,337,0,,,,0
2026-10-01 17:00:00+00:00,26.8,66.0,0.0,989.0,6.0,351,0,31.3,34,0.0,988.2,2.4,27,0,27.5,66,0.0,988.9,6.4,344,0,29.5,34,0.0,988.0,4.3,336,0,,,,0
2026-10-01 18:00:00+00:00,26.8,71.0,0.0,988.8,4.4,325,0,30.7,35,0.0,988.2,1.1,162,0,26.9,70,0.0,988.8,5.2,326,0,28.5,36,0.0,988.3,3.7,331,0,,,,0
2026-10-01 19:00:00+00:00,26.0,73.0,0.0,988.6,3.9,292,0,30.4,34,0.0,988.2,5.0,201,0,26.1,74,0.0,988.6,4.7,302,0,27.5,38,0.0,988.4,2.8,320,0,,,,0
2026-10-01 20:00:00+00:00,25.2,77.0,0.0,988.4,4.7,254,0,30.1,32,0.0,987.9,6.4,227,0,25.2,78,0.0,988.4,5.5,281,0,26.4,41,0.0,988.4,2.3,309,0,,,,0
2026-10-01 21:00:00+00:00,24.5,80.0,0.0,988.4,5.1,264,0,29.7,31,0.0,987.6,6.3,257,0,24.6,81,0.0,988.4,6.5,270,0,25.4,44,0.0,988.4,2.2,279,0,,,,0
2026-10-01 22:00:00+00:00,24.1,82.0,0.0,988.5,5.3,262,0,29.2,30,0.0,987.6,6.7,286,0,24.2,83,0.0,988.4,6.8,273,0,24.6,47,0.0,988.3,2.3,252,0,,,,0
2026-10-01 23:00:00+00:00,23.9,82.0,0.0,988.5,5.2,268,0,28.8,29,0.0,987.9,6.6,279,0,24.1,83,0.0,988.4,7.3,279,0,24.2,48,0.0,988.3,3.2,243,0,,,,0
